customer_id,order_id,order_date,customer_name,city,product,category,quantity,price,total_amount,payment_method
C0001,O10001,2026-02-26,Jerome Richardson,Edison,Wall Clock,Home Decor,2,19.99,39.98,Debit Card
C0002,O10002,2026-03-15,Anthony Shaffer,Jersey City,Running Shoes,Fashion,2,59.99,119.98,Cash
C0003,O10003,2025-10-08,Jonathan Ray,Edison,Office Chair,Furniture,1,89.99,89.99,Cash
C0004,O10004,2026-01-15,Joyce Weber,Edison,Notebook Pack,Stationery,4,3.99,15.96,Credit Card
C0005,O10005,2025-11-12,Faith Butler,Iselin,Water Bottle,Sports,3,9.99,29.97,Credit Card
C0006,O10006,2025-12-29,Justin Gibson,Woodbridge,Running Shoes,Fashion,4,59.99,239.96,UPI
C0007,O10007,2026-02-20,Jennifer Flores,Iselin,LED Monitor,Electronics,2,129.99,259.98,Credit Card
C0008,O10008,2025-10-19,Linda Harrington,Newark,Wall Clock,Home Decor,4,19.99,79.96,UPI
C0009,O10009,2026-03-22,Matthew Fields,Edison,Cricket Bat,Sports,3,79.99,239.97,UPI
C0010,O10010,2026-02-08,Benjamin Lewis,Woodbridge,Water Bottle,Sports,5,9.99,49.95,Cash
C0011,O10011,2025-08-28,Sean Walters,Iselin,Wall Clock,Home Decor,2,19.99,39.98,Cash
C0012,O10012,2026-03-19,James Taylor,Edison,Notebook Pack,Stationery,5,3.99,19.95,UPI
C0013,O10013,2026-01-24,Jean Hill,Jersey City,Backpack,Fashion,2,39.99,79.98,Cash
C0014,O10014,2025-09-09,Lydia Stone,Jersey City,Backpack,Fashion,2,39.99,79.98,Cash
C0015,O10015,2025-09-26,Emily Smith,Jersey City,Hair Dryer,Home Appliances,1,29.99,29.99,Cash
C0016,O10016,2025-11-14,Victoria Stark,Woodbridge,Table Lamp,Home Decor,1,14.99,14.99,Cash
C0017,O10017,2025-06-23,Adam Snow,Newark,Wall Clock,Home Decor,2,19.99,39.98,Credit Card
C0018,O10018,2025-09-11,Frank Guzman,Jersey City,Coffee Maker,Home Appliances,5,79.99,399.95,Credit Card
C0019,O10019,2025-12-30,Megan Page,Jersey City,Backpack,Fashion,4,39.99,159.96,Cash
C0020,O10020,2026-01-23,Nicholas Perry,Woodbridge,Desk Organizer,Stationery,2,7.99,15.98,Debit Card
C0021,O10021,2025-10-05,Molly Sloan,Jersey City,Wall Clock,Home Decor,4,19.99,79.96,Credit Card
C0022,O10022,2025-07-05,Dr. Justin Humphrey,Jersey City,Hair Dryer,Home Appliances,3,29.99,89.97,Credit Card
C0023,O10023,2025-10-02,Anthony Reed,Iselin,Keyboard,Electronics,1,24.99,24.99,Debit Card
C0024,O10024,2025-09-06,Donald Scott,Newark,Running Shoes,Fashion,5,59.99,299.95,Debit Card
C0025,O10025,2026-02-11,Donna Barrera,Edison,Smartwatch,Electronics,5,149.99,749.95,Cash
C0026,O10026,2025-07-11,Lorraine Costa,Jersey City,Wireless Earbuds,Electronics,1,49.99,49.99,Debit Card
C0027,O10027,2026-05-16,Madison Butler,Jersey City,Running Shoes,Fashion,2,59.99,119.98,Cash
C0028,O10028,2025-06-24,Troy Scott,Edison,Smartwatch,Electronics,4,149.99,599.96,Credit Card
C0029,O10029,2025-12-21,Katie Hayes,Newark,LED Monitor,Electronics,3,129.99,389.97,Cash
C0030,O10030,2025-07-26,Joy Johnson,Edison,Wireless Mouse,Electronics,5,19.99,99.95,Cash
C0031,O10031,2025-08-24,Megan Haynes,Edison,Running Shoes,Fashion,1,59.99,59.99,Debit Card
C0032,O10032,2025-08-12,Jasmine Walsh,Jersey City,USB Cable,Electronics,1,5.99,5.99,Cash
C0033,O10033,2025-10-22,Julie Houston,Woodbridge,Blender,Home Appliances,2,49.99,99.98,Credit Card
C0034,O10034,2025-10-15,Samantha Gross,Newark,Wireless Mouse,Electronics,2,19.99,39.98,Debit Card
C0035,O10035,2026-01-12,Kathleen Woods,Iselin,Hair Dryer,Home Appliances,3,29.99,89.97,UPI
C0036,O10036,2026-02-07,Joshua Smith,Edison,Water Bottle,Sports,5,9.99,49.95,UPI
C0037,O10037,2025-11-09,Melissa Martin,Edison,LED Monitor,Electronics,5,129.99,649.95,Cash
C0038,O10038,2025-10-28,Katherine Schultz,Edison,Coffee Maker,Home Appliances,3,79.99,239.97,Credit Card
C0039,O10039,2025-11-03,Brittany Arnold,Edison,Office Chair,Furniture,1,89.99,89.99,UPI
C0040,O10040,2026-01-15,Jacob Miller,Edison,Coffee Maker,Home Appliances,3,79.99,239.97,Cash
C0041,O10041,2026-01-26,Patricia Smith,Jersey City,Backpack,Fashion,5,39.99,199.95,Debit Card
C0042,O10042,2025-09-03,Kevin Hart,Jersey City,LED Monitor,Electronics,5,129.99,649.95,Debit Card
C0043,O10043,2025-07-30,Scott Rogers,Jersey City,Keyboard,Electronics,2,24.99,49.98,Debit Card
C0044,O10044,2026-02-07,Emily Little,Jersey City,Running Shoes,Fashion,4,59.99,239.96,Credit Card
C0045,O10045,2025-08-22,Heather James,Newark,Wireless Mouse,Electronics,4,19.99,79.96,Debit Card
C0046,O10046,2026-03-02,Kathleen Walters,Woodbridge,USB Cable,Electronics,4,5.99,23.96,Debit Card
C0047,O10047,2025-10-09,Patrick Nelson,Newark,Blender,Home Appliances,3,49.99,149.97,UPI
C0048,O10048,2025-11-14,Anne Robinson,Newark,USB Cable,Electronics,1,5.99,5.99,UPI
C0049,O10049,2025-08-13,Courtney Medina,Woodbridge,Desk Organizer,Stationery,2,7.99,15.98,Credit Card
C0050,O10050,2026-04-29,Christina Jones,Newark,Desk Organizer,Stationery,3,7.99,23.97,Cash
C0051,O10051,2025-10-26,Regina Meyer,Woodbridge,Smartwatch,Electronics,3,149.99,449.97,Cash
C0052,O10052,2025-12-18,Jessica Hanson,Woodbridge,Office Chair,Furniture,1,89.99,89.99,Cash
C0053,O10053,2025-12-16,Susan Bailey,Jersey City,Running Shoes,Fashion,2,59.99,119.98,Cash
C0054,O10054,2025-07-25,Scott Murphy,Newark,Running Shoes,Fashion,1,59.99,59.99,Debit Card
C0055,O10055,2026-02-09,Christine Austin,Iselin,Water Bottle,Sports,4,9.99,39.96,Credit Card
C0056,O10056,2026-06-07,Tiffany Roberts,Jersey City,Blender,Home Appliances,2,49.99,99.98,Debit Card
C0057,O10057,2025-11-26,Derrick Lawrence,Iselin,Wall Clock,Home Decor,3,19.99,59.97,Credit Card
C0058,O10058,2026-02-12,Janet Simon,Woodbridge,Backpack,Fashion,5,39.99,199.95,Cash
C0059,O10059,2026-04-24,Deanna Bautista,Woodbridge,Keyboard,Electronics,1,24.99,24.99,UPI
C0060,O10060,2025-10-17,Alice Floyd,Woodbridge,Desk Organizer,Stationery,4,7.99,31.96,Debit Card
C0061,O10061,2025-07-15,Greg Powell,Iselin,Wall Clock,Home Decor,2,19.99,39.98,Debit Card
C0062,O10062,2026-02-17,Elizabeth Martinez,Newark,Hair Dryer,Home Appliances,5,29.99,149.95,UPI
C0063,O10063,2025-11-04,Michael Downs,Edison,Blender,Home Appliances,1,49.99,49.99,Credit Card
C0064,O10064,2025-12-18,Karen Wagner,Woodbridge,Perfume,Fashion,4,29.99,119.96,Debit Card
C0065,O10065,2025-08-18,Frederick Wilson,Iselin,Desk Organizer,Stationery,5,7.99,39.95,Cash
C0066,O10066,2026-04-18,Javier Garcia,Iselin,Water Bottle,Sports,5,9.99,49.95,UPI
C0067,O10067,2025-10-14,Kenneth Tucker,Iselin,Perfume,Fashion,2,29.99,59.98,Credit Card
C0068,O10068,2025-10-29,Robert Ochoa,Iselin,USB Cable,Electronics,1,5.99,5.99,Credit Card
C0069,O10069,2026-02-02,Richard Davis,Jersey City,Smartwatch,Electronics,3,149.99,449.97,Debit Card
C0070,O10070,2025-12-17,Ethan Smith,Newark,Perfume,Fashion,2,29.99,59.98,Cash
C0071,O10071,2025-08-25,Spencer Wilson,Jersey City,Cricket Bat,Sports,4,79.99,319.96,Debit Card
C0072,O10072,2026-02-23,Jennifer Fox,Edison,Water Bottle,Sports,1,9.99,9.99,Debit Card
C0073,O10073,2026-03-16,Claire Sims,Edison,Desk Organizer,Stationery,1,7.99,7.99,Cash
C0074,O10074,2025-08-14,Lisa Baker MD,Jersey City,Keyboard,Electronics,1,24.99,24.99,Debit Card
C0075,O10075,2025-07-19,Kevin Campbell,Iselin,Keyboard,Electronics,2,24.99,49.98,Cash
C0076,O10076,2026-01-02,Kyle Glover,Jersey City,Coffee Maker,Home Appliances,1,79.99,79.99,Cash
C0077,O10077,2025-08-04,Matthew Johnson,Newark,Keyboard,Electronics,5,24.99,124.95,Cash
C0078,O10078,2026-02-19,Laura Collins,Jersey City,Running Shoes,Fashion,1,59.99,59.99,Cash
C0079,O10079,2025-12-01,Sarah Johnson,Iselin,Keyboard,Electronics,3,24.99,74.97,Credit Card
C0080,O10080,2026-06-06,Thomas Ferguson,Woodbridge,Blender,Home Appliances,1,49.99,49.99,Credit Card
C0081,O10081,2026-01-30,Michael Gallagher,Jersey City,Cricket Bat,Sports,4,79.99,319.96,Credit Card
C0082,O10082,2026-03-17,Michael Silva,Edison,Wireless Earbuds,Electronics,3,49.99,149.97,Debit Card
C0083,O10083,2025-07-08,Matthew Wiley,Edison,Treadmill,Sports,4,399.99,1599.96,UPI
C0084,O10084,2026-04-20,Faith Whitaker,Newark,Running Shoes,Fashion,4,59.99,239.96,UPI
C0085,O10085,2025-08-31,Michael Adams,Jersey City,Wall Clock,Home Decor,2,19.99,39.98,Cash
C0086,O10086,2025-09-14,Tara Nguyen,Woodbridge,Perfume,Fashion,3,29.99,89.97,UPI
C0087,O10087,2026-03-01,Laura Herrera,Jersey City,Blender,Home Appliances,2,49.99,99.98,Cash
C0088,O10088,2026-05-17,Sarah Farley DVM,Edison,Wireless Mouse,Electronics,1,19.99,19.99,Cash
C0089,O10089,2026-05-03,Andrea Stuart,Iselin,Keyboard,Electronics,4,24.99,99.96,Cash
C0090,O10090,2026-05-16,Roger Bautista,Iselin,Blender,Home Appliances,2,49.99,99.98,Cash
C0091,O10091,2025-07-18,Savannah Smith,Newark,Notebook Pack,Stationery,2,3.99,7.98,Debit Card
C0092,O10092,2025-07-14,Bethany Jacobs,Iselin,USB Cable,Electronics,5,5.99,29.95,UPI
C0093,O10093,2025-08-15,Alan Cooley,Jersey City,Wireless Earbuds,Electronics,2,49.99,99.98,Credit Card
C0094,O10094,2026-04-03,Nathan Johnson,Jersey City,Backpack,Fashion,3,39.99,119.97,UPI
C0095,O10095,2025-08-01,Jeffery Austin,Woodbridge,Running Shoes,Fashion,1,59.99,59.99,Debit Card
C0096,O10096,2025-11-01,Adam Morgan DDS,Edison,Coffee Maker,Home Appliances,1,79.99,79.99,Debit Card
C0097,O10097,2026-02-25,Olivia Cook,Woodbridge,Coffee Maker,Home Appliances,5,79.99,399.95,Credit Card
C0098,O10098,2026-05-13,Jessica Chan,Woodbridge,Wireless Earbuds,Electronics,5,49.99,249.95,Debit Card
C0099,O10099,2025-12-03,James Ellis,Edison,Hair Dryer,Home Appliances,5,29.99,149.95,Debit Card
C0100,O10100,2026-03-20,Andrew Hodges,Newark,Wireless Mouse,Electronics,1,19.99,19.99,Debit Card
C0101,O10101,2026-05-10,Robert Reese,Edison,Perfume,Fashion,2,29.99,59.98,UPI
C0102,O10102,2026-02-08,Robert Bishop,Iselin,Backpack,Fashion,1,39.99,39.99,Cash
C0103,O10103,2026-03-16,Sean Moore,Iselin,Wireless Mouse,Electronics,4,19.99,79.96,Debit Card
C0104,O10104,2026-01-11,Jennifer Valencia,Iselin,LED Monitor,Electronics,5,129.99,649.95,Credit Card
C0105,O10105,2025-06-17,Kelly Beard,Jersey City,Running Shoes,Fashion,3,59.99,179.97,Debit Card
C0106,O10106,2026-01-07,Kathryn Davenport,Edison,Backpack,Fashion,1,39.99,39.99,UPI
C0107,O10107,2026-02-09,Meghan Lloyd,Edison,Keyboard,Electronics,1,24.99,24.99,Credit Card
C0108,O10108,2026-03-28,Matthew Melendez,Jersey City,Hair Dryer,Home Appliances,1,29.99,29.99,Cash
C0109,O10109,2026-02-06,Abigail Gallegos,Newark,Office Chair,Furniture,2,89.99,179.98,Cash
C0110,O10110,2025-12-04,Kara Lopez,Woodbridge,USB Cable,Electronics,1,5.99,5.99,Credit Card
C0111,O10111,2025-08-26,Brianna Lee,Edison,Office Chair,Furniture,4,89.99,359.96,Debit Card
C0112,O10112,2026-04-12,Angela Reese,Newark,USB Cable,Electronics,2,5.99,11.98,Cash
C0113,O10113,2026-03-20,David Trujillo,Iselin,Table Lamp,Home Decor,2,14.99,29.98,UPI
C0114,O10114,2026-04-27,Angela Davies,Newark,Perfume,Fashion,1,29.99,29.99,Debit Card
C0115,O10115,2025-09-30,Gary Summers,Newark,Notebook Pack,Stationery,3,3.99,11.97,Credit Card
C0116,O10116,2026-03-20,Steven Roach,Edison,Cricket Bat,Sports,2,79.99,159.98,Credit Card
C0117,O10117,2025-06-21,Bill Harris,Edison,Water Bottle,Sports,1,9.99,9.99,Cash
C0118,O10118,2025-12-14,Emma Clark,Jersey City,Table Lamp,Home Decor,3,14.99,44.97,UPI
C0119,O10119,2025-08-28,Casey Figueroa,Iselin,Desk Organizer,Stationery,1,7.99,7.99,UPI
C0120,O10120,2025-08-26,Jenna Leon,Newark,Perfume,Fashion,4,29.99,119.96,Cash
C0121,O10121,2025-07-30,Brian Wilkerson,Iselin,Hair Dryer,Home Appliances,1,29.99,29.99,UPI
C0122,O10122,2026-01-06,James Miller,Newark,Water Bottle,Sports,2,9.99,19.98,UPI
C0123,O10123,2026-01-13,Matthew Long,Jersey City,Wall Clock,Home Decor,5,19.99,99.95,Credit Card
C0124,O10124,2025-11-28,Mia Ortiz,Iselin,Treadmill,Sports,4,399.99,1599.96,Cash
C0125,O10125,2025-07-05,Catherine Smith,Woodbridge,Wireless Earbuds,Electronics,2,49.99,99.98,Debit Card
C0126,O10126,2025-12-31,Christina Simon,Edison,Coffee Maker,Home Appliances,2,79.99,159.98,Cash
C0127,O10127,2025-12-17,Carla Griffin,Newark,Backpack,Fashion,2,39.99,79.98,Debit Card
C0128,O10128,2025-07-02,Heather Johnson,Iselin,Running Shoes,Fashion,1,59.99,59.99,UPI
C0129,O10129,2025-11-13,Patrick Johnson,Newark,Running Shoes,Fashion,2,59.99,119.98,Credit Card
C0130,O10130,2025-07-13,Tyler Joseph,Newark,Smartwatch,Electronics,4,149.99,599.96,Cash
C0131,O10131,2026-04-12,Mary Velez,Woodbridge,Treadmill,Sports,4,399.99,1599.96,Cash
C0132,O10132,2025-10-17,Tammy Gordon,Jersey City,Blender,Home Appliances,2,49.99,99.98,UPI
C0133,O10133,2025-07-18,Daniel Kelly,Jersey City,Cricket Bat,Sports,1,79.99,79.99,UPI
C0134,O10134,2025-07-17,Clayton Lopez,Woodbridge,Wireless Mouse,Electronics,5,19.99,99.95,Credit Card
C0135,O10135,2025-08-14,Michael Flowers,Edison,Perfume,Fashion,5,29.99,149.95,Cash
C0136,O10136,2025-07-01,Patrick Aguilar,Edison,Blender,Home Appliances,5,49.99,249.95,Cash
C0137,O10137,2025-09-24,Madeline Duncan,Edison,Perfume,Fashion,3,29.99,89.97,UPI
C0138,O10138,2025-07-08,Richard Davis,Woodbridge,Wireless Mouse,Electronics,1,19.99,19.99,Cash
C0139,O10139,2026-05-28,Kenneth Cooper,Iselin,Treadmill,Sports,1,399.99,399.99,Cash
C0140,O10140,2025-09-20,Lawrence Ross,Edison,Table Lamp,Home Decor,4,14.99,59.96,UPI
C0141,O10141,2025-08-06,Dr. Jeremy Foster,Edison,Running Shoes,Fashion,5,59.99,299.95,Credit Card
C0142,O10142,2025-06-30,Kenneth Stephens,Newark,Blender,Home Appliances,3,49.99,149.97,Debit Card
C0143,O10143,2025-07-02,Dana Mccann,Woodbridge,Office Chair,Furniture,3,89.99,269.97,Credit Card
C0144,O10144,2025-12-17,John Harris,Woodbridge,Desk Organizer,Stationery,5,7.99,39.95,Debit Card
C0145,O10145,2026-04-28,Jonathan Collins,Edison,Wireless Earbuds,Electronics,4,49.99,199.96,UPI
C0146,O10146,2026-04-27,Jeffrey Smith,Woodbridge,Keyboard,Electronics,2,24.99,49.98,Credit Card
C0147,O10147,2026-05-16,Catherine Ray,Jersey City,Desk Organizer,Stationery,4,7.99,31.96,Debit Card
C0148,O10148,2026-05-27,Jose Harris,Iselin,Table Lamp,Home Decor,4,14.99,59.96,Cash
C0149,O10149,2026-02-21,Brooke Boyle,Edison,Backpack,Fashion,5,39.99,199.95,Debit Card
C0150,O10150,2025-06-29,Russell Banks,Iselin,USB Cable,Electronics,4,5.99,23.96,Credit Card
C0151,O10151,2025-12-08,Cassidy Howard,Woodbridge,Blender,Home Appliances,3,49.99,149.97,Cash
C0152,O10152,2025-07-03,Alicia Moore,Jersey City,Cricket Bat,Sports,3,79.99,239.97,Cash
C0153,O10153,2026-01-04,Timothy Hawkins,Newark,LED Monitor,Electronics,2,129.99,259.98,Credit Card
C0154,O10154,2026-01-06,Nicole Watson,Iselin,Wall Clock,Home Decor,3,19.99,59.97,Cash
C0155,O10155,2025-07-18,Lauren Kirby,Edison,Water Bottle,Sports,2,9.99,19.98,Debit Card
C0156,O10156,2026-04-08,James Waller,Iselin,Treadmill,Sports,3,399.99,1199.97,Cash
C0157,O10157,2026-02-01,Gregory Lee,Jersey City,Blender,Home Appliances,2,49.99,99.98,Cash
C0158,O10158,2026-01-23,Marcus Hernandez,Iselin,Notebook Pack,Stationery,1,3.99,3.99,Cash
C0159,O10159,2025-12-14,Kim Chan,Jersey City,Coffee Maker,Home Appliances,2,79.99,159.98,Cash
C0160,O10160,2025-09-11,Monique Taylor,Woodbridge,LED Monitor,Electronics,5,129.99,649.95,Credit Card
C0161,O10161,2025-12-24,Renee Le,Jersey City,LED Monitor,Electronics,5,129.99,649.95,Debit Card
C0162,O10162,2026-03-02,Angela Myers,Woodbridge,Keyboard,Electronics,4,24.99,99.96,Debit Card
C0163,O10163,2025-06-14,Becky Ayala,Newark,Office Chair,Furniture,2,89.99,179.98,Cash
C0164,O10164,2026-01-05,Toni Young,Iselin,Blender,Home Appliances,4,49.99,199.96,UPI
C0165,O10165,2025-12-27,Amanda Stewart,Jersey City,Smartwatch,Electronics,3,149.99,449.97,Credit Card
C0166,O10166,2025-12-18,Suzanne Hernandez,Newark,Smartwatch,Electronics,4,149.99,599.96,UPI
C0167,O10167,2025-08-21,Troy Silva,Iselin,Cricket Bat,Sports,4,79.99,319.96,Cash
C0168,O10168,2025-11-14,Michael Bauer,Jersey City,USB Cable,Electronics,3,5.99,17.97,Debit Card
C0169,O10169,2025-08-09,Shannon Hayden,Woodbridge,Keyboard,Electronics,2,24.99,49.98,Credit Card
C0170,O10170,2025-11-05,Randall Roy,Iselin,Coffee Maker,Home Appliances,1,79.99,79.99,Debit Card
C0171,O10171,2025-12-23,Sara Holmes,Woodbridge,Backpack,Fashion,5,39.99,199.95,Debit Card
C0172,O10172,2025-11-12,Jessica Cline,Edison,Smartwatch,Electronics,3,149.99,449.97,UPI
C0173,O10173,2025-07-05,Derrick Greer,Iselin,Table Lamp,Home Decor,1,14.99,14.99,Cash
C0174,O10174,2025-09-06,John Jones,Iselin,Perfume,Fashion,1,29.99,29.99,Debit Card
C0175,O10175,2026-02-12,Brett Hill,Newark,Cricket Bat,Sports,3,79.99,239.97,UPI
C0176,O10176,2025-06-23,Cindy Herrera,Edison,Smartwatch,Electronics,1,149.99,149.99,Cash
C0177,O10177,2026-02-16,Stephanie Irwin,Woodbridge,Water Bottle,Sports,5,9.99,49.95,Credit Card
C0178,O10178,2026-02-28,Robin Gonzales,Jersey City,Perfume,Fashion,1,29.99,29.99,Debit Card
C0179,O10179,2025-10-05,Amanda Summers,Edison,Smartwatch,Electronics,5,149.99,749.95,Credit Card
C0180,O10180,2025-11-09,Erica Smith,Woodbridge,Hair Dryer,Home Appliances,3,29.99,89.97,Debit Card
C0181,O10181,2026-06-04,Ian Newman,Newark,Hair Dryer,Home Appliances,3,29.99,89.97,Cash
C0182,O10182,2026-05-07,Kara Walsh,Newark,Notebook Pack,Stationery,3,3.99,11.97,Debit Card
C0183,O10183,2026-01-11,Corey Guzman,Edison,Table Lamp,Home Decor,4,14.99,59.96,UPI
C0184,O10184,2026-03-17,Cory Wilson,Newark,Office Chair,Furniture,5,89.99,449.95,Debit Card
C0185,O10185,2025-12-21,Robert Solomon,Edison,Wall Clock,Home Decor,1,19.99,19.99,Cash
C0186,O10186,2026-05-13,Christine Turner,Edison,Keyboard,Electronics,2,24.99,49.98,Debit Card
C0187,O10187,2025-08-14,Robert Campbell,Woodbridge,Office Chair,Furniture,2,89.99,179.98,Credit Card
C0188,O10188,2026-01-29,Karen Myers,Newark,Coffee Maker,Home Appliances,4,79.99,319.96,Credit Card
C0189,O10189,2026-06-10,Norman Kramer,Newark,Wireless Earbuds,Electronics,5,49.99,249.95,UPI
C0190,O10190,2026-02-13,Tiffany Smith,Woodbridge,Hair Dryer,Home Appliances,5,29.99,149.95,Debit Card
C0191,O10191,2026-05-21,Leah Brown,Jersey City,Backpack,Fashion,4,39.99,159.96,Credit Card
C0192,O10192,2025-09-23,Randall Miller,Jersey City,Hair Dryer,Home Appliances,3,29.99,89.97,Credit Card
C0193,O10193,2025-11-09,Ricardo Graham,Newark,Treadmill,Sports,2,399.99,799.98,UPI
C0194,O10194,2025-09-30,Jordan Bond,Jersey City,Wireless Mouse,Electronics,4,19.99,79.96,Debit Card
C0195,O10195,2025-10-26,Latoya Smith,Iselin,LED Monitor,Electronics,4,129.99,519.96,Cash
C0196,O10196,2025-11-30,Stephanie Fisher,Newark,Notebook Pack,Stationery,2,3.99,7.98,Cash
C0197,O10197,2026-04-18,Amy Hernandez,Jersey City,Hair Dryer,Home Appliances,4,29.99,119.96,UPI
C0198,O10198,2025-09-26,Amanda White,Jersey City,Blender,Home Appliances,3,49.99,149.97,Debit Card
C0199,O10199,2025-11-23,Danielle Moore,Woodbridge,Wireless Mouse,Electronics,4,19.99,79.96,Credit Card
C0200,O10200,2025-12-26,Ashley Murphy DVM,Woodbridge,Smartwatch,Electronics,3,149.99,449.97,Debit Card
C0201,O10201,2025-11-17,Michael Yang,Jersey City,Notebook Pack,Stationery,5,3.99,19.95,UPI
C0202,O10202,2025-07-16,Robert White,Edison,Smartwatch,Electronics,3,149.99,449.97,Debit Card
C0203,O10203,2025-12-04,Samuel Barton,Newark,LED Monitor,Electronics,3,129.99,389.97,Credit Card
C0204,O10204,2025-11-17,Cathy Brown,Newark,Hair Dryer,Home Appliances,4,29.99,119.96,UPI
C0205,O10205,2025-11-27,Brian Rodriguez,Newark,Wireless Earbuds,Electronics,5,49.99,249.95,Credit Card
C0206,O10206,2025-08-23,Samantha Olson,Iselin,Table Lamp,Home Decor,3,14.99,44.97,UPI
C0207,O10207,2026-03-25,Ashley Ward,Iselin,Table Lamp,Home Decor,4,14.99,59.96,Credit Card
C0208,O10208,2025-12-22,Frank Dominguez,Iselin,Hair Dryer,Home Appliances,2,29.99,59.98,Debit Card
C0209,O10209,2025-07-21,Nicholas Peterson,Iselin,Wireless Earbuds,Electronics,4,49.99,199.96,Credit Card
C0210,O10210,2026-06-01,Amber Powers,Edison,Table Lamp,Home Decor,2,14.99,29.98,Credit Card
C0211,O10211,2026-02-02,Kristy Zavala MD,Jersey City,Smartwatch,Electronics,2,149.99,299.98,UPI
C0212,O10212,2026-04-19,Aaron Wright,Iselin,Running Shoes,Fashion,5,59.99,299.95,Debit Card
C0213,O10213,2025-11-30,Robert Walter,Jersey City,USB Cable,Electronics,4,5.99,23.96,Debit Card
C0214,O10214,2026-06-02,Douglas Strong,Woodbridge,LED Monitor,Electronics,1,129.99,129.99,Credit Card
C0215,O10215,2026-01-09,Ashley Velez,Iselin,Wireless Earbuds,Electronics,2,49.99,99.98,Debit Card
C0216,O10216,2025-07-17,Paul Burch,Newark,Treadmill,Sports,5,399.99,1999.95,Debit Card
C0217,O10217,2025-10-04,Amy Adams,Newark,Smartwatch,Electronics,4,149.99,599.96,UPI
C0218,O10218,2025-10-19,Darren Bautista,Woodbridge,Office Chair,Furniture,1,89.99,89.99,Cash
C0219,O10219,2026-03-29,Kenneth Macias,Iselin,Perfume,Fashion,3,29.99,89.97,Cash
C0220,O10220,2026-04-25,Logan Smith DDS,Jersey City,Backpack,Fashion,1,39.99,39.99,Cash
C0221,O10221,2026-02-28,Jimmy Byrd,Iselin,Cricket Bat,Sports,5,79.99,399.95,UPI
C0222,O10222,2025-12-05,Claire Martinez,Woodbridge,Cricket Bat,Sports,4,79.99,319.96,Cash
C0223,O10223,2026-04-27,Kristy Williams,Jersey City,Desk Organizer,Stationery,2,7.99,15.98,UPI
C0224,O10224,2025-10-02,Daniel Logan,Jersey City,Smartwatch,Electronics,5,149.99,749.95,UPI
C0225,O10225,2026-03-17,Jason Hall,Iselin,Perfume,Fashion,4,29.99,119.96,UPI
C0226,O10226,2025-10-17,Brian Franklin,Iselin,USB Cable,Electronics,4,5.99,23.96,Credit Card
C0227,O10227,2025-12-22,Amy Nguyen,Edison,USB Cable,Electronics,4,5.99,23.96,Credit Card
C0228,O10228,2025-09-29,Dr. Morgan Stokes,Woodbridge,Hair Dryer,Home Appliances,4,29.99,119.96,Credit Card
C0229,O10229,2026-02-24,Alexandria Hale,Iselin,Cricket Bat,Sports,5,79.99,399.95,UPI
C0230,O10230,2026-01-03,Ryan Wallace,Newark,Hair Dryer,Home Appliances,4,29.99,119.96,Debit Card
C0231,O10231,2025-09-10,Brett Jones,Woodbridge,Treadmill,Sports,4,399.99,1599.96,Debit Card
C0232,O10232,2026-04-08,Clarence Stark,Edison,LED Monitor,Electronics,5,129.99,649.95,UPI
C0233,O10233,2025-10-06,Megan Briggs,Jersey City,Wireless Earbuds,Electronics,4,49.99,199.96,Cash
C0234,O10234,2025-10-26,Amy Phelps MD,Edison,USB Cable,Electronics,2,5.99,11.98,Cash
C0235,O10235,2025-08-02,Caroline Jackson,Edison,Hair Dryer,Home Appliances,1,29.99,29.99,Debit Card
C0236,O10236,2025-09-02,James Schwartz,Edison,Perfume,Fashion,4,29.99,119.96,UPI
C0237,O10237,2026-04-08,Julia Howard,Iselin,Treadmill,Sports,1,399.99,399.99,UPI
C0238,O10238,2025-11-14,Lisa Hernandez,Woodbridge,Desk Organizer,Stationery,4,7.99,31.96,Cash
C0239,O10239,2025-07-26,James Watson,Edison,Running Shoes,Fashion,3,59.99,179.97,Debit Card
C0240,O10240,2025-10-08,Miguel Villanueva,Woodbridge,Table Lamp,Home Decor,1,14.99,14.99,Credit Card
C0241,O10241,2025-10-13,Jenna Perry,Iselin,Hair Dryer,Home Appliances,4,29.99,119.96,UPI
C0242,O10242,2025-11-26,Kenneth Hanson,Edison,Office Chair,Furniture,5,89.99,449.95,Credit Card
C0243,O10243,2025-10-18,Lindsay Callahan,Edison,Table Lamp,Home Decor,1,14.99,14.99,Debit Card
C0244,O10244,2026-04-12,Jack Schultz,Jersey City,Water Bottle,Sports,4,9.99,39.96,Cash
C0245,O10245,2025-10-03,Martin Cortez,Iselin,Office Chair,Furniture,5,89.99,449.95,Debit Card
C0246,O10246,2026-06-02,Sean Bell,Jersey City,Water Bottle,Sports,2,9.99,19.98,Cash
C0247,O10247,2026-04-08,Jonathan Alexander,Iselin,Table Lamp,Home Decor,4,14.99,59.96,Cash
C0248,O10248,2025-07-11,Jimmy Jones,Newark,Running Shoes,Fashion,3,59.99,179.97,Debit Card
C0249,O10249,2025-08-27,Tiffany Rojas,Edison,Wall Clock,Home Decor,2,19.99,39.98,Debit Card
C0250,O10250,2026-03-25,Dawn Scott,Iselin,Office Chair,Furniture,3,89.99,269.97,UPI
C0251,O10251,2025-12-11,Tracey Davis,Jersey City,USB Cable,Electronics,1,5.99,5.99,UPI
C0252,O10252,2026-06-02,Summer Velazquez,Iselin,Cricket Bat,Sports,4,79.99,319.96,Cash
C0253,O10253,2025-06-26,Amanda Smith,Woodbridge,USB Cable,Electronics,2,5.99,11.98,Cash
C0254,O10254,2025-12-14,Kelly Bailey,Newark,Notebook Pack,Stationery,3,3.99,11.97,Cash
C0255,O10255,2025-12-01,Mr. Keith Ellis,Iselin,Cricket Bat,Sports,1,79.99,79.99,Debit Card
C0256,O10256,2025-09-13,Amy Jackson,Edison,Cricket Bat,Sports,3,79.99,239.97,Credit Card
C0257,O10257,2026-03-09,Ashley Stein,Newark,Wireless Mouse,Electronics,3,19.99,59.97,Debit Card
C0258,O10258,2025-09-08,Diane Spencer,Iselin,Backpack,Fashion,1,39.99,39.99,UPI
C0259,O10259,2026-06-03,Christina Fleming,Woodbridge,Blender,Home Appliances,4,49.99,199.96,Debit Card
C0260,O10260,2026-04-29,Christopher Pearson,Iselin,Wireless Mouse,Electronics,4,19.99,79.96,Cash
C0261,O10261,2025-12-21,Brendan Mayer,Iselin,Desk Organizer,Stationery,3,7.99,23.97,Cash
C0262,O10262,2025-11-11,Glenn Martin,Woodbridge,Running Shoes,Fashion,2,59.99,119.98,Debit Card
C0263,O10263,2026-03-09,Christina Weber,Iselin,Coffee Maker,Home Appliances,4,79.99,319.96,Cash
C0264,O10264,2026-01-30,Nicholas Esparza,Iselin,Running Shoes,Fashion,1,59.99,59.99,UPI
C0265,O10265,2026-03-01,Scott Turner,Newark,Blender,Home Appliances,1,49.99,49.99,Cash
C0266,O10266,2026-04-04,Kaitlyn Riley,Newark,Hair Dryer,Home Appliances,3,29.99,89.97,Debit Card
C0267,O10267,2026-02-04,Frank Miller,Iselin,Blender,Home Appliances,3,49.99,149.97,Credit Card
C0268,O10268,2026-03-21,Rachel Davis,Iselin,Backpack,Fashion,1,39.99,39.99,UPI
C0269,O10269,2025-12-05,Deanna Adams,Woodbridge,Wireless Earbuds,Electronics,1,49.99,49.99,Cash
C0270,O10270,2025-11-03,Karen Barber,Woodbridge,Perfume,Fashion,3,29.99,89.97,Credit Card
C0271,O10271,2026-04-24,Matthew Rodriguez,Woodbridge,Perfume,Fashion,2,29.99,59.98,UPI
C0272,O10272,2025-12-28,Kristin Tucker,Jersey City,LED Monitor,Electronics,3,129.99,389.97,Debit Card
C0273,O10273,2025-10-20,Michael Taylor,Edison,Cricket Bat,Sports,3,79.99,239.97,UPI
C0274,O10274,2025-10-16,Michael Olson,Jersey City,Backpack,Fashion,2,39.99,79.98,Credit Card
C0275,O10275,2026-01-18,John Tran,Newark,Wireless Earbuds,Electronics,5,49.99,249.95,Credit Card
C0276,O10276,2025-07-26,Jonathan Parker,Jersey City,Wireless Mouse,Electronics,4,19.99,79.96,Cash
C0277,O10277,2026-01-28,Renee Romero,Newark,Wireless Mouse,Electronics,2,19.99,39.98,Credit Card
C0278,O10278,2026-04-20,Sharon Obrien,Jersey City,Treadmill,Sports,5,399.99,1999.95,Cash
C0279,O10279,2025-08-09,Patrick Combs,Edison,Office Chair,Furniture,5,89.99,449.95,Cash
C0280,O10280,2025-10-08,Valerie Vega,Newark,Keyboard,Electronics,4,24.99,99.96,Credit Card
C0281,O10281,2026-02-22,Mark Simmons,Edison,Wall Clock,Home Decor,2,19.99,39.98,UPI
C0282,O10282,2025-08-19,Karen Burton,Iselin,Keyboard,Electronics,4,24.99,99.96,Cash
C0283,O10283,2025-12-11,Andrew Martin,Jersey City,Blender,Home Appliances,4,49.99,199.96,UPI
C0284,O10284,2025-07-25,David Cole,Iselin,Running Shoes,Fashion,3,59.99,179.97,Debit Card
C0285,O10285,2025-12-21,Mercedes Davis,Woodbridge,Hair Dryer,Home Appliances,1,29.99,29.99,Debit Card
C0286,O10286,2025-08-08,Brenda Nguyen,Jersey City,LED Monitor,Electronics,2,129.99,259.98,Credit Card
C0287,O10287,2026-05-08,Mary Rodriguez,Jersey City,Water Bottle,Sports,2,9.99,19.98,UPI
C0288,O10288,2025-11-29,Michael Cooper,Iselin,Desk Organizer,Stationery,4,7.99,31.96,UPI
C0289,O10289,2026-04-29,Richard Rodriguez,Edison,Wireless Earbuds,Electronics,2,49.99,99.98,Credit Card
C0290,O10290,2026-05-15,Emily Martinez,Edison,Cricket Bat,Sports,2,79.99,159.98,Debit Card
C0291,O10291,2025-08-24,Timothy Cox,Newark,Notebook Pack,Stationery,5,3.99,19.95,Credit Card
C0292,O10292,2025-11-05,Robyn Pace,Newark,Table Lamp,Home Decor,4,14.99,59.96,Cash
C0293,O10293,2026-04-18,John Mendoza,Iselin,Backpack,Fashion,5,39.99,199.95,UPI
C0294,O10294,2025-06-23,Katelyn Scott,Jersey City,Backpack,Fashion,3,39.99,119.97,Debit Card
C0295,O10295,2025-07-15,Cynthia Green,Newark,Keyboard,Electronics,2,24.99,49.98,Debit Card
C0296,O10296,2025-12-18,Bruce Rodgers,Newark,LED Monitor,Electronics,2,129.99,259.98,UPI
C0297,O10297,2025-12-25,Daniel Smith,Edison,LED Monitor,Electronics,5,129.99,649.95,Debit Card
C0298,O10298,2026-01-11,Michael Olson,Iselin,Water Bottle,Sports,2,9.99,19.98,Debit Card
C0299,O10299,2026-01-10,Jessica Bernard,Edison,Hair Dryer,Home Appliances,3,29.99,89.97,Credit Card
C0300,O10300,2026-05-03,Sarah Stevens,Edison,Running Shoes,Fashion,2,59.99,119.98,Debit Card
C0301,O10301,2025-09-08,David Hunt,Jersey City,Water Bottle,Sports,1,9.99,9.99,Credit Card
C0302,O10302,2026-03-08,Julie Dunn,Jersey City,Wireless Mouse,Electronics,1,19.99,19.99,Debit Card
C0303,O10303,2026-06-09,Alison Anderson,Jersey City,Wireless Mouse,Electronics,1,19.99,19.99,UPI
C0304,O10304,2026-05-06,Lisa Evans,Jersey City,Water Bottle,Sports,1,9.99,9.99,UPI
C0305,O10305,2026-06-04,Jennifer Willis,Edison,Running Shoes,Fashion,2,59.99,119.98,UPI
C0306,O10306,2026-05-22,Ronald Vasquez,Woodbridge,Cricket Bat,Sports,4,79.99,319.96,Cash
C0307,O10307,2025-11-20,Steven Mccullough,Woodbridge,Notebook Pack,Stationery,5,3.99,19.95,Debit Card
C0308,O10308,2025-07-06,Katherine Castaneda,Newark,Wireless Mouse,Electronics,1,19.99,19.99,Debit Card
C0309,O10309,2025-10-21,Jasmine Monroe,Edison,Wireless Earbuds,Electronics,3,49.99,149.97,Credit Card
C0310,O10310,2026-01-17,Tara Cohen,Newark,Blender,Home Appliances,3,49.99,149.97,Debit Card
C0311,O10311,2026-05-11,Susan Garcia,Newark,Coffee Maker,Home Appliances,4,79.99,319.96,Credit Card
C0312,O10312,2025-08-28,Susan Holmes,Jersey City,Perfume,Fashion,1,29.99,29.99,UPI
C0313,O10313,2025-11-28,Jordan Daniel,Newark,Smartwatch,Electronics,3,149.99,449.97,Debit Card
C0314,O10314,2026-06-08,Mark Hartman,Woodbridge,Water Bottle,Sports,1,9.99,9.99,Cash
C0315,O10315,2025-06-28,Thomas Miller,Edison,USB Cable,Electronics,4,5.99,23.96,UPI
C0316,O10316,2026-06-03,Heather Flores,Jersey City,Perfume,Fashion,3,29.99,89.97,Debit Card
C0317,O10317,2025-09-14,Karen Moore DVM,Woodbridge,Office Chair,Furniture,2,89.99,179.98,Cash
C0318,O10318,2025-12-16,Alex Robinson,Woodbridge,LED Monitor,Electronics,1,129.99,129.99,Debit Card
C0319,O10319,2026-03-26,Joshua Snyder,Woodbridge,Office Chair,Furniture,5,89.99,449.95,UPI
C0320,O10320,2025-09-18,Angela Espinoza,Iselin,Backpack,Fashion,4,39.99,159.96,Debit Card
C0321,O10321,2026-03-26,Brooke Jackson,Iselin,Wall Clock,Home Decor,1,19.99,19.99,Cash
C0322,O10322,2026-02-24,Brianna Cole,Iselin,Wall Clock,Home Decor,4,19.99,79.96,UPI
C0323,O10323,2025-08-11,Stephen Reyes,Iselin,Treadmill,Sports,1,399.99,399.99,Debit Card
C0324,O10324,2025-09-15,Scott Mcmillan,Newark,Notebook Pack,Stationery,1,3.99,3.99,Cash
C0325,O10325,2026-03-16,Dawn Foster,Iselin,Running Shoes,Fashion,4,59.99,239.96,Credit Card
C0326,O10326,2025-09-28,Edward Reyes,Edison,Treadmill,Sports,3,399.99,1199.97,UPI
C0327,O10327,2025-11-07,John Randall,Edison,Cricket Bat,Sports,1,79.99,79.99,UPI
C0328,O10328,2025-12-07,James Richards,Jersey City,Hair Dryer,Home Appliances,3,29.99,89.97,UPI
C0329,O10329,2025-12-24,Troy Bonilla,Edison,LED Monitor,Electronics,2,129.99,259.98,UPI
C0330,O10330,2025-07-16,Nicole Thomas,Woodbridge,Table Lamp,Home Decor,1,14.99,14.99,Cash
C0331,O10331,2025-11-28,Luis Jones,Jersey City,Wall Clock,Home Decor,5,19.99,99.95,Debit Card
C0332,O10332,2025-09-01,Christina Fuller,Jersey City,Coffee Maker,Home Appliances,5,79.99,399.95,Debit Card
C0333,O10333,2025-06-26,Matthew Anderson,Iselin,Backpack,Fashion,5,39.99,199.95,Debit Card
C0334,O10334,2025-07-27,Spencer Villegas,Newark,Hair Dryer,Home Appliances,2,29.99,59.98,Credit Card
C0335,O10335,2026-05-06,Justin Boyd,Iselin,Backpack,Fashion,5,39.99,199.95,Credit Card
C0336,O10336,2025-11-06,Mark Walsh,Woodbridge,Cricket Bat,Sports,3,79.99,239.97,UPI
C0337,O10337,2026-01-08,Nicole Rocha,Woodbridge,Blender,Home Appliances,4,49.99,199.96,UPI
C0338,O10338,2026-04-20,Sean Nash,Edison,Wall Clock,Home Decor,2,19.99,39.98,Credit Card
C0339,O10339,2026-05-13,Stephen Schneider,Jersey City,Wireless Mouse,Electronics,5,19.99,99.95,Cash
C0340,O10340,2026-06-09,Christine Mccall,Woodbridge,LED Monitor,Electronics,3,129.99,389.97,UPI
C0341,O10341,2025-07-29,Caitlin Oconnell,Newark,Running Shoes,Fashion,4,59.99,239.96,Cash
C0342,O10342,2025-11-16,Billy Singh,Woodbridge,Table Lamp,Home Decor,1,14.99,14.99,Credit Card
C0343,O10343,2025-12-25,Joanna Shields,Iselin,Treadmill,Sports,2,399.99,799.98,Debit Card
C0344,O10344,2025-10-17,Michael Mercer,Edison,Wireless Earbuds,Electronics,4,49.99,199.96,Debit Card
C0345,O10345,2025-09-10,Julie Lopez,Woodbridge,Desk Organizer,Stationery,2,7.99,15.98,Debit Card
C0346,O10346,2026-01-27,Jeremy Mann,Woodbridge,Smartwatch,Electronics,4,149.99,599.96,Credit Card
C0347,O10347,2026-02-20,Susan Hayes,Edison,Office Chair,Furniture,2,89.99,179.98,UPI
C0348,O10348,2025-08-25,Philip Wallace,Edison,Cricket Bat,Sports,2,79.99,159.98,UPI
C0349,O10349,2026-04-24,Kendra Hughes,Edison,Smartwatch,Electronics,3,149.99,449.97,Credit Card
C0350,O10350,2026-05-20,Mary Miles,Edison,Backpack,Fashion,3,39.99,119.97,Credit Card
C0351,O10351,2026-01-02,James Phillips,Newark,LED Monitor,Electronics,5,129.99,649.95,Credit Card
C0352,O10352,2025-08-08,Mr. John Novak,Edison,Running Shoes,Fashion,3,59.99,179.97,Cash
C0353,O10353,2025-08-09,Mason Hickman,Edison,Cricket Bat,Sports,1,79.99,79.99,Credit Card
C0354,O10354,2025-09-26,Dustin Garcia,Iselin,Wireless Earbuds,Electronics,1,49.99,49.99,UPI
C0355,O10355,2026-04-20,Diane Silva,Woodbridge,Blender,Home Appliances,5,49.99,249.95,Debit Card
C0356,O10356,2026-04-15,Bridget Robinson,Jersey City,Office Chair,Furniture,3,89.99,269.97,UPI
C0357,O10357,2025-12-19,Kaylee Miller,Iselin,LED Monitor,Electronics,4,129.99,519.96,UPI
C0358,O10358,2026-03-04,Amy Brown,Edison,Smartwatch,Electronics,2,149.99,299.98,Cash
C0359,O10359,2025-09-20,Angelica Cantrell,Iselin,Notebook Pack,Stationery,2,3.99,7.98,Debit Card
C0360,O10360,2025-09-07,Todd Johnston,Edison,Cricket Bat,Sports,5,79.99,399.95,UPI
C0361,O10361,2025-08-11,Dr. Brittany Parrish,Jersey City,Smartwatch,Electronics,5,149.99,749.95,Cash
C0362,O10362,2026-05-09,Jonathan Adams,Woodbridge,Wireless Earbuds,Electronics,4,49.99,199.96,Debit Card
C0363,O10363,2025-12-15,Seth Weeks,Edison,Office Chair,Furniture,1,89.99,89.99,Cash
C0364,O10364,2025-07-05,Steven Ray,Iselin,Office Chair,Furniture,3,89.99,269.97,UPI
C0365,O10365,2025-06-16,Brian Weeks,Iselin,Running Shoes,Fashion,1,59.99,59.99,Debit Card
C0366,O10366,2025-10-19,Carlos Neal,Jersey City,Perfume,Fashion,3,29.99,89.97,UPI
C0367,O10367,2026-04-11,Benjamin Gordon,Newark,Table Lamp,Home Decor,2,14.99,29.98,UPI
C0368,O10368,2026-01-07,Brenda Costa DDS,Woodbridge,Wireless Earbuds,Electronics,3,49.99,149.97,Debit Card
C0369,O10369,2025-10-10,Darryl Buckley,Iselin,Blender,Home Appliances,4,49.99,199.96,Credit Card
C0370,O10370,2026-03-28,Susan Mcbride,Jersey City,Treadmill,Sports,3,399.99,1199.97,Credit Card
C0371,O10371,2026-02-01,Jim Bolton,Woodbridge,Office Chair,Furniture,4,89.99,359.96,Cash
C0372,O10372,2025-08-21,Brittany Brown,Newark,Wireless Mouse,Electronics,3,19.99,59.97,Credit Card
C0373,O10373,2025-07-02,Stephen Nichols,Jersey City,Notebook Pack,Stationery,4,3.99,15.96,Cash
C0374,O10374,2025-06-25,Christopher Adams,Jersey City,Coffee Maker,Home Appliances,3,79.99,239.97,Cash
C0375,O10375,2025-12-15,Anna King,Jersey City,Office Chair,Furniture,1,89.99,89.99,Debit Card
C0376,O10376,2025-10-16,Amanda Kennedy,Iselin,Hair Dryer,Home Appliances,5,29.99,149.95,Credit Card
C0377,O10377,2025-10-21,Terry Jackson,Newark,Perfume,Fashion,3,29.99,89.97,UPI
C0378,O10378,2025-11-29,Tina Robles,Newark,Desk Organizer,Stationery,2,7.99,15.98,Debit Card
C0379,O10379,2025-07-10,Tammy Velez,Iselin,Office Chair,Furniture,4,89.99,359.96,Credit Card
C0380,O10380,2026-01-17,Steven Duke,Edison,Smartwatch,Electronics,4,149.99,599.96,Credit Card
C0381,O10381,2026-02-15,Shelly Smith,Iselin,Water Bottle,Sports,1,9.99,9.99,Debit Card
C0382,O10382,2025-07-14,Justin Mcknight,Newark,USB Cable,Electronics,3,5.99,17.97,Debit Card
C0383,O10383,2026-04-13,Jeffery Blackburn,Iselin,Keyboard,Electronics,3,24.99,74.97,Debit Card
C0384,O10384,2025-12-08,Karen Fuentes,Iselin,Keyboard,Electronics,1,24.99,24.99,Debit Card
C0385,O10385,2025-06-28,Joseph Chase,Newark,Wireless Mouse,Electronics,5,19.99,99.95,Debit Card
C0386,O10386,2026-02-04,Timothy Jones,Woodbridge,Wireless Earbuds,Electronics,2,49.99,99.98,UPI
C0387,O10387,2025-12-06,Frank Rogers,Edison,Hair Dryer,Home Appliances,4,29.99,119.96,Credit Card
C0388,O10388,2025-09-30,Jeremiah Webb,Edison,Table Lamp,Home Decor,3,14.99,44.97,UPI
C0389,O10389,2025-09-05,Alexis Fisher,Woodbridge,Backpack,Fashion,3,39.99,119.97,Debit Card
C0390,O10390,2025-10-20,Robert Williams,Jersey City,Coffee Maker,Home Appliances,3,79.99,239.97,Credit Card
C0391,O10391,2025-09-09,Annette Holmes,Edison,Perfume,Fashion,4,29.99,119.96,Cash
C0392,O10392,2025-07-18,Mark Garrett,Iselin,Backpack,Fashion,3,39.99,119.97,Debit Card
C0393,O10393,2025-10-14,Matthew Mcdaniel,Woodbridge,Smartwatch,Electronics,1,149.99,149.99,UPI
C0394,O10394,2025-08-03,Erin Rivera,Woodbridge,Table Lamp,Home Decor,4,14.99,59.96,Cash
C0395,O10395,2025-09-01,Stacy Taylor,Jersey City,Water Bottle,Sports,5,9.99,49.95,Credit Card
C0396,O10396,2025-07-27,Don Melton,Iselin,Backpack,Fashion,2,39.99,79.98,Cash
C0397,O10397,2025-10-04,Wanda Smith,Newark,Desk Organizer,Stationery,5,7.99,39.95,UPI
C0398,O10398,2026-02-18,Travis Solis,Jersey City,Cricket Bat,Sports,5,79.99,399.95,Credit Card
C0399,O10399,2026-01-14,William Hartman,Woodbridge,Hair Dryer,Home Appliances,5,29.99,149.95,UPI
C0400,O10400,2025-10-27,Gregory Richards,Woodbridge,Cricket Bat,Sports,5,79.99,399.95,Credit Card
C0401,O10401,2025-09-28,Jason Jones,Edison,Table Lamp,Home Decor,2,14.99,29.98,UPI
C0402,O10402,2026-03-18,Michelle Gonzales,Woodbridge,Running Shoes,Fashion,3,59.99,179.97,UPI
C0403,O10403,2025-08-30,Jacqueline Howard,Jersey City,Running Shoes,Fashion,2,59.99,119.98,Cash
C0404,O10404,2025-11-04,Frank Cameron,Woodbridge,Keyboard,Electronics,1,24.99,24.99,UPI
C0405,O10405,2026-03-20,Janet Lowe,Edison,Wall Clock,Home Decor,1,19.99,19.99,UPI
C0406,O10406,2025-12-12,Martin Jackson,Jersey City,Blender,Home Appliances,2,49.99,99.98,UPI
C0407,O10407,2025-09-18,Jacob Patrick,Edison,LED Monitor,Electronics,3,129.99,389.97,Cash
C0408,O10408,2026-04-03,Patrick Clark,Edison,Coffee Maker,Home Appliances,2,79.99,159.98,UPI
C0409,O10409,2025-10-26,Ryan Tucker,Iselin,Cricket Bat,Sports,1,79.99,79.99,Credit Card
C0410,O10410,2026-05-06,Joseph Brown,Iselin,Notebook Pack,Stationery,5,3.99,19.95,Credit Card
C0411,O10411,2025-10-04,Jacob Lara,Iselin,Table Lamp,Home Decor,2,14.99,29.98,Cash
C0412,O10412,2025-06-25,Aaron Bush,Iselin,Backpack,Fashion,4,39.99,159.96,UPI
C0413,O10413,2026-04-30,Linda Chen,Woodbridge,USB Cable,Electronics,5,5.99,29.95,Debit Card
C0414,O10414,2025-12-24,Ethan Fletcher,Jersey City,Desk Organizer,Stationery,4,7.99,31.96,Debit Card
C0415,O10415,2026-01-30,Amy Briggs,Newark,Running Shoes,Fashion,3,59.99,179.97,Debit Card
C0416,O10416,2025-06-16,Theresa Long,Newark,Wireless Earbuds,Electronics,5,49.99,249.95,Credit Card
C0417,O10417,2026-01-31,Diana Wells,Iselin,Water Bottle,Sports,1,9.99,9.99,Debit Card
C0418,O10418,2026-01-29,Jeffrey Vargas,Woodbridge,Hair Dryer,Home Appliances,2,29.99,59.98,Credit Card
C0419,O10419,2026-04-25,Daniel Hurley,Jersey City,Treadmill,Sports,1,399.99,399.99,Debit Card
C0420,O10420,2025-12-19,Nathan Anderson,Edison,Perfume,Fashion,5,29.99,149.95,Cash
C0421,O10421,2026-04-01,Jeffrey Brown,Newark,Cricket Bat,Sports,5,79.99,399.95,Cash
C0422,O10422,2025-06-22,Ashley Colon,Jersey City,Wireless Earbuds,Electronics,3,49.99,149.97,UPI
C0423,O10423,2025-09-11,Jeanette Rosario,Edison,Blender,Home Appliances,4,49.99,199.96,Cash
C0424,O10424,2026-04-08,Justin Jones,Edison,Blender,Home Appliances,3,49.99,149.97,Debit Card
C0425,O10425,2026-04-05,Dawn Chavez,Jersey City,Desk Organizer,Stationery,5,7.99,39.95,Cash
C0426,O10426,2026-05-07,Marcus Gray,Jersey City,Keyboard,Electronics,4,24.99,99.96,Credit Card
C0427,O10427,2026-03-21,Julie Chen,Edison,Office Chair,Furniture,5,89.99,449.95,Credit Card
C0428,O10428,2026-06-01,Charles Aguilar,Woodbridge,Coffee Maker,Home Appliances,1,79.99,79.99,UPI
C0429,O10429,2026-05-28,Danielle Grant,Woodbridge,USB Cable,Electronics,3,5.99,17.97,Credit Card
C0430,O10430,2025-11-30,Christian Wyatt,Newark,Running Shoes,Fashion,5,59.99,299.95,Debit Card
C0431,O10431,2026-01-17,Andrew Alexander,Woodbridge,LED Monitor,Electronics,3,129.99,389.97,UPI
C0432,O10432,2025-07-23,Jessica Mccoy,Newark,Office Chair,Furniture,2,89.99,179.98,Credit Card
C0433,O10433,2025-11-06,Amy Bryant,Edison,Wall Clock,Home Decor,5,19.99,99.95,UPI
C0434,O10434,2026-04-13,Jeffrey Watson,Jersey City,Table Lamp,Home Decor,4,14.99,59.96,Cash
C0435,O10435,2025-08-03,Scott Garcia,Edison,Keyboard,Electronics,4,24.99,99.96,Credit Card
C0436,O10436,2025-10-20,Karl Thomas,Iselin,Wall Clock,Home Decor,3,19.99,59.97,Cash
C0437,O10437,2025-09-15,Thomas Adams,Iselin,Wireless Earbuds,Electronics,2,49.99,99.98,Cash
C0438,O10438,2025-08-15,Shawn Clark,Iselin,Cricket Bat,Sports,3,79.99,239.97,UPI
C0439,O10439,2025-07-08,Alec Gay,Newark,Wireless Earbuds,Electronics,5,49.99,249.95,Debit Card
C0440,O10440,2025-08-14,Wendy Donaldson,Jersey City,Cricket Bat,Sports,2,79.99,159.98,Debit Card
C0441,O10441,2026-05-03,Michelle Gross,Jersey City,Office Chair,Furniture,5,89.99,449.95,Debit Card
C0442,O10442,2025-06-16,Evelyn Reynolds,Newark,Desk Organizer,Stationery,4,7.99,31.96,Credit Card
C0443,O10443,2025-06-29,Pamela Mata,Woodbridge,Wireless Mouse,Electronics,5,19.99,99.95,Cash
C0444,O10444,2026-06-13,Micheal Jones,Newark,Backpack,Fashion,5,39.99,199.95,Cash
C0445,O10445,2026-06-04,Leonard Matthews,Edison,Blender,Home Appliances,3,49.99,149.97,UPI
C0446,O10446,2026-01-05,Jason Brown,Newark,USB Cable,Electronics,1,5.99,5.99,Credit Card
C0447,O10447,2025-09-25,Mark Foster,Woodbridge,Wireless Earbuds,Electronics,5,49.99,249.95,UPI
C0448,O10448,2025-07-28,Francisco Harper,Newark,LED Monitor,Electronics,3,129.99,389.97,UPI
C0449,O10449,2026-02-08,Brandon Fisher,Edison,Wall Clock,Home Decor,5,19.99,99.95,UPI
C0450,O10450,2026-03-06,Traci Williams,Jersey City,Notebook Pack,Stationery,3,3.99,11.97,Cash
C0451,O10451,2025-12-20,Kristi James,Woodbridge,Desk Organizer,Stationery,2,7.99,15.98,UPI
C0452,O10452,2025-11-11,Thomas Vasquez,Edison,Backpack,Fashion,5,39.99,199.95,UPI
C0453,O10453,2025-06-14,Michelle Hall,Iselin,Office Chair,Furniture,5,89.99,449.95,Debit Card
C0454,O10454,2025-10-09,Erika Bush,Edison,Wireless Earbuds,Electronics,5,49.99,249.95,Cash
C0455,O10455,2025-10-03,Robert Charles,Iselin,Cricket Bat,Sports,5,79.99,399.95,Credit Card
C0456,O10456,2026-02-19,Donna Payne,Iselin,Water Bottle,Sports,4,9.99,39.96,Credit Card
C0457,O10457,2026-04-19,Sarah Mckay,Woodbridge,LED Monitor,Electronics,4,129.99,519.96,Debit Card
C0458,O10458,2026-02-03,David Stephenson,Iselin,Blender,Home Appliances,4,49.99,199.96,Cash
C0459,O10459,2026-04-28,Carl Parker,Woodbridge,Wireless Earbuds,Electronics,5,49.99,249.95,Cash
C0460,O10460,2025-06-17,Jeff Wyatt,Jersey City,Hair Dryer,Home Appliances,3,29.99,89.97,UPI
C0461,O10461,2025-10-29,Priscilla Mason,Edison,Wireless Mouse,Electronics,3,19.99,59.97,Cash
C0462,O10462,2026-03-12,Rebecca King,Jersey City,USB Cable,Electronics,4,5.99,23.96,Credit Card
C0463,O10463,2026-05-08,Megan Jackson,Newark,Backpack,Fashion,2,39.99,79.98,Debit Card
C0464,O10464,2025-10-01,Erica Thompson,Jersey City,Treadmill,Sports,3,399.99,1199.97,Cash
C0465,O10465,2025-07-27,Dylan Cruz,Iselin,USB Cable,Electronics,3,5.99,17.97,Credit Card
C0466,O10466,2025-07-03,Joshua Adams,Edison,Water Bottle,Sports,4,9.99,39.96,Cash
C0467,O10467,2025-11-18,Megan Adams,Woodbridge,Notebook Pack,Stationery,1,3.99,3.99,Cash
C0468,O10468,2025-10-05,Ashley Anderson,Edison,Perfume,Fashion,3,29.99,89.97,Credit Card
C0469,O10469,2025-07-20,Katrina Shaffer,Newark,Cricket Bat,Sports,5,79.99,399.95,UPI
C0470,O10470,2025-08-02,Dennis Smith,Iselin,Smartwatch,Electronics,2,149.99,299.98,Debit Card
C0471,O10471,2026-04-18,Jennifer Daniels,Newark,Desk Organizer,Stationery,4,7.99,31.96,Cash
C0472,O10472,2025-12-14,Scott Stevens,Newark,Hair Dryer,Home Appliances,3,29.99,89.97,UPI
C0473,O10473,2025-11-13,Holly Hudson,Jersey City,USB Cable,Electronics,1,5.99,5.99,Credit Card
C0474,O10474,2025-07-05,Victor Harmon,Jersey City,Wall Clock,Home Decor,4,19.99,79.96,UPI
C0475,O10475,2026-04-29,Carol Cruz,Edison,Notebook Pack,Stationery,5,3.99,19.95,Cash
C0476,O10476,2025-06-20,Julie Williams,Jersey City,USB Cable,Electronics,4,5.99,23.96,Credit Card
C0477,O10477,2026-05-21,Brittany Estrada,Jersey City,Wireless Earbuds,Electronics,4,49.99,199.96,Debit Card
C0478,O10478,2025-09-09,Lisa Hamilton,Newark,Cricket Bat,Sports,2,79.99,159.98,UPI
C0479,O10479,2025-09-29,Thomas Reeves,Edison,Blender,Home Appliances,4,49.99,199.96,Debit Card
C0480,O10480,2026-01-27,Dylan Ellis,Edison,Wireless Mouse,Electronics,2,19.99,39.98,Cash
C0481,O10481,2025-06-21,Darrell Powell,Woodbridge,Perfume,Fashion,4,29.99,119.96,Credit Card
C0482,O10482,2026-02-15,Joe Gonzalez,Edison,Running Shoes,Fashion,5,59.99,299.95,Credit Card
C0483,O10483,2025-09-06,Alicia Gibson,Iselin,Running Shoes,Fashion,3,59.99,179.97,UPI
C0484,O10484,2025-12-24,Shannon Smith,Iselin,Desk Organizer,Stationery,2,7.99,15.98,UPI
C0485,O10485,2025-10-04,Ruth Thomas,Iselin,Desk Organizer,Stationery,3,7.99,23.97,Cash
C0486,O10486,2025-07-22,Linda Torres,Newark,Wall Clock,Home Decor,4,19.99,79.96,Debit Card
C0487,O10487,2025-09-05,Charles Leonard,Edison,Wall Clock,Home Decor,2,19.99,39.98,Cash
C0488,O10488,2026-01-02,Joseph Richardson,Newark,Wireless Earbuds,Electronics,4,49.99,199.96,Cash
C0489,O10489,2026-04-26,Robert Pham,Woodbridge,Backpack,Fashion,1,39.99,39.99,Debit Card
C0490,O10490,2026-05-16,John Murphy,Jersey City,Water Bottle,Sports,4,9.99,39.96,UPI
C0491,O10491,2025-12-02,Maria Duke,Jersey City,Table Lamp,Home Decor,5,14.99,74.95,Credit Card
C0492,O10492,2025-12-01,David Vang,Edison,Table Lamp,Home Decor,5,14.99,74.95,UPI
C0493,O10493,2025-06-20,Jane Stewart,Newark,Smartwatch,Electronics,1,149.99,149.99,Credit Card
C0494,O10494,2026-01-13,Victoria Dixon,Jersey City,Smartwatch,Electronics,1,149.99,149.99,Debit Card
C0495,O10495,2026-04-04,Vanessa Robinson,Newark,Desk Organizer,Stationery,5,7.99,39.95,Credit Card
C0496,O10496,2025-07-17,Jasmine Cox,Woodbridge,Water Bottle,Sports,5,9.99,49.95,Credit Card
C0497,O10497,2025-08-26,James Brooks,Newark,USB Cable,Electronics,1,5.99,5.99,Cash
C0498,O10498,2026-05-14,James Kennedy,Newark,Smartwatch,Electronics,4,149.99,599.96,Debit Card
C0499,O10499,2025-10-18,Vincent Gross,Newark,Hair Dryer,Home Appliances,1,29.99,29.99,Cash
C0500,O10500,2026-01-09,Amanda Tucker,Edison,Blender,Home Appliances,1,49.99,49.99,Debit Card
C0501,O10501,2025-12-07,Amanda Wilkins,Woodbridge,Running Shoes,Fashion,2,59.99,119.98,Cash
C0502,O10502,2025-11-07,Nathaniel Campbell,Edison,USB Cable,Electronics,2,5.99,11.98,Debit Card
C0503,O10503,2025-09-08,Donald Riggs,Newark,Smartwatch,Electronics,4,149.99,599.96,Debit Card
C0504,O10504,2025-12-16,Emily Richardson,Newark,Wireless Mouse,Electronics,5,19.99,99.95,Cash
C0505,O10505,2025-06-15,Todd Powers,Jersey City,Wall Clock,Home Decor,3,19.99,59.97,Debit Card
C0506,O10506,2025-09-28,Richard Owens,Newark,USB Cable,Electronics,2,5.99,11.98,Debit Card
C0507,O10507,2025-12-06,Angelica Le,Edison,Wireless Earbuds,Electronics,5,49.99,249.95,Credit Card
C0508,O10508,2025-08-20,David Cook,Jersey City,Wireless Mouse,Electronics,1,19.99,19.99,Cash
C0509,O10509,2025-09-16,Kathryn Klein,Iselin,Wireless Earbuds,Electronics,5,49.99,249.95,UPI
C0510,O10510,2025-10-31,Brenda Long,Iselin,Blender,Home Appliances,1,49.99,49.99,Debit Card
C0511,O10511,2025-07-25,Carrie Burke,Woodbridge,Perfume,Fashion,3,29.99,89.97,Credit Card
C0512,O10512,2026-03-22,Miss Melissa Hopkins,Woodbridge,Blender,Home Appliances,5,49.99,249.95,UPI
C0513,O10513,2026-02-23,Jennifer Mcclure,Iselin,Wireless Earbuds,Electronics,1,49.99,49.99,Debit Card
C0514,O10514,2026-06-01,Nicole Hicks,Newark,Office Chair,Furniture,2,89.99,179.98,Cash
C0515,O10515,2026-02-22,Matthew Perez,Iselin,Office Chair,Furniture,5,89.99,449.95,Debit Card
C0516,O10516,2026-03-02,Rachel Larsen,Jersey City,Backpack,Fashion,2,39.99,79.98,Debit Card
C0517,O10517,2025-07-26,Kyle Kirby,Jersey City,Treadmill,Sports,4,399.99,1599.96,Cash
C0518,O10518,2026-05-23,Amy Hunter,Jersey City,Running Shoes,Fashion,4,59.99,239.96,Cash
C0519,O10519,2026-04-27,Madison Montgomery,Iselin,Running Shoes,Fashion,2,59.99,119.98,Debit Card
C0520,O10520,2025-06-15,David Barker,Jersey City,LED Monitor,Electronics,4,129.99,519.96,UPI
C0521,O10521,2026-02-24,Kenneth Garner,Edison,Backpack,Fashion,1,39.99,39.99,UPI
C0522,O10522,2025-09-17,Kimberly Ryan,Newark,Smartwatch,Electronics,4,149.99,599.96,Debit Card
C0523,O10523,2026-03-18,Tammy Yang,Newark,Cricket Bat,Sports,2,79.99,159.98,Debit Card
C0524,O10524,2025-11-28,Jonathon Hernandez,Edison,Blender,Home Appliances,5,49.99,249.95,Credit Card
C0525,O10525,2026-04-28,Sharon Murphy,Edison,Notebook Pack,Stationery,1,3.99,3.99,Cash
C0526,O10526,2025-10-12,Thomas Mosley,Edison,Backpack,Fashion,2,39.99,79.98,Credit Card
C0527,O10527,2025-08-08,Pamela Oliver,Edison,Wireless Earbuds,Electronics,4,49.99,199.96,UPI
C0528,O10528,2025-10-11,Molly Hall,Newark,USB Cable,Electronics,5,5.99,29.95,Debit Card
C0529,O10529,2026-04-22,Kelly Williams,Edison,Treadmill,Sports,5,399.99,1999.95,Credit Card
C0530,O10530,2025-09-02,Craig Mason,Newark,LED Monitor,Electronics,3,129.99,389.97,UPI
C0531,O10531,2026-04-13,Lisa Sullivan,Woodbridge,Blender,Home Appliances,3,49.99,149.97,Debit Card
C0532,O10532,2025-10-23,Brandon Duke,Edison,Treadmill,Sports,5,399.99,1999.95,Cash
C0533,O10533,2026-02-16,Tony Bradley,Iselin,Smartwatch,Electronics,1,149.99,149.99,UPI
C0534,O10534,2025-06-24,Sean Hubbard,Edison,Wireless Earbuds,Electronics,4,49.99,199.96,UPI
C0535,O10535,2025-12-18,Charles Woods,Edison,LED Monitor,Electronics,2,129.99,259.98,Cash
C0536,O10536,2025-06-26,Elizabeth Griffin,Jersey City,Wireless Mouse,Electronics,4,19.99,79.96,Cash
C0537,O10537,2026-02-24,Pamela Baker,Newark,Table Lamp,Home Decor,3,14.99,44.97,UPI
C0538,O10538,2025-12-28,Brittany Ramos,Newark,USB Cable,Electronics,4,5.99,23.96,Debit Card
C0539,O10539,2025-07-07,Dr. Michelle Russo,Iselin,LED Monitor,Electronics,5,129.99,649.95,Credit Card
C0540,O10540,2026-01-31,Jacob Robinson,Newark,Backpack,Fashion,4,39.99,159.96,Cash
C0541,O10541,2026-02-08,Matthew Madden,Jersey City,Running Shoes,Fashion,5,59.99,299.95,Credit Card
C0542,O10542,2025-07-26,Michael Collier,Edison,Wall Clock,Home Decor,1,19.99,19.99,UPI
C0543,O10543,2025-07-15,Kevin Greene,Iselin,Water Bottle,Sports,2,9.99,19.98,UPI
C0544,O10544,2025-11-25,Theresa Chang,Jersey City,Wall Clock,Home Decor,4,19.99,79.96,Credit Card
C0545,O10545,2026-03-19,Benjamin Morales,Woodbridge,Wireless Earbuds,Electronics,3,49.99,149.97,Credit Card
C0546,O10546,2025-10-28,Rebecca Evans,Woodbridge,Coffee Maker,Home Appliances,5,79.99,399.95,Cash
C0547,O10547,2025-12-24,Benjamin Pena,Edison,Table Lamp,Home Decor,4,14.99,59.96,Cash
C0548,O10548,2025-10-09,Rhonda Sandoval,Edison,Backpack,Fashion,5,39.99,199.95,Cash
C0549,O10549,2026-03-22,Jessica Collins,Woodbridge,Wireless Mouse,Electronics,2,19.99,39.98,Cash
C0550,O10550,2025-12-31,Dawn James,Iselin,Wireless Earbuds,Electronics,2,49.99,99.98,Credit Card
C0551,O10551,2026-04-20,Debra Ross,Woodbridge,Running Shoes,Fashion,2,59.99,119.98,Credit Card
C0552,O10552,2026-01-13,Travis Martinez,Jersey City,Smartwatch,Electronics,1,149.99,149.99,Cash
C0553,O10553,2025-11-28,Cheyenne Foster,Iselin,Notebook Pack,Stationery,2,3.99,7.98,Debit Card
C0554,O10554,2025-07-03,Lisa Crane MD,Newark,Desk Organizer,Stationery,2,7.99,15.98,Cash
C0555,O10555,2025-10-13,Gabriel Woods,Edison,USB Cable,Electronics,1,5.99,5.99,Cash
C0556,O10556,2025-09-08,Melissa Torres,Iselin,Cricket Bat,Sports,3,79.99,239.97,Credit Card
C0557,O10557,2026-03-31,Danielle Gonzalez,Jersey City,Treadmill,Sports,5,399.99,1999.95,Credit Card
C0558,O10558,2025-12-03,Mrs. Deborah Miller,Woodbridge,Backpack,Fashion,1,39.99,39.99,UPI
C0559,O10559,2025-06-14,Caleb Liu,Jersey City,Wall Clock,Home Decor,2,19.99,39.98,UPI
C0560,O10560,2026-01-15,Mary Davis,Woodbridge,Backpack,Fashion,5,39.99,199.95,UPI
C0561,O10561,2026-03-08,Amy Bridges,Jersey City,Wireless Mouse,Electronics,2,19.99,39.98,Credit Card
C0562,O10562,2025-07-23,Aaron Cortez,Edison,LED Monitor,Electronics,3,129.99,389.97,Credit Card
C0563,O10563,2026-01-19,James Smith,Woodbridge,Office Chair,Furniture,5,89.99,449.95,Credit Card
C0564,O10564,2026-05-27,Elizabeth Jones,Iselin,Smartwatch,Electronics,5,149.99,749.95,UPI
C0565,O10565,2025-09-09,Lisa Brown,Jersey City,Table Lamp,Home Decor,2,14.99,29.98,UPI
C0566,O10566,2025-08-13,Vincent George,Iselin,Blender,Home Appliances,4,49.99,199.96,Debit Card
C0567,O10567,2026-03-03,Jennifer Murphy,Jersey City,Coffee Maker,Home Appliances,1,79.99,79.99,UPI
C0568,O10568,2026-01-19,Michael Smith,Edison,USB Cable,Electronics,2,5.99,11.98,Debit Card
C0569,O10569,2025-07-24,Joshua Blair,Newark,Treadmill,Sports,5,399.99,1999.95,Cash
C0570,O10570,2026-04-15,Jenny Garcia,Woodbridge,USB Cable,Electronics,2,5.99,11.98,Cash
C0571,O10571,2025-10-23,Lindsay Jackson,Iselin,Table Lamp,Home Decor,5,14.99,74.95,Credit Card
C0572,O10572,2026-04-22,Mrs. Tracy Quinn,Iselin,Water Bottle,Sports,1,9.99,9.99,UPI
C0573,O10573,2025-09-30,Patrick Baker,Woodbridge,Blender,Home Appliances,2,49.99,99.98,UPI
C0574,O10574,2026-01-22,Brianna Bradford,Newark,Desk Organizer,Stationery,5,7.99,39.95,Debit Card
C0575,O10575,2026-05-06,Joseph Shea,Newark,Table Lamp,Home Decor,3,14.99,44.97,Cash
C0576,O10576,2026-03-09,Melissa Edwards,Edison,Wireless Earbuds,Electronics,5,49.99,249.95,Cash
C0577,O10577,2026-04-20,Jaime Erickson,Woodbridge,USB Cable,Electronics,4,5.99,23.96,Credit Card
C0578,O10578,2026-05-18,Amanda King,Woodbridge,Wireless Earbuds,Electronics,3,49.99,149.97,Credit Card
C0579,O10579,2025-12-11,Susan Zimmerman MD,Iselin,Desk Organizer,Stationery,3,7.99,23.97,Debit Card
C0580,O10580,2026-03-29,Dalton Blake,Edison,LED Monitor,Electronics,5,129.99,649.95,UPI
C0581,O10581,2025-07-14,Katherine Smith,Iselin,Wall Clock,Home Decor,3,19.99,59.97,UPI
C0582,O10582,2025-08-28,Whitney Harris,Jersey City,Backpack,Fashion,3,39.99,119.97,Cash
C0583,O10583,2025-11-10,Tiffany Carr,Woodbridge,Perfume,Fashion,5,29.99,149.95,Credit Card
C0584,O10584,2026-04-18,Stacey Lopez,Iselin,Desk Organizer,Stationery,3,7.99,23.97,Credit Card
C0585,O10585,2025-09-18,Christina Wilson,Iselin,Treadmill,Sports,3,399.99,1199.97,UPI
C0586,O10586,2025-06-30,Keith David,Jersey City,USB Cable,Electronics,3,5.99,17.97,Debit Card
C0587,O10587,2025-07-30,Timothy Mcdaniel,Jersey City,Notebook Pack,Stationery,2,3.99,7.98,Credit Card
C0588,O10588,2026-01-20,Mitchell Riggs,Newark,Notebook Pack,Stationery,1,3.99,3.99,UPI
C0589,O10589,2025-10-29,Benjamin Collins,Edison,Wireless Earbuds,Electronics,1,49.99,49.99,Debit Card
C0590,O10590,2025-10-05,Lisa Hampton,Iselin,Backpack,Fashion,4,39.99,159.96,Cash
C0591,O10591,2025-10-31,Timothy Guerrero,Jersey City,Treadmill,Sports,5,399.99,1999.95,Debit Card
C0592,O10592,2025-09-28,Erin Williams,Jersey City,Smartwatch,Electronics,5,149.99,749.95,Cash
C0593,O10593,2026-04-03,Andrew Mercado,Newark,Wireless Mouse,Electronics,2,19.99,39.98,Debit Card
C0594,O10594,2025-08-05,Steven Figueroa,Newark,Running Shoes,Fashion,4,59.99,239.96,Cash
C0595,O10595,2026-02-16,Victoria Warren,Jersey City,Wireless Earbuds,Electronics,5,49.99,249.95,Debit Card
C0596,O10596,2026-04-26,Jerry Mitchell,Newark,Wireless Earbuds,Electronics,5,49.99,249.95,Cash
C0597,O10597,2025-08-06,Jennifer Moreno,Iselin,USB Cable,Electronics,2,5.99,11.98,Debit Card
C0598,O10598,2025-11-10,Cody Martin,Newark,Smartwatch,Electronics,3,149.99,449.97,Cash
C0599,O10599,2025-10-12,Bradley Strong,Woodbridge,Running Shoes,Fashion,3,59.99,179.97,Credit Card
C0600,O10600,2026-05-29,Michael Ferguson,Jersey City,Table Lamp,Home Decor,2,14.99,29.98,UPI
C0601,O10601,2025-08-09,Nicholas Fisher,Jersey City,Blender,Home Appliances,2,49.99,99.98,UPI
C0602,O10602,2026-01-13,Regina Rivera,Edison,Wireless Mouse,Electronics,2,19.99,39.98,Debit Card
C0603,O10603,2025-07-13,Seth Jackson,Iselin,Table Lamp,Home Decor,1,14.99,14.99,Cash
C0604,O10604,2025-10-14,Jason Ramsey,Newark,Notebook Pack,Stationery,2,3.99,7.98,Debit Card
C0605,O10605,2026-05-13,Jennifer Whitaker,Edison,Perfume,Fashion,2,29.99,59.98,Cash
C0606,O10606,2025-09-07,Dakota Carey,Iselin,Coffee Maker,Home Appliances,1,79.99,79.99,Debit Card
C0607,O10607,2026-05-25,Seth Lewis,Edison,Desk Organizer,Stationery,2,7.99,15.98,UPI
C0608,O10608,2025-10-08,Brandon Oneill,Edison,Wireless Mouse,Electronics,2,19.99,39.98,UPI
C0609,O10609,2026-06-12,Justin Thompson,Iselin,Keyboard,Electronics,3,24.99,74.97,Debit Card
C0610,O10610,2025-08-07,Matthew Hall,Newark,Running Shoes,Fashion,1,59.99,59.99,Credit Card
C0611,O10611,2026-03-22,Tracy Mcdowell,Newark,USB Cable,Electronics,3,5.99,17.97,Cash
C0612,O10612,2026-02-11,Kevin Gordon,Newark,LED Monitor,Electronics,2,129.99,259.98,UPI
C0613,O10613,2026-02-01,Jennifer Haney,Newark,Desk Organizer,Stationery,5,7.99,39.95,Cash
C0614,O10614,2026-04-28,Kyle Jimenez,Edison,Wall Clock,Home Decor,3,19.99,59.97,Debit Card
C0615,O10615,2026-05-05,Joseph Reyes,Iselin,Hair Dryer,Home Appliances,1,29.99,29.99,Credit Card
C0616,O10616,2026-04-07,Sabrina Chambers,Newark,Running Shoes,Fashion,4,59.99,239.96,Credit Card
C0617,O10617,2025-10-29,Angela Higgins,Newark,Hair Dryer,Home Appliances,1,29.99,29.99,Credit Card
C0618,O10618,2026-01-14,Kevin Garcia,Woodbridge,Running Shoes,Fashion,2,59.99,119.98,Cash
C0619,O10619,2026-03-24,Christina Pennington,Newark,Water Bottle,Sports,3,9.99,29.97,UPI
C0620,O10620,2026-02-19,Joshua Hill,Edison,Coffee Maker,Home Appliances,4,79.99,319.96,UPI
C0621,O10621,2026-05-14,Benjamin Cummings,Woodbridge,Table Lamp,Home Decor,4,14.99,59.96,UPI
C0622,O10622,2025-07-15,Melissa Griffin,Woodbridge,USB Cable,Electronics,2,5.99,11.98,Credit Card
C0623,O10623,2026-04-07,John Bowers,Newark,Table Lamp,Home Decor,3,14.99,44.97,UPI
C0624,O10624,2026-06-08,Thomas Townsend,Woodbridge,Wireless Earbuds,Electronics,1,49.99,49.99,Credit Card
C0625,O10625,2026-01-02,Kevin Jones,Iselin,Cricket Bat,Sports,3,79.99,239.97,UPI
C0626,O10626,2025-12-15,Jeremy Miller,Iselin,Running Shoes,Fashion,3,59.99,179.97,Cash
C0627,O10627,2025-07-27,Cheryl Sexton,Jersey City,USB Cable,Electronics,4,5.99,23.96,UPI
C0628,O10628,2025-12-16,Philip Rivera,Woodbridge,Cricket Bat,Sports,1,79.99,79.99,Debit Card
C0629,O10629,2026-02-14,Lori Rivera,Jersey City,Running Shoes,Fashion,2,59.99,119.98,Credit Card
C0630,O10630,2025-06-19,Anthony Whitaker,Edison,Smartwatch,Electronics,4,149.99,599.96,UPI
C0631,O10631,2026-02-04,John Cook,Woodbridge,LED Monitor,Electronics,2,129.99,259.98,Debit Card
C0632,O10632,2025-06-19,Chelsea Sutton,Woodbridge,Wireless Mouse,Electronics,1,19.99,19.99,Cash
C0633,O10633,2025-08-15,Ryan Silva,Iselin,Blender,Home Appliances,4,49.99,199.96,Cash
C0634,O10634,2025-08-08,Cody Brown,Woodbridge,Desk Organizer,Stationery,4,7.99,31.96,Cash
C0635,O10635,2025-12-18,Lynn Henry,Woodbridge,Wall Clock,Home Decor,5,19.99,99.95,Credit Card
C0636,O10636,2025-11-16,Dr. Donna Benson,Edison,USB Cable,Electronics,2,5.99,11.98,UPI
C0637,O10637,2026-05-12,Wendy Lam,Iselin,USB Cable,Electronics,5,5.99,29.95,Debit Card
C0638,O10638,2026-02-09,Joan Ramsey,Woodbridge,Treadmill,Sports,5,399.99,1999.95,Debit Card
C0639,O10639,2026-04-07,Michelle George,Jersey City,Keyboard,Electronics,4,24.99,99.96,Credit Card
C0640,O10640,2025-12-29,Nicole Austin,Iselin,Running Shoes,Fashion,2,59.99,119.98,Cash
C0641,O10641,2026-04-15,Kelly Roberts,Newark,Water Bottle,Sports,3,9.99,29.97,UPI
C0642,O10642,2025-06-20,Nancy Merritt,Iselin,Treadmill,Sports,1,399.99,399.99,Credit Card
C0643,O10643,2026-01-15,Jeffrey Gordon,Woodbridge,LED Monitor,Electronics,4,129.99,519.96,Cash
C0644,O10644,2025-07-24,Katherine Riley,Newark,Office Chair,Furniture,4,89.99,359.96,UPI
C0645,O10645,2026-03-15,Renee Jenkins,Jersey City,Hair Dryer,Home Appliances,2,29.99,59.98,UPI
C0646,O10646,2026-01-27,Sandra Phillips,Iselin,Coffee Maker,Home Appliances,5,79.99,399.95,UPI
C0647,O10647,2026-04-16,Brooke Pearson,Newark,Table Lamp,Home Decor,2,14.99,29.98,Credit Card
C0648,O10648,2025-12-14,Ashley Jones,Woodbridge,Notebook Pack,Stationery,3,3.99,11.97,UPI
C0649,O10649,2025-12-19,Roger Phelps,Edison,Wireless Earbuds,Electronics,2,49.99,99.98,Cash
C0650,O10650,2026-04-09,Jaclyn Browning,Iselin,Coffee Maker,Home Appliances,3,79.99,239.97,Credit Card
C0651,O10651,2025-07-20,Michele Martinez,Edison,LED Monitor,Electronics,4,129.99,519.96,Debit Card
C0652,O10652,2025-08-18,Sherry Oconnor,Iselin,Office Chair,Furniture,5,89.99,449.95,Credit Card
C0653,O10653,2026-04-09,Tina Baker,Jersey City,Desk Organizer,Stationery,4,7.99,31.96,Credit Card
C0654,O10654,2026-05-16,David Cox,Edison,Blender,Home Appliances,1,49.99,49.99,Credit Card
C0655,O10655,2025-12-23,Sean Lawson,Newark,Wall Clock,Home Decor,2,19.99,39.98,Debit Card
C0656,O10656,2026-02-19,Mr. Robert Pollard DDS,Jersey City,Office Chair,Furniture,1,89.99,89.99,Debit Card
C0657,O10657,2025-06-24,Robert Cooper,Woodbridge,Water Bottle,Sports,2,9.99,19.98,UPI
C0658,O10658,2026-05-26,Noah Myers,Jersey City,Treadmill,Sports,5,399.99,1999.95,Debit Card
C0659,O10659,2026-01-18,Jonathan Hines,Newark,Wireless Mouse,Electronics,5,19.99,99.95,UPI
C0660,O10660,2025-11-03,Michelle Larson,Edison,Backpack,Fashion,2,39.99,79.98,Debit Card
C0661,O10661,2025-07-29,Ryan Smith,Jersey City,Table Lamp,Home Decor,2,14.99,29.98,UPI
C0662,O10662,2025-12-27,Timothy Murphy,Edison,Blender,Home Appliances,5,49.99,249.95,Credit Card
C0663,O10663,2025-10-29,Phillip Esparza,Iselin,Wall Clock,Home Decor,4,19.99,79.96,Cash
C0664,O10664,2025-08-24,Amy Wright,Iselin,Smartwatch,Electronics,2,149.99,299.98,UPI
C0665,O10665,2026-01-23,Robin Thomas,Iselin,Backpack,Fashion,1,39.99,39.99,Debit Card
C0666,O10666,2025-06-23,Debra Brooks,Woodbridge,Keyboard,Electronics,1,24.99,24.99,UPI
C0667,O10667,2025-11-10,Jimmy Wells,Iselin,Perfume,Fashion,2,29.99,59.98,Debit Card
C0668,O10668,2025-12-28,Philip Davis,Iselin,Backpack,Fashion,3,39.99,119.97,Cash
C0669,O10669,2026-05-21,Crystal Flynn,Edison,Wireless Earbuds,Electronics,5,49.99,249.95,Cash
C0670,O10670,2025-10-27,Darin Bond,Edison,Hair Dryer,Home Appliances,2,29.99,59.98,Credit Card
C0671,O10671,2026-04-10,Marie Miller,Edison,Water Bottle,Sports,1,9.99,9.99,Credit Card
C0672,O10672,2025-08-02,Sheryl Fernandez,Jersey City,Table Lamp,Home Decor,3,14.99,44.97,UPI
C0673,O10673,2026-02-07,Brittany Mueller,Woodbridge,Running Shoes,Fashion,4,59.99,239.96,Cash
C0674,O10674,2025-11-09,Maria Clark,Iselin,Perfume,Fashion,3,29.99,89.97,Credit Card
C0675,O10675,2026-05-28,Gregory Boyle,Edison,Table Lamp,Home Decor,4,14.99,59.96,Debit Card
C0676,O10676,2026-01-15,Roger Klein,Woodbridge,Cricket Bat,Sports,1,79.99,79.99,Credit Card
C0677,O10677,2026-03-09,Jeanette Taylor,Jersey City,Backpack,Fashion,5,39.99,199.95,Debit Card
C0678,O10678,2026-04-04,Joshua Gonzales,Newark,Wireless Mouse,Electronics,1,19.99,19.99,UPI
C0679,O10679,2026-01-17,Jack Taylor,Jersey City,Wireless Earbuds,Electronics,5,49.99,249.95,Debit Card
C0680,O10680,2025-06-14,Spencer Burns,Iselin,Table Lamp,Home Decor,5,14.99,74.95,UPI
C0681,O10681,2026-05-08,Stephanie Perkins,Newark,Perfume,Fashion,4,29.99,119.96,Credit Card
C0682,O10682,2026-01-19,Jeffrey Medina,Iselin,Hair Dryer,Home Appliances,4,29.99,119.96,Credit Card
C0683,O10683,2025-11-17,Amy Kim,Edison,Keyboard,Electronics,2,24.99,49.98,Credit Card
C0684,O10684,2026-06-14,Vanessa Adams,Newark,Smartwatch,Electronics,1,149.99,149.99,Credit Card
C0685,O10685,2026-04-05,Jessica Cruz,Edison,Smartwatch,Electronics,2,149.99,299.98,Cash
C0686,O10686,2026-05-24,Amy Hill,Jersey City,Notebook Pack,Stationery,4,3.99,15.96,Cash
C0687,O10687,2026-05-08,Rodney Taylor,Newark,Hair Dryer,Home Appliances,2,29.99,59.98,Debit Card
C0688,O10688,2026-03-02,Amanda Long,Jersey City,Blender,Home Appliances,2,49.99,99.98,Cash
C0689,O10689,2025-11-19,Jennifer Miller DDS,Newark,Office Chair,Furniture,2,89.99,179.98,Credit Card
C0690,O10690,2026-06-12,Keith Baird,Woodbridge,Blender,Home Appliances,4,49.99,199.96,Debit Card
C0691,O10691,2025-07-21,Sonya Gomez,Jersey City,Table Lamp,Home Decor,2,14.99,29.98,Cash
C0692,O10692,2025-10-28,Jeffrey Dean,Jersey City,Treadmill,Sports,3,399.99,1199.97,Cash
C0693,O10693,2026-04-25,Jessica Schultz,Iselin,USB Cable,Electronics,4,5.99,23.96,Debit Card
C0694,O10694,2025-08-09,Kristen Sherman,Jersey City,Wireless Earbuds,Electronics,4,49.99,199.96,Cash
C0695,O10695,2026-03-05,Courtney Mcgee,Jersey City,Treadmill,Sports,1,399.99,399.99,UPI
C0696,O10696,2025-10-26,Lisa Graham,Iselin,Wireless Earbuds,Electronics,1,49.99,49.99,Credit Card
C0697,O10697,2026-03-13,Christopher Moyer MD,Iselin,LED Monitor,Electronics,2,129.99,259.98,UPI
C0698,O10698,2025-10-29,Joshua Price,Newark,Office Chair,Furniture,2,89.99,179.98,Cash
C0699,O10699,2026-03-23,Trevor White,Woodbridge,Water Bottle,Sports,5,9.99,49.95,UPI
C0700,O10700,2026-04-09,Larry Alexander,Jersey City,Coffee Maker,Home Appliances,2,79.99,159.98,Credit Card
C0701,O10701,2026-01-07,Louis Moreno,Edison,Table Lamp,Home Decor,3,14.99,44.97,UPI
C0702,O10702,2026-01-16,Paula Higgins,Woodbridge,Backpack,Fashion,4,39.99,159.96,Credit Card
C0703,O10703,2026-02-05,Amber Juarez,Iselin,Keyboard,Electronics,4,24.99,99.96,UPI
C0704,O10704,2026-05-03,David Wright,Edison,USB Cable,Electronics,3,5.99,17.97,Credit Card
C0705,O10705,2025-08-16,Michael Hardy,Iselin,Coffee Maker,Home Appliances,5,79.99,399.95,Debit Card
C0706,O10706,2026-03-31,Jesse Armstrong,Edison,Table Lamp,Home Decor,3,14.99,44.97,UPI
C0707,O10707,2025-11-26,Jessica Phillips,Newark,Office Chair,Furniture,3,89.99,269.97,Cash
C0708,O10708,2026-01-16,Theresa Fisher,Jersey City,Blender,Home Appliances,2,49.99,99.98,Debit Card
C0709,O10709,2026-01-11,Jason Martin,Iselin,Water Bottle,Sports,3,9.99,29.97,Credit Card
C0710,O10710,2025-12-19,Allison Rogers,Woodbridge,Table Lamp,Home Decor,1,14.99,14.99,Credit Card
C0711,O10711,2026-02-09,Calvin Simpson,Newark,Table Lamp,Home Decor,5,14.99,74.95,Credit Card
C0712,O10712,2026-05-08,Mary Bright,Newark,Smartwatch,Electronics,2,149.99,299.98,Cash
C0713,O10713,2026-04-17,Andrew Smith,Iselin,Keyboard,Electronics,4,24.99,99.96,Credit Card
C0714,O10714,2025-07-30,Sara Soto,Iselin,Notebook Pack,Stationery,5,3.99,19.95,Debit Card
C0715,O10715,2026-03-08,Krystal Brown,Edison,Coffee Maker,Home Appliances,5,79.99,399.95,Debit Card
C0716,O10716,2025-10-17,Rebecca Moore,Woodbridge,Blender,Home Appliances,5,49.99,249.95,Cash
C0717,O10717,2025-12-16,Benjamin Greene,Jersey City,Hair Dryer,Home Appliances,2,29.99,59.98,Credit Card
C0718,O10718,2025-07-20,Jennifer Mathis,Jersey City,Backpack,Fashion,3,39.99,119.97,UPI
C0719,O10719,2026-02-06,Laura Welch,Newark,Cricket Bat,Sports,5,79.99,399.95,Cash
C0720,O10720,2026-04-09,Michael Lee,Newark,Office Chair,Furniture,4,89.99,359.96,Debit Card
C0721,O10721,2026-02-07,Anthony Potter,Edison,Hair Dryer,Home Appliances,3,29.99,89.97,Credit Card
C0722,O10722,2025-12-12,Larry Munoz,Jersey City,Blender,Home Appliances,2,49.99,99.98,UPI
C0723,O10723,2026-02-08,Billy Jackson,Iselin,Keyboard,Electronics,5,24.99,124.95,UPI
C0724,O10724,2025-08-05,Robert Hall DVM,Edison,Perfume,Fashion,3,29.99,89.97,UPI
C0725,O10725,2025-06-26,John Hull,Newark,Desk Organizer,Stationery,1,7.99,7.99,Debit Card
C0726,O10726,2026-03-21,Erika Banks,Jersey City,Backpack,Fashion,2,39.99,79.98,Cash
C0727,O10727,2025-09-14,Corey Moore,Jersey City,Keyboard,Electronics,3,24.99,74.97,Cash
C0728,O10728,2025-09-20,Olivia Stanley,Jersey City,Desk Organizer,Stationery,1,7.99,7.99,UPI
C0729,O10729,2026-04-21,Debra May,Newark,Backpack,Fashion,4,39.99,159.96,Credit Card
C0730,O10730,2025-07-02,Jody Valencia,Edison,Desk Organizer,Stationery,3,7.99,23.97,UPI
C0731,O10731,2026-01-22,Mary West,Edison,Backpack,Fashion,1,39.99,39.99,Debit Card
C0732,O10732,2025-07-01,Mary Cook,Newark,Blender,Home Appliances,3,49.99,149.97,Cash
C0733,O10733,2025-06-22,Penny Boyd,Edison,Hair Dryer,Home Appliances,4,29.99,119.96,Debit Card
C0734,O10734,2026-03-17,Erin Fisher,Woodbridge,Coffee Maker,Home Appliances,1,79.99,79.99,Credit Card
C0735,O10735,2025-06-18,Jordan Yoder,Woodbridge,Cricket Bat,Sports,4,79.99,319.96,Cash
C0736,O10736,2025-10-26,Kelsey Smith,Iselin,Table Lamp,Home Decor,4,14.99,59.96,Debit Card
C0737,O10737,2025-11-29,Cynthia Smith,Woodbridge,Wireless Mouse,Electronics,4,19.99,79.96,Credit Card
C0738,O10738,2025-06-29,Angelica Moore,Jersey City,Perfume,Fashion,3,29.99,89.97,Credit Card
C0739,O10739,2025-10-14,Ashley Day,Newark,Water Bottle,Sports,2,9.99,19.98,Cash
C0740,O10740,2025-11-01,Jennifer Miller,Jersey City,Keyboard,Electronics,3,24.99,74.97,Credit Card
C0741,O10741,2026-02-02,Shelly Trujillo,Jersey City,Backpack,Fashion,3,39.99,119.97,Credit Card
C0742,O10742,2025-07-30,Michelle Brown,Jersey City,Perfume,Fashion,3,29.99,89.97,UPI
C0743,O10743,2026-02-28,Jennifer Sanchez,Jersey City,Wireless Earbuds,Electronics,3,49.99,149.97,Credit Card
C0744,O10744,2025-06-14,Justin Miller,Jersey City,Table Lamp,Home Decor,4,14.99,59.96,UPI
C0745,O10745,2026-03-03,Matthew Douglas,Woodbridge,USB Cable,Electronics,4,5.99,23.96,Cash
C0746,O10746,2025-07-21,Pamela Reynolds,Edison,LED Monitor,Electronics,5,129.99,649.95,Cash
C0747,O10747,2026-05-17,Edwin Lewis,Edison,Smartwatch,Electronics,5,149.99,749.95,Credit Card
C0748,O10748,2025-09-08,Daniel Morris,Iselin,USB Cable,Electronics,1,5.99,5.99,Credit Card
C0749,O10749,2025-06-22,Erica Green,Newark,Wireless Mouse,Electronics,2,19.99,39.98,Credit Card
C0750,O10750,2025-11-25,Kelly Larson,Jersey City,Running Shoes,Fashion,5,59.99,299.95,Credit Card
C0751,O10751,2026-01-11,Jill Barrett,Iselin,Blender,Home Appliances,4,49.99,199.96,Cash
C0752,O10752,2026-02-15,Lori Lewis,Iselin,Wireless Mouse,Electronics,5,19.99,99.95,Credit Card
C0753,O10753,2025-09-29,John Martin,Jersey City,Running Shoes,Fashion,2,59.99,119.98,Cash
C0754,O10754,2025-08-05,Thomas Perez,Jersey City,LED Monitor,Electronics,1,129.99,129.99,Cash
C0755,O10755,2025-08-18,Grace Perry,Iselin,Coffee Maker,Home Appliances,5,79.99,399.95,Cash
C0756,O10756,2025-11-26,Eric Barrera,Edison,Backpack,Fashion,4,39.99,159.96,Debit Card
C0757,O10757,2025-09-27,David Bush,Woodbridge,Wireless Earbuds,Electronics,3,49.99,149.97,Debit Card
C0758,O10758,2026-04-09,Louis Collins,Edison,Keyboard,Electronics,4,24.99,99.96,Credit Card
C0759,O10759,2025-07-26,Jeffrey Reeves,Woodbridge,Backpack,Fashion,2,39.99,79.98,Cash
C0760,O10760,2025-11-21,Shannon Williams,Woodbridge,Wireless Earbuds,Electronics,3,49.99,149.97,UPI
C0761,O10761,2026-04-03,Katherine Lee,Jersey City,Table Lamp,Home Decor,4,14.99,59.96,Cash
C0762,O10762,2025-08-16,Shannon Obrien,Woodbridge,USB Cable,Electronics,1,5.99,5.99,Credit Card
C0763,O10763,2025-11-06,Kari Dean,Iselin,Desk Organizer,Stationery,4,7.99,31.96,Credit Card
C0764,O10764,2026-05-21,Clayton Richardson,Edison,Backpack,Fashion,3,39.99,119.97,Debit Card
C0765,O10765,2025-11-14,Lisa Romero,Edison,Water Bottle,Sports,3,9.99,29.97,Debit Card
C0766,O10766,2025-11-20,Danielle Molina,Edison,Cricket Bat,Sports,3,79.99,239.97,Debit Card
C0767,O10767,2025-10-15,Jennifer Lewis,Woodbridge,Perfume,Fashion,1,29.99,29.99,Credit Card
C0768,O10768,2025-11-10,Andrew Stephens,Newark,Keyboard,Electronics,2,24.99,49.98,Credit Card
C0769,O10769,2025-12-02,James Russell,Iselin,Smartwatch,Electronics,1,149.99,149.99,Cash
C0770,O10770,2026-03-05,Heather Williams,Newark,Table Lamp,Home Decor,5,14.99,74.95,Cash
C0771,O10771,2026-02-21,Alyssa Mathews,Iselin,Running Shoes,Fashion,1,59.99,59.99,Credit Card
C0772,O10772,2026-01-07,Brady Williams,Newark,Treadmill,Sports,2,399.99,799.98,UPI
C0773,O10773,2026-03-20,Benjamin Jefferson,Iselin,Wall Clock,Home Decor,3,19.99,59.97,UPI
C0774,O10774,2026-05-23,Casey Ramirez,Iselin,Perfume,Fashion,2,29.99,59.98,UPI
C0775,O10775,2026-04-25,Mr. Daniel Flores,Edison,Cricket Bat,Sports,5,79.99,399.95,Credit Card
C0776,O10776,2025-09-24,Justin Herman,Newark,USB Cable,Electronics,4,5.99,23.96,Cash
C0777,O10777,2026-01-12,Shawn Perez,Iselin,Perfume,Fashion,3,29.99,89.97,UPI
C0778,O10778,2025-12-12,Patty Berg,Jersey City,Water Bottle,Sports,1,9.99,9.99,Cash
C0779,O10779,2026-01-21,Gabriel Mcdonald,Edison,Backpack,Fashion,1,39.99,39.99,Debit Card
C0780,O10780,2026-04-24,Christina Kirby,Iselin,Cricket Bat,Sports,1,79.99,79.99,Credit Card
C0781,O10781,2026-02-02,Grant Gomez,Iselin,Coffee Maker,Home Appliances,4,79.99,319.96,Debit Card
C0782,O10782,2026-03-02,Dr. David Phillips DDS,Jersey City,Treadmill,Sports,1,399.99,399.99,Cash
C0783,O10783,2025-12-02,Matthew Ware,Woodbridge,Coffee Maker,Home Appliances,3,79.99,239.97,Cash
C0784,O10784,2026-03-05,Nicole Curry,Woodbridge,Hair Dryer,Home Appliances,4,29.99,119.96,Cash
C0785,O10785,2026-06-03,Rita Christian,Iselin,Smartwatch,Electronics,2,149.99,299.98,Credit Card
C0786,O10786,2025-08-07,Stacey Rose,Woodbridge,Coffee Maker,Home Appliances,3,79.99,239.97,UPI
C0787,O10787,2025-06-23,Christopher Hanson,Edison,Desk Organizer,Stationery,3,7.99,23.97,Credit Card
C0788,O10788,2025-07-22,Megan Moore,Jersey City,Water Bottle,Sports,1,9.99,9.99,Debit Card
C0789,O10789,2025-11-05,Barry Mcmahon,Newark,Cricket Bat,Sports,2,79.99,159.98,Debit Card
C0790,O10790,2026-01-04,Linda King,Edison,Hair Dryer,Home Appliances,2,29.99,59.98,UPI
C0791,O10791,2025-08-13,Susan Williams MD,Jersey City,USB Cable,Electronics,5,5.99,29.95,UPI
C0792,O10792,2026-04-12,Darren Alvarado,Woodbridge,Running Shoes,Fashion,4,59.99,239.96,Cash
C0793,O10793,2026-05-08,Joel Martinez,Newark,Coffee Maker,Home Appliances,4,79.99,319.96,Cash
C0794,O10794,2026-03-11,Miguel Harvey,Newark,Backpack,Fashion,4,39.99,159.96,Cash
C0795,O10795,2026-02-17,Melanie Stokes,Newark,Table Lamp,Home Decor,4,14.99,59.96,Debit Card
C0796,O10796,2025-06-14,Tyler Moore PhD,Woodbridge,Keyboard,Electronics,4,24.99,99.96,Cash
C0797,O10797,2025-07-05,Andrea Russo,Iselin,Wall Clock,Home Decor,3,19.99,59.97,Cash
C0798,O10798,2025-11-26,Nicole Warren,Edison,Cricket Bat,Sports,4,79.99,319.96,UPI
C0799,O10799,2025-12-17,Peter Wright,Jersey City,USB Cable,Electronics,3,5.99,17.97,UPI
C0800,O10800,2026-04-24,Deborah Raymond,Iselin,Desk Organizer,Stationery,2,7.99,15.98,Cash
C0801,O10801,2025-08-18,Melanie Jackson,Edison,Wall Clock,Home Decor,3,19.99,59.97,UPI
C0802,O10802,2025-09-24,Ashley Moore,Edison,Smartwatch,Electronics,4,149.99,599.96,Cash
C0803,O10803,2026-06-02,Dana Santos,Newark,Desk Organizer,Stationery,2,7.99,15.98,UPI
C0804,O10804,2026-01-28,Mark Miller,Iselin,Treadmill,Sports,3,399.99,1199.97,UPI
C0805,O10805,2025-07-07,Peter Perez,Edison,Office Chair,Furniture,2,89.99,179.98,UPI
C0806,O10806,2026-02-25,Sarah Thompson,Iselin,Office Chair,Furniture,1,89.99,89.99,Credit Card
C0807,O10807,2026-05-15,Kimberly Velez,Newark,Office Chair,Furniture,3,89.99,269.97,Cash
C0808,O10808,2026-03-15,Christopher Larson,Iselin,Office Chair,Furniture,1,89.99,89.99,Cash
C0809,O10809,2026-02-22,Elizabeth Lopez,Newark,Running Shoes,Fashion,3,59.99,179.97,Credit Card
C0810,O10810,2026-03-03,Phillip Page,Edison,Perfume,Fashion,3,29.99,89.97,Cash
C0811,O10811,2025-07-01,Robin Brown,Woodbridge,Wireless Mouse,Electronics,4,19.99,79.96,Credit Card
C0812,O10812,2025-12-27,Lauren Rowe,Woodbridge,Notebook Pack,Stationery,1,3.99,3.99,Cash
C0813,O10813,2025-12-08,Emily Clark,Woodbridge,Table Lamp,Home Decor,4,14.99,59.96,Credit Card
C0814,O10814,2026-05-24,Erica Rodriguez,Edison,Office Chair,Furniture,3,89.99,269.97,Credit Card
C0815,O10815,2025-09-16,Matthew Lucas,Newark,Blender,Home Appliances,4,49.99,199.96,Credit Card
C0816,O10816,2026-01-15,Kaitlyn Wilson,Newark,Smartwatch,Electronics,3,149.99,449.97,UPI
C0817,O10817,2026-03-26,Nathaniel Keith,Edison,Table Lamp,Home Decor,1,14.99,14.99,Debit Card
C0818,O10818,2025-09-13,Paul Warren,Iselin,USB Cable,Electronics,3,5.99,17.97,Credit Card
C0819,O10819,2026-05-24,Adam Scott,Jersey City,USB Cable,Electronics,4,5.99,23.96,UPI
C0820,O10820,2025-09-06,Julie Mason,Newark,Table Lamp,Home Decor,5,14.99,74.95,Cash
C0821,O10821,2025-10-24,Jeffrey Jones,Jersey City,Keyboard,Electronics,3,24.99,74.97,UPI
C0822,O10822,2025-07-01,Troy Clark,Woodbridge,Backpack,Fashion,4,39.99,159.96,Debit Card
C0823,O10823,2026-02-26,Jeffrey Marsh,Newark,Coffee Maker,Home Appliances,1,79.99,79.99,Debit Card
C0824,O10824,2025-11-24,Jason Morales,Jersey City,Backpack,Fashion,1,39.99,39.99,Debit Card
C0825,O10825,2025-12-15,Jessica Mcdonald,Edison,Cricket Bat,Sports,4,79.99,319.96,Debit Card
C0826,O10826,2026-03-15,Ashley Cooley,Woodbridge,Running Shoes,Fashion,4,59.99,239.96,Cash
C0827,O10827,2026-04-08,Charles Stanton,Woodbridge,Coffee Maker,Home Appliances,1,79.99,79.99,Cash
C0828,O10828,2026-01-31,Brooke Fletcher,Woodbridge,Office Chair,Furniture,2,89.99,179.98,Cash
C0829,O10829,2025-12-25,Daniel Soto,Iselin,Perfume,Fashion,5,29.99,149.95,Cash
C0830,O10830,2026-01-12,Mark Adams,Iselin,Backpack,Fashion,1,39.99,39.99,Debit Card
C0831,O10831,2025-10-07,Natalie Weaver,Newark,Coffee Maker,Home Appliances,1,79.99,79.99,Credit Card
C0832,O10832,2025-09-12,Caitlin Dyer,Woodbridge,Running Shoes,Fashion,4,59.99,239.96,Debit Card
C0833,O10833,2025-12-04,Raymond Wilkins,Newark,Hair Dryer,Home Appliances,5,29.99,149.95,Debit Card
C0834,O10834,2025-12-18,Ashley Ramos,Woodbridge,Office Chair,Furniture,4,89.99,359.96,Cash
C0835,O10835,2026-04-17,Cheryl Porter,Jersey City,Backpack,Fashion,3,39.99,119.97,Debit Card
C0836,O10836,2026-05-31,Gabrielle Townsend,Woodbridge,Water Bottle,Sports,2,9.99,19.98,Credit Card
C0837,O10837,2026-05-01,Christopher Campos,Edison,Wall Clock,Home Decor,2,19.99,39.98,Cash
C0838,O10838,2026-06-07,Emily Rowe,Woodbridge,Treadmill,Sports,2,399.99,799.98,Cash
C0839,O10839,2025-11-02,James Ward,Jersey City,Notebook Pack,Stationery,2,3.99,7.98,UPI
C0840,O10840,2025-08-05,Justin Garcia,Iselin,Wireless Earbuds,Electronics,1,49.99,49.99,Cash
C0841,O10841,2026-03-11,Tina Valdez,Jersey City,Notebook Pack,Stationery,4,3.99,15.96,UPI
C0842,O10842,2025-06-29,Ashley Taylor,Iselin,Coffee Maker,Home Appliances,2,79.99,159.98,Debit Card
C0843,O10843,2025-09-15,Debbie Gregory,Newark,Hair Dryer,Home Appliances,5,29.99,149.95,UPI
C0844,O10844,2025-09-03,Denise Bennett,Iselin,LED Monitor,Electronics,5,129.99,649.95,Credit Card
C0845,O10845,2025-06-21,Benjamin Chavez,Iselin,Wireless Earbuds,Electronics,3,49.99,149.97,Cash
C0846,O10846,2026-05-13,Thomas Davis,Iselin,Coffee Maker,Home Appliances,1,79.99,79.99,UPI
C0847,O10847,2025-06-30,Timothy Humphrey,Newark,Hair Dryer,Home Appliances,3,29.99,89.97,UPI
C0848,O10848,2026-05-02,Kyle Vincent,Woodbridge,Keyboard,Electronics,1,24.99,24.99,Cash
C0849,O10849,2026-05-19,Amanda Riley,Iselin,Hair Dryer,Home Appliances,3,29.99,89.97,Credit Card
C0850,O10850,2025-11-05,Bradley Estrada,Edison,Wireless Mouse,Electronics,5,19.99,99.95,UPI
C0851,O10851,2025-08-25,Edward Howard,Jersey City,Treadmill,Sports,2,399.99,799.98,UPI
C0852,O10852,2026-04-11,Samantha Villanueva,Jersey City,Desk Organizer,Stationery,3,7.99,23.97,Credit Card
C0853,O10853,2026-01-31,Mark Tucker,Jersey City,Wall Clock,Home Decor,4,19.99,79.96,Debit Card
C0854,O10854,2026-01-27,James Tanner,Jersey City,USB Cable,Electronics,2,5.99,11.98,Debit Card
C0855,O10855,2026-06-06,Antonio Brennan,Newark,Wireless Mouse,Electronics,3,19.99,59.97,Debit Card
C0856,O10856,2025-12-23,Robert Taylor,Newark,Cricket Bat,Sports,2,79.99,159.98,UPI
C0857,O10857,2025-11-15,Ryan Martinez,Edison,LED Monitor,Electronics,5,129.99,649.95,Credit Card
C0858,O10858,2025-10-23,Jacqueline Chang,Newark,Keyboard,Electronics,3,24.99,74.97,Cash
C0859,O10859,2026-06-01,Michael Davis,Iselin,Backpack,Fashion,1,39.99,39.99,Cash
C0860,O10860,2026-06-06,Jose Duran,Jersey City,Desk Organizer,Stationery,4,7.99,31.96,Credit Card
C0861,O10861,2025-11-29,Brendan Carter,Woodbridge,Treadmill,Sports,1,399.99,399.99,Cash
C0862,O10862,2026-02-13,Rebecca Kennedy,Jersey City,Desk Organizer,Stationery,1,7.99,7.99,Debit Card
C0863,O10863,2025-09-22,Norman Moore,Woodbridge,Office Chair,Furniture,3,89.99,269.97,Debit Card
C0864,O10864,2026-03-22,Lisa Griffin,Jersey City,Smartwatch,Electronics,2,149.99,299.98,Cash
C0865,O10865,2025-07-20,Amy Jones,Jersey City,Treadmill,Sports,2,399.99,799.98,UPI
C0866,O10866,2025-10-22,Mark Bradley,Iselin,LED Monitor,Electronics,1,129.99,129.99,Credit Card
C0867,O10867,2025-08-23,Jessica Rivera,Edison,Wireless Earbuds,Electronics,1,49.99,49.99,Debit Card
C0868,O10868,2025-06-16,Michelle Mcdaniel,Newark,Backpack,Fashion,2,39.99,79.98,Debit Card
C0869,O10869,2026-04-29,Shannon Strickland,Edison,Hair Dryer,Home Appliances,1,29.99,29.99,Credit Card
C0870,O10870,2025-12-10,Kevin Rice,Newark,Treadmill,Sports,5,399.99,1999.95,Debit Card
C0871,O10871,2025-08-03,Michael Gonzalez,Iselin,Cricket Bat,Sports,4,79.99,319.96,Cash
C0872,O10872,2025-07-03,Rebecca Archer,Newark,Running Shoes,Fashion,3,59.99,179.97,UPI
C0873,O10873,2026-03-28,Timothy Torres,Woodbridge,Desk Organizer,Stationery,3,7.99,23.97,Debit Card
C0874,O10874,2026-02-08,Karen Solis,Jersey City,LED Monitor,Electronics,3,129.99,389.97,Cash
C0875,O10875,2025-10-23,Mary Petersen,Edison,Wall Clock,Home Decor,1,19.99,19.99,Debit Card
C0876,O10876,2025-08-23,Brent Hall,Jersey City,Office Chair,Furniture,2,89.99,179.98,Debit Card
C0877,O10877,2025-12-31,Brianna Martin,Jersey City,Wall Clock,Home Decor,4,19.99,79.96,Credit Card
C0878,O10878,2025-12-27,Charles Pearson,Woodbridge,Blender,Home Appliances,4,49.99,199.96,Cash
C0879,O10879,2025-09-14,Casey Henderson,Newark,Perfume,Fashion,5,29.99,149.95,Credit Card
C0880,O10880,2026-05-27,Nathan Morrow,Iselin,Coffee Maker,Home Appliances,2,79.99,159.98,Debit Card
C0881,O10881,2026-05-10,Jonathan Reyes MD,Edison,Office Chair,Furniture,2,89.99,179.98,Debit Card
C0882,O10882,2026-01-13,Eric Harris,Woodbridge,LED Monitor,Electronics,3,129.99,389.97,Credit Card
C0883,O10883,2026-03-03,Jacob Briggs,Newark,Backpack,Fashion,3,39.99,119.97,Credit Card
C0884,O10884,2025-11-30,Christopher Cortez,Newark,Backpack,Fashion,5,39.99,199.95,Cash
C0885,O10885,2026-02-03,Tonya Ponce,Woodbridge,Wall Clock,Home Decor,3,19.99,59.97,UPI
C0886,O10886,2026-05-17,Eugene Roberts,Newark,LED Monitor,Electronics,2,129.99,259.98,UPI
C0887,O10887,2026-01-06,Jack Rodriguez,Woodbridge,Treadmill,Sports,5,399.99,1999.95,Cash
C0888,O10888,2025-06-20,Judy Lucas,Newark,LED Monitor,Electronics,1,129.99,129.99,Cash
C0889,O10889,2025-09-10,Tim Costa,Edison,Office Chair,Furniture,3,89.99,269.97,Cash
C0890,O10890,2025-10-01,Anna Martinez,Iselin,USB Cable,Electronics,1,5.99,5.99,Debit Card
C0891,O10891,2026-01-27,Raymond Dominguez,Newark,USB Cable,Electronics,2,5.99,11.98,UPI
C0892,O10892,2026-01-17,Natasha Brandt,Newark,Running Shoes,Fashion,3,59.99,179.97,UPI
C0893,O10893,2026-05-29,Deborah Jackson,Newark,Blender,Home Appliances,2,49.99,99.98,Debit Card
C0894,O10894,2025-06-22,Luis Valdez,Newark,Cricket Bat,Sports,2,79.99,159.98,Cash
C0895,O10895,2025-10-02,Linda Foster,Iselin,Wireless Mouse,Electronics,1,19.99,19.99,Cash
C0896,O10896,2025-06-15,Carly Schmidt,Woodbridge,LED Monitor,Electronics,3,129.99,389.97,Debit Card
C0897,O10897,2026-05-15,Lisa Anderson,Woodbridge,Wall Clock,Home Decor,3,19.99,59.97,UPI
C0898,O10898,2026-03-04,Joshua Burnett,Woodbridge,Backpack,Fashion,2,39.99,79.98,UPI
C0899,O10899,2025-11-01,Dylan Lopez,Newark,Cricket Bat,Sports,3,79.99,239.97,UPI
C0900,O10900,2025-07-31,Briana Bennett,Iselin,Smartwatch,Electronics,1,149.99,149.99,Debit Card
C0901,O10901,2025-12-03,Mary Dorsey,Iselin,Treadmill,Sports,3,399.99,1199.97,Cash
C0902,O10902,2025-07-11,Harold Perez,Jersey City,Water Bottle,Sports,1,9.99,9.99,Debit Card
C0903,O10903,2026-01-06,Vicki Allison,Edison,Coffee Maker,Home Appliances,5,79.99,399.95,Credit Card
C0904,O10904,2026-04-13,Suzanne Roberts,Edison,Hair Dryer,Home Appliances,4,29.99,119.96,UPI
C0905,O10905,2026-05-14,Tara Smith,Iselin,Wireless Earbuds,Electronics,3,49.99,149.97,Cash
C0906,O10906,2026-01-20,Tamara Noble,Newark,Wireless Earbuds,Electronics,2,49.99,99.98,Debit Card
C0907,O10907,2025-07-13,Natalie Harvey,Newark,Wireless Earbuds,Electronics,1,49.99,49.99,Debit Card
C0908,O10908,2025-07-04,Andrew Bailey,Jersey City,Treadmill,Sports,4,399.99,1599.96,UPI
C0909,O10909,2025-10-20,Kelsey Martinez,Jersey City,Cricket Bat,Sports,1,79.99,79.99,Cash
C0910,O10910,2026-01-28,Michael Jenkins,Iselin,USB Cable,Electronics,5,5.99,29.95,Credit Card
C0911,O10911,2026-06-02,Megan Ramirez,Iselin,Office Chair,Furniture,5,89.99,449.95,Debit Card
C0912,O10912,2026-05-10,Stephanie Miller,Edison,Coffee Maker,Home Appliances,4,79.99,319.96,Credit Card
C0913,O10913,2025-07-03,Travis Hunt,Newark,Blender,Home Appliances,5,49.99,249.95,Debit Card
C0914,O10914,2025-12-29,William Moore,Newark,Cricket Bat,Sports,1,79.99,79.99,Debit Card
C0915,O10915,2026-01-26,Joshua Evans,Iselin,Keyboard,Electronics,3,24.99,74.97,Credit Card
C0916,O10916,2025-08-06,Norma Nicholson,Iselin,Cricket Bat,Sports,4,79.99,319.96,Cash
C0917,O10917,2025-08-27,Jamie Holmes,Jersey City,Blender,Home Appliances,2,49.99,99.98,Debit Card
C0918,O10918,2025-12-31,Heather Woods,Jersey City,Wall Clock,Home Decor,3,19.99,59.97,Debit Card
C0919,O10919,2026-06-07,Steven Avery,Woodbridge,Running Shoes,Fashion,2,59.99,119.98,Debit Card
C0920,O10920,2025-09-22,Alexis Simpson,Jersey City,Running Shoes,Fashion,3,59.99,179.97,Cash
C0921,O10921,2026-01-22,Christina Robinson,Jersey City,Coffee Maker,Home Appliances,2,79.99,159.98,Cash
C0922,O10922,2026-01-19,Nicole Boyer,Woodbridge,LED Monitor,Electronics,1,129.99,129.99,UPI
C0923,O10923,2026-05-29,Christopher Levine,Jersey City,Perfume,Fashion,4,29.99,119.96,Cash
C0924,O10924,2026-01-20,Shannon Pratt,Woodbridge,LED Monitor,Electronics,2,129.99,259.98,UPI
C0925,O10925,2026-06-03,Joseph Johnson,Woodbridge,Table Lamp,Home Decor,2,14.99,29.98,Debit Card
C0926,O10926,2026-01-30,Lauren Reeves,Woodbridge,Desk Organizer,Stationery,1,7.99,7.99,Debit Card
C0927,O10927,2025-11-17,Stephen Ho,Edison,Table Lamp,Home Decor,1,14.99,14.99,Debit Card
C0928,O10928,2025-12-26,Mrs. Patricia Velasquez,Jersey City,Running Shoes,Fashion,5,59.99,299.95,UPI
C0929,O10929,2026-02-22,Crystal Pacheco,Newark,Notebook Pack,Stationery,5,3.99,19.95,UPI
C0930,O10930,2025-09-01,Kimberly Hartman,Jersey City,Wireless Earbuds,Electronics,5,49.99,249.95,Credit Card
C0931,O10931,2026-03-07,Crystal Ruiz,Iselin,Coffee Maker,Home Appliances,3,79.99,239.97,Debit Card
C0932,O10932,2025-09-27,Beverly West,Jersey City,Water Bottle,Sports,4,9.99,39.96,Cash
C0933,O10933,2026-03-28,Christopher Castro,Newark,Perfume,Fashion,3,29.99,89.97,Credit Card
C0934,O10934,2026-01-01,Janet Williams,Edison,Water Bottle,Sports,1,9.99,9.99,Cash
C0935,O10935,2026-03-18,Natalie Clark,Iselin,Blender,Home Appliances,2,49.99,99.98,UPI
C0936,O10936,2026-03-17,Robin Bennett,Jersey City,Office Chair,Furniture,4,89.99,359.96,Debit Card
C0937,O10937,2025-07-26,Lisa Taylor,Woodbridge,Treadmill,Sports,3,399.99,1199.97,Cash
C0938,O10938,2025-10-12,Jason Grant,Woodbridge,Office Chair,Furniture,2,89.99,179.98,UPI
C0939,O10939,2025-11-11,Robert Williamson MD,Newark,Cricket Bat,Sports,5,79.99,399.95,Credit Card
C0940,O10940,2026-01-03,Richard Mcdowell,Newark,Table Lamp,Home Decor,1,14.99,14.99,UPI
C0941,O10941,2026-05-08,Brianna Glenn,Woodbridge,Wall Clock,Home Decor,5,19.99,99.95,Debit Card
C0942,O10942,2025-07-12,William Howard,Woodbridge,Wall Clock,Home Decor,1,19.99,19.99,Credit Card
C0943,O10943,2026-06-06,Anthony Cline,Jersey City,Smartwatch,Electronics,4,149.99,599.96,UPI
C0944,O10944,2025-12-16,Larry Fuller,Iselin,Treadmill,Sports,4,399.99,1599.96,UPI
C0945,O10945,2025-09-09,Alice Lee,Newark,Coffee Maker,Home Appliances,1,79.99,79.99,Debit Card
C0946,O10946,2026-01-20,Richard Freeman,Iselin,Coffee Maker,Home Appliances,4,79.99,319.96,Credit Card
C0947,O10947,2025-07-26,James Spencer,Newark,Backpack,Fashion,5,39.99,199.95,UPI
C0948,O10948,2025-06-30,Devon Bishop,Jersey City,Keyboard,Electronics,1,24.99,24.99,UPI
C0949,O10949,2026-05-05,Russell Medina,Iselin,USB Cable,Electronics,5,5.99,29.95,Credit Card
C0950,O10950,2026-05-11,Monica Hill,Newark,Blender,Home Appliances,4,49.99,199.96,Credit Card
C0951,O10951,2026-02-28,Christina Murphy,Iselin,Coffee Maker,Home Appliances,5,79.99,399.95,UPI
C0952,O10952,2026-02-22,Alexandra Oconnor,Jersey City,Water Bottle,Sports,2,9.99,19.98,UPI
C0953,O10953,2025-09-17,Jennifer Black,Woodbridge,Wireless Mouse,Electronics,5,19.99,99.95,Credit Card
C0954,O10954,2026-02-24,Joan Atkins,Woodbridge,LED Monitor,Electronics,3,129.99,389.97,Cash
C0955,O10955,2026-02-09,James Young,Iselin,USB Cable,Electronics,3,5.99,17.97,Credit Card
C0956,O10956,2026-01-31,Donald Greene,Woodbridge,Smartwatch,Electronics,3,149.99,449.97,Debit Card
C0957,O10957,2026-05-22,Erik Smith,Woodbridge,Office Chair,Furniture,2,89.99,179.98,Debit Card
C0958,O10958,2026-05-08,Travis Garcia,Woodbridge,Smartwatch,Electronics,2,149.99,299.98,Debit Card
C0959,O10959,2025-10-14,Tammy Gilbert,Edison,Blender,Home Appliances,2,49.99,99.98,Cash
C0960,O10960,2026-06-05,Patrick Brown,Woodbridge,Water Bottle,Sports,1,9.99,9.99,Cash
C0961,O10961,2025-12-21,Joseph Griffin,Edison,Treadmill,Sports,1,399.99,399.99,UPI
C0962,O10962,2026-03-21,Melissa Roberts,Edison,Coffee Maker,Home Appliances,2,79.99,159.98,Debit Card
C0963,O10963,2026-06-12,Marissa Vazquez,Jersey City,Notebook Pack,Stationery,4,3.99,15.96,UPI
C0964,O10964,2025-12-24,Kaitlyn Vaughan,Woodbridge,Treadmill,Sports,5,399.99,1999.95,Credit Card
C0965,O10965,2025-11-13,Darrell Garcia,Woodbridge,Smartwatch,Electronics,5,149.99,749.95,UPI
C0966,O10966,2026-06-09,Caitlyn Haney,Iselin,Treadmill,Sports,3,399.99,1199.97,UPI
C0967,O10967,2025-12-29,Nicole Wang,Edison,Backpack,Fashion,3,39.99,119.97,Debit Card
C0968,O10968,2025-12-19,Sarah Nelson MD,Edison,Notebook Pack,Stationery,5,3.99,19.95,Cash
C0969,O10969,2025-06-17,Andrew Navarro,Edison,Office Chair,Furniture,5,89.99,449.95,UPI
C0970,O10970,2026-06-13,Amy Cook,Iselin,Running Shoes,Fashion,4,59.99,239.96,Credit Card
C0971,O10971,2025-11-03,Nicholas Lucas,Iselin,Notebook Pack,Stationery,5,3.99,19.95,Credit Card
C0972,O10972,2026-06-01,Dawn Smith,Newark,Office Chair,Furniture,2,89.99,179.98,Credit Card
C0973,O10973,2026-04-26,Anne Smith,Woodbridge,Cricket Bat,Sports,1,79.99,79.99,Cash
C0974,O10974,2025-06-16,Lisa Boyd,Iselin,Treadmill,Sports,4,399.99,1599.96,Cash
C0975,O10975,2025-12-22,Mary Hernandez,Woodbridge,Treadmill,Sports,4,399.99,1599.96,Debit Card
C0976,O10976,2025-12-27,Diana Sanchez,Newark,Blender,Home Appliances,5,49.99,249.95,Credit Card
C0977,O10977,2025-12-28,Rebecca Gregory,Jersey City,Water Bottle,Sports,4,9.99,39.96,Credit Card
C0978,O10978,2025-12-31,Angela Cooper,Jersey City,Coffee Maker,Home Appliances,5,79.99,399.95,Credit Card
C0979,O10979,2026-02-17,Shannon Williams,Newark,LED Monitor,Electronics,1,129.99,129.99,Credit Card
C0980,O10980,2026-04-05,Jeffrey Howard,Edison,Keyboard,Electronics,1,24.99,24.99,UPI
C0981,O10981,2026-06-11,Jose Perez,Jersey City,Cricket Bat,Sports,3,79.99,239.97,UPI
C0982,O10982,2025-11-09,Michelle Garza,Edison,Water Bottle,Sports,5,9.99,49.95,Debit Card
C0983,O10983,2025-08-01,Eduardo Walker MD,Newark,Backpack,Fashion,2,39.99,79.98,Credit Card
C0984,O10984,2025-09-21,Frederick Johnson,Woodbridge,Running Shoes,Fashion,4,59.99,239.96,UPI
C0985,O10985,2025-07-14,Laurie Butler,Jersey City,Wireless Earbuds,Electronics,3,49.99,149.97,Credit Card
C0986,O10986,2026-02-28,Nicole Jackson,Newark,Treadmill,Sports,5,399.99,1999.95,UPI
C0987,O10987,2025-12-23,William Reed,Iselin,Coffee Maker,Home Appliances,2,79.99,159.98,Credit Card
C0988,O10988,2025-06-29,Tina Lewis,Jersey City,LED Monitor,Electronics,1,129.99,129.99,Cash
C0989,O10989,2026-04-12,Stephanie Garcia,Iselin,Blender,Home Appliances,5,49.99,249.95,Credit Card
C0990,O10990,2025-06-18,Henry Aguilar,Woodbridge,Wireless Mouse,Electronics,5,19.99,99.95,Debit Card
C0991,O10991,2025-06-30,Jonathan Lozano,Newark,Office Chair,Furniture,2,89.99,179.98,Credit Card
C0992,O10992,2026-06-01,Joshua Potter,Woodbridge,Cricket Bat,Sports,1,79.99,79.99,Cash
C0993,O10993,2026-02-20,Regina Powell,Jersey City,Coffee Maker,Home Appliances,4,79.99,319.96,Debit Card
C0994,O10994,2026-04-19,Jesus Combs,Edison,Wireless Mouse,Electronics,1,19.99,19.99,Credit Card
C0995,O10995,2025-07-07,Kimberly Cannon,Newark,Treadmill,Sports,2,399.99,799.98,UPI
C0996,O10996,2026-02-18,Catherine Johnson,Jersey City,Coffee Maker,Home Appliances,1,79.99,79.99,Credit Card
C0997,O10997,2025-07-14,Sarah Thompson,Newark,LED Monitor,Electronics,5,129.99,649.95,UPI
C0998,O10998,2026-01-01,Virginia Lowery,Jersey City,Backpack,Fashion,5,39.99,199.95,Debit Card
C0999,O10999,2025-06-20,Tracy Griffin,Edison,Desk Organizer,Stationery,5,7.99,39.95,Debit Card
C1000,O11000,2026-02-19,Amy Choi,Newark,Wireless Mouse,Electronics,2,19.99,39.98,UPI
C1001,O11001,2026-03-19,Steven Berry,Newark,Wall Clock,Home Decor,4,19.99,79.96,UPI
C1002,O11002,2026-01-23,David Richardson,Iselin,Wireless Mouse,Electronics,3,19.99,59.97,Credit Card
C1003,O11003,2026-02-11,Daniel Jackson,Jersey City,Coffee Maker,Home Appliances,1,79.99,79.99,Debit Card
C1004,O11004,2025-12-23,Eric Morgan,Jersey City,Water Bottle,Sports,5,9.99,49.95,UPI
C1005,O11005,2025-11-20,Dan Williams,Edison,Office Chair,Furniture,4,89.99,359.96,UPI
C1006,O11006,2025-09-17,Steven Cruz,Woodbridge,USB Cable,Electronics,1,5.99,5.99,UPI
C1007,O11007,2026-02-23,Rebecca King,Newark,Hair Dryer,Home Appliances,3,29.99,89.97,Credit Card
C1008,O11008,2025-07-31,Dustin Vasquez,Iselin,Coffee Maker,Home Appliances,5,79.99,399.95,Cash
C1009,O11009,2025-11-09,Brian Davis,Woodbridge,Blender,Home Appliances,3,49.99,149.97,Credit Card
C1010,O11010,2025-10-13,Sheena Goodwin,Jersey City,LED Monitor,Electronics,4,129.99,519.96,Cash
C1011,O11011,2025-11-08,Susan Coleman,Newark,Running Shoes,Fashion,2,59.99,119.98,Credit Card
C1012,O11012,2025-07-16,Nathan Rhodes,Iselin,Desk Organizer,Stationery,2,7.99,15.98,Credit Card
C1013,O11013,2025-08-02,Julia Jones,Newark,Wall Clock,Home Decor,5,19.99,99.95,UPI
C1014,O11014,2026-02-11,Jacob Robinson,Newark,Coffee Maker,Home Appliances,1,79.99,79.99,Credit Card
C1015,O11015,2025-11-11,Ryan Arnold,Newark,Hair Dryer,Home Appliances,2,29.99,59.98,Credit Card
C1016,O11016,2025-11-18,John Jones,Iselin,Table Lamp,Home Decor,1,14.99,14.99,Cash
C1017,O11017,2026-04-18,Rodney Jones,Iselin,Perfume,Fashion,1,29.99,29.99,Debit Card
C1018,O11018,2026-01-14,Melissa Hammond,Edison,Keyboard,Electronics,2,24.99,49.98,Cash
C1019,O11019,2025-07-17,Anna Chambers,Woodbridge,Wireless Mouse,Electronics,3,19.99,59.97,UPI
C1020,O11020,2026-05-31,Veronica Wilson,Woodbridge,Notebook Pack,Stationery,5,3.99,19.95,Debit Card
C1021,O11021,2025-06-18,Jessica Lewis,Woodbridge,Hair Dryer,Home Appliances,5,29.99,149.95,Cash
C1022,O11022,2025-12-07,David Bailey,Newark,Perfume,Fashion,3,29.99,89.97,Debit Card
C1023,O11023,2025-09-05,Raymond Carlson,Jersey City,Notebook Pack,Stationery,1,3.99,3.99,Debit Card
C1024,O11024,2025-11-20,Cheryl Robertson,Jersey City,Backpack,Fashion,4,39.99,159.96,Debit Card
C1025,O11025,2025-09-02,Matthew Henry,Jersey City,Smartwatch,Electronics,4,149.99,599.96,Credit Card
C1026,O11026,2026-03-03,Austin Malone,Iselin,Blender,Home Appliances,1,49.99,49.99,UPI
C1027,O11027,2025-09-18,Catherine Schneider,Jersey City,USB Cable,Electronics,4,5.99,23.96,UPI
C1028,O11028,2026-05-09,Mark Anderson,Iselin,Office Chair,Furniture,4,89.99,359.96,Debit Card
C1029,O11029,2026-01-16,Ricky Gray,Edison,Wireless Mouse,Electronics,3,19.99,59.97,Credit Card
C1030,O11030,2026-04-08,Sarah Jennings,Iselin,Cricket Bat,Sports,1,79.99,79.99,Debit Card
C1031,O11031,2026-03-12,Kiara Griffith,Newark,Treadmill,Sports,4,399.99,1599.96,Debit Card
C1032,O11032,2025-12-26,Crystal Bullock,Newark,Cricket Bat,Sports,1,79.99,79.99,Credit Card
C1033,O11033,2025-11-12,James Arias,Jersey City,Desk Organizer,Stationery,2,7.99,15.98,UPI
C1034,O11034,2026-05-03,Tracy Powell,Newark,Backpack,Fashion,3,39.99,119.97,Debit Card
C1035,O11035,2026-05-14,Diana Cisneros,Woodbridge,Coffee Maker,Home Appliances,1,79.99,79.99,Credit Card
C1036,O11036,2025-09-08,Allison Mann,Woodbridge,Wireless Earbuds,Electronics,4,49.99,199.96,UPI
C1037,O11037,2025-10-18,Melissa Lewis,Jersey City,Wall Clock,Home Decor,2,19.99,39.98,Cash
C1038,O11038,2026-05-09,Clayton Bradshaw,Jersey City,Hair Dryer,Home Appliances,4,29.99,119.96,Debit Card
C1039,O11039,2026-04-10,Dr. Kara Gross,Jersey City,Wireless Mouse,Electronics,4,19.99,79.96,Cash
C1040,O11040,2025-10-28,Laurie Neal,Edison,Perfume,Fashion,5,29.99,149.95,Debit Card
C1041,O11041,2025-09-13,Morgan Cook,Iselin,Backpack,Fashion,4,39.99,159.96,Debit Card
C1042,O11042,2026-04-25,Chad Joyce,Newark,Coffee Maker,Home Appliances,1,79.99,79.99,UPI
C1043,O11043,2025-06-22,Carmen Taylor,Edison,Cricket Bat,Sports,4,79.99,319.96,Credit Card
C1044,O11044,2026-03-27,Theresa Abbott,Newark,Backpack,Fashion,4,39.99,159.96,Debit Card
C1045,O11045,2025-07-26,Maureen Garrett,Iselin,Notebook Pack,Stationery,4,3.99,15.96,Debit Card
C1046,O11046,2026-03-13,Michael Acevedo,Jersey City,Table Lamp,Home Decor,4,14.99,59.96,UPI
C1047,O11047,2025-12-13,Scott Mendoza,Jersey City,Notebook Pack,Stationery,4,3.99,15.96,Cash
C1048,O11048,2025-07-05,Jason Sanchez,Woodbridge,Notebook Pack,Stationery,3,3.99,11.97,Credit Card
C1049,O11049,2026-06-06,Pamela Davis,Jersey City,Smartwatch,Electronics,4,149.99,599.96,Credit Card
C1050,O11050,2026-05-25,Barbara Brown,Newark,Office Chair,Furniture,4,89.99,359.96,Credit Card
C1051,O11051,2026-03-28,Michelle Murphy,Edison,Coffee Maker,Home Appliances,4,79.99,319.96,Credit Card
C1052,O11052,2025-08-21,Lori Carr,Newark,Treadmill,Sports,1,399.99,399.99,Cash
C1053,O11053,2025-06-30,Alexander Perez,Newark,Wireless Mouse,Electronics,1,19.99,19.99,UPI
C1054,O11054,2025-07-03,Elizabeth Johnson,Iselin,Coffee Maker,Home Appliances,2,79.99,159.98,Debit Card
C1055,O11055,2025-11-24,Raymond Tyler,Edison,USB Cable,Electronics,2,5.99,11.98,Debit Card
C1056,O11056,2025-07-05,Stacie Moore,Woodbridge,Keyboard,Electronics,3,24.99,74.97,Cash
C1057,O11057,2026-01-30,Kevin Butler,Newark,Wall Clock,Home Decor,3,19.99,59.97,Credit Card
C1058,O11058,2026-04-03,Ryan Oneal,Iselin,Treadmill,Sports,5,399.99,1999.95,Cash
C1059,O11059,2026-04-29,Ronald Johnson,Woodbridge,LED Monitor,Electronics,1,129.99,129.99,Credit Card
C1060,O11060,2025-09-11,Lori Wade,Edison,Running Shoes,Fashion,1,59.99,59.99,Credit Card
C1061,O11061,2026-02-22,David Johnson,Newark,Wireless Mouse,Electronics,3,19.99,59.97,Cash
C1062,O11062,2025-07-09,Nicholas Becker,Iselin,Keyboard,Electronics,2,24.99,49.98,UPI
C1063,O11063,2025-09-12,Sabrina Gill,Iselin,USB Cable,Electronics,4,5.99,23.96,Debit Card
C1064,O11064,2025-07-03,Laura Krueger,Edison,Wireless Earbuds,Electronics,5,49.99,249.95,Cash
C1065,O11065,2025-11-03,Jamie Waters,Newark,Wall Clock,Home Decor,1,19.99,19.99,UPI
C1066,O11066,2025-11-30,Rebecca Moore,Woodbridge,Wireless Mouse,Electronics,4,19.99,79.96,Credit Card
C1067,O11067,2025-11-15,Stephanie Burgess,Iselin,Hair Dryer,Home Appliances,1,29.99,29.99,Debit Card
C1068,O11068,2026-03-26,Brian Smith,Newark,Desk Organizer,Stationery,3,7.99,23.97,UPI
C1069,O11069,2026-04-04,Michael Avila,Newark,Wireless Mouse,Electronics,5,19.99,99.95,Credit Card
C1070,O11070,2025-07-19,Jonathan Mills,Jersey City,LED Monitor,Electronics,4,129.99,519.96,UPI
C1071,O11071,2026-01-30,Janice Franklin,Jersey City,Hair Dryer,Home Appliances,4,29.99,119.96,Credit Card
C1072,O11072,2025-08-22,Frank Love,Woodbridge,Hair Dryer,Home Appliances,2,29.99,59.98,Debit Card
C1073,O11073,2025-10-02,Tammy Johnson,Edison,Backpack,Fashion,1,39.99,39.99,Debit Card
C1074,O11074,2026-03-13,Victor Rogers,Jersey City,Running Shoes,Fashion,3,59.99,179.97,Cash
C1075,O11075,2026-02-03,Michele Kennedy,Iselin,Wall Clock,Home Decor,1,19.99,19.99,Credit Card
C1076,O11076,2025-08-05,Christine Peterson,Iselin,Running Shoes,Fashion,1,59.99,59.99,Credit Card
C1077,O11077,2025-09-11,Brian Jones,Edison,Wireless Mouse,Electronics,4,19.99,79.96,Debit Card
C1078,O11078,2025-11-19,Rachel Collins,Edison,Water Bottle,Sports,1,9.99,9.99,Credit Card
C1079,O11079,2025-09-02,Jessica Martin,Jersey City,Treadmill,Sports,5,399.99,1999.95,Debit Card
C1080,O11080,2026-02-26,Timothy Jones,Newark,Hair Dryer,Home Appliances,5,29.99,149.95,Credit Card
C1081,O11081,2026-03-27,Preston Knight MD,Iselin,Cricket Bat,Sports,5,79.99,399.95,Debit Card
C1082,O11082,2025-11-28,Mary Brooks,Iselin,Notebook Pack,Stationery,3,3.99,11.97,UPI
C1083,O11083,2025-08-19,Jose Lindsey,Iselin,Notebook Pack,Stationery,4,3.99,15.96,Credit Card
C1084,O11084,2025-09-21,Linda Wise,Jersey City,Table Lamp,Home Decor,5,14.99,74.95,UPI
C1085,O11085,2026-03-03,Patricia Nunez,Edison,Treadmill,Sports,1,399.99,399.99,UPI
C1086,O11086,2025-07-25,Kevin Alexander,Jersey City,Keyboard,Electronics,2,24.99,49.98,UPI
C1087,O11087,2025-07-10,Jose Cooper,Edison,Smartwatch,Electronics,3,149.99,449.97,Cash
C1088,O11088,2025-11-30,Daniel Jacobs,Woodbridge,Running Shoes,Fashion,5,59.99,299.95,UPI
C1089,O11089,2025-07-15,Jonathan Contreras,Woodbridge,Desk Organizer,Stationery,2,7.99,15.98,Debit Card
C1090,O11090,2025-07-06,Holly Bell,Woodbridge,Running Shoes,Fashion,2,59.99,119.98,Debit Card
C1091,O11091,2025-07-06,Shaun Lopez,Newark,Running Shoes,Fashion,2,59.99,119.98,Cash
C1092,O11092,2025-08-13,Hannah Webb,Newark,Desk Organizer,Stationery,1,7.99,7.99,Credit Card
C1093,O11093,2025-12-13,Ricardo Jimenez,Woodbridge,Desk Organizer,Stationery,3,7.99,23.97,Debit Card
C1094,O11094,2025-12-24,Matthew Mccann,Edison,Blender,Home Appliances,2,49.99,99.98,Debit Card
C1095,O11095,2026-01-22,Vincent Greene,Jersey City,Hair Dryer,Home Appliances,3,29.99,89.97,UPI
C1096,O11096,2026-03-20,Chelsea Arnold,Jersey City,Wireless Earbuds,Electronics,3,49.99,149.97,Cash
C1097,O11097,2025-07-25,Norman Franklin,Edison,Wireless Earbuds,Electronics,4,49.99,199.96,UPI
C1098,O11098,2025-12-13,Mr. Bill Williams,Newark,Perfume,Fashion,2,29.99,59.98,UPI
C1099,O11099,2025-10-22,Cory Olsen,Iselin,USB Cable,Electronics,4,5.99,23.96,UPI
C1100,O11100,2025-12-10,Christina Gonzales,Iselin,Office Chair,Furniture,5,89.99,449.95,Debit Card
C1101,O11101,2026-03-23,Lawrence Flores,Iselin,Wall Clock,Home Decor,4,19.99,79.96,Debit Card
C1102,O11102,2026-06-13,William Anderson,Iselin,Desk Organizer,Stationery,4,7.99,31.96,Credit Card
C1103,O11103,2025-10-29,Christian Ferguson,Newark,Cricket Bat,Sports,5,79.99,399.95,Cash
C1104,O11104,2025-12-20,Randy Morris,Jersey City,Water Bottle,Sports,5,9.99,49.95,Debit Card
C1105,O11105,2025-07-07,Scott Anderson,Jersey City,Notebook Pack,Stationery,1,3.99,3.99,Debit Card
C1106,O11106,2025-12-24,Allison Chan,Jersey City,Blender,Home Appliances,5,49.99,249.95,Cash
C1107,O11107,2025-08-02,James Young,Woodbridge,LED Monitor,Electronics,2,129.99,259.98,Debit Card
C1108,O11108,2026-01-01,Adrian James,Jersey City,Notebook Pack,Stationery,2,3.99,7.98,Debit Card
C1109,O11109,2025-11-20,Christopher Hoffman,Newark,Running Shoes,Fashion,3,59.99,179.97,Debit Card
C1110,O11110,2025-08-16,Vincent Herrera,Iselin,Blender,Home Appliances,2,49.99,99.98,Credit Card
C1111,O11111,2025-12-09,David Morgan,Iselin,Running Shoes,Fashion,4,59.99,239.96,UPI
C1112,O11112,2026-01-09,Gregg Rodriguez,Edison,Perfume,Fashion,2,29.99,59.98,UPI
C1113,O11113,2026-02-02,Brandon Harris,Iselin,Blender,Home Appliances,4,49.99,199.96,UPI
C1114,O11114,2026-03-01,Kimberly Grimes,Jersey City,Water Bottle,Sports,4,9.99,39.96,UPI
C1115,O11115,2026-03-14,Victor Davis,Iselin,Hair Dryer,Home Appliances,5,29.99,149.95,Credit Card
C1116,O11116,2026-01-24,Nicholas Leon,Woodbridge,Hair Dryer,Home Appliances,5,29.99,149.95,Credit Card
C1117,O11117,2026-04-30,Anthony Garcia,Woodbridge,Office Chair,Furniture,3,89.99,269.97,Debit Card
C1118,O11118,2025-08-20,David Serrano,Iselin,Hair Dryer,Home Appliances,2,29.99,59.98,Credit Card
C1119,O11119,2026-05-19,Jerry Wilson,Jersey City,USB Cable,Electronics,4,5.99,23.96,UPI
C1120,O11120,2026-06-01,Kathleen Cervantes,Woodbridge,Perfume,Fashion,4,29.99,119.96,Debit Card
C1121,O11121,2026-01-03,Jason Goodwin,Woodbridge,Running Shoes,Fashion,2,59.99,119.98,Credit Card
C1122,O11122,2026-05-19,Janet Wright,Jersey City,Wireless Earbuds,Electronics,2,49.99,99.98,UPI
C1123,O11123,2026-04-07,Wanda Wu,Iselin,Wall Clock,Home Decor,1,19.99,19.99,Credit Card
C1124,O11124,2026-04-02,James Johnson,Newark,Wireless Mouse,Electronics,4,19.99,79.96,Credit Card
C1125,O11125,2025-10-11,Linda Anderson,Iselin,Hair Dryer,Home Appliances,3,29.99,89.97,Credit Card
C1126,O11126,2025-09-02,Nicholas Kelley,Iselin,Treadmill,Sports,4,399.99,1599.96,Credit Card
C1127,O11127,2026-03-26,Mark Lane,Woodbridge,Cricket Bat,Sports,2,79.99,159.98,Cash
C1128,O11128,2025-08-17,Sally Walsh,Edison,Backpack,Fashion,4,39.99,159.96,Cash
C1129,O11129,2026-04-23,Caitlin Maddox,Newark,Wireless Earbuds,Electronics,4,49.99,199.96,Cash
C1130,O11130,2026-02-15,David Holder,Edison,Coffee Maker,Home Appliances,1,79.99,79.99,Cash
C1131,O11131,2025-12-08,Andrea Park,Edison,Notebook Pack,Stationery,1,3.99,3.99,UPI
C1132,O11132,2026-05-05,Susan Wood,Newark,Table Lamp,Home Decor,5,14.99,74.95,UPI
C1133,O11133,2026-04-27,Leah Sexton,Woodbridge,Hair Dryer,Home Appliances,5,29.99,149.95,Debit Card
C1134,O11134,2026-03-18,Alexandra Williams,Iselin,Running Shoes,Fashion,2,59.99,119.98,UPI
C1135,O11135,2026-05-12,John Warner,Iselin,USB Cable,Electronics,5,5.99,29.95,Credit Card
C1136,O11136,2025-11-03,Justin Fowler,Iselin,Smartwatch,Electronics,1,149.99,149.99,Cash
C1137,O11137,2025-06-22,Eugene Taylor,Edison,Hair Dryer,Home Appliances,1,29.99,29.99,Debit Card
C1138,O11138,2025-07-19,David Smith,Woodbridge,USB Cable,Electronics,4,5.99,23.96,UPI
C1139,O11139,2025-09-14,Brittany Hutchinson,Newark,Cricket Bat,Sports,4,79.99,319.96,Debit Card
C1140,O11140,2025-06-29,David Torres,Woodbridge,Office Chair,Furniture,1,89.99,89.99,Debit Card
C1141,O11141,2026-05-15,Kelly Holmes,Woodbridge,Coffee Maker,Home Appliances,1,79.99,79.99,Cash
C1142,O11142,2025-08-06,Margaret Davenport,Woodbridge,Wall Clock,Home Decor,1,19.99,19.99,UPI
C1143,O11143,2026-05-22,Michele Rosales,Newark,Coffee Maker,Home Appliances,2,79.99,159.98,Cash
C1144,O11144,2025-06-29,Crystal Ruiz,Iselin,Perfume,Fashion,5,29.99,149.95,Debit Card
C1145,O11145,2026-05-29,Stephanie Bennett,Woodbridge,Blender,Home Appliances,4,49.99,199.96,UPI
C1146,O11146,2026-01-12,Christy Brown,Edison,USB Cable,Electronics,5,5.99,29.95,Debit Card
C1147,O11147,2025-06-29,Timothy Price,Newark,Wireless Mouse,Electronics,3,19.99,59.97,Debit Card
C1148,O11148,2025-08-26,Meghan Thomas,Jersey City,USB Cable,Electronics,2,5.99,11.98,Credit Card
C1149,O11149,2026-04-11,John Sanchez,Newark,USB Cable,Electronics,1,5.99,5.99,Debit Card
C1150,O11150,2025-09-10,Mr. Jose Bullock,Newark,Wireless Earbuds,Electronics,3,49.99,149.97,UPI
C1151,O11151,2025-11-30,Eric Hess,Woodbridge,Cricket Bat,Sports,5,79.99,399.95,Credit Card
C1152,O11152,2025-09-23,Ronald Anderson,Iselin,Keyboard,Electronics,3,24.99,74.97,UPI
C1153,O11153,2025-08-20,Adam Gonzalez,Woodbridge,Treadmill,Sports,2,399.99,799.98,UPI
C1154,O11154,2025-07-15,Ashley Casey,Edison,LED Monitor,Electronics,5,129.99,649.95,UPI
C1155,O11155,2025-07-14,Steven Davis,Jersey City,Smartwatch,Electronics,2,149.99,299.98,Debit Card
C1156,O11156,2025-07-22,Mary Johnson,Newark,Keyboard,Electronics,4,24.99,99.96,Debit Card
C1157,O11157,2026-03-04,Richard Baker,Newark,Backpack,Fashion,1,39.99,39.99,UPI
C1158,O11158,2025-12-13,Nicholas Pugh,Edison,Table Lamp,Home Decor,1,14.99,14.99,Credit Card
C1159,O11159,2026-01-28,Jason Barrett,Edison,Hair Dryer,Home Appliances,3,29.99,89.97,UPI
C1160,O11160,2025-11-14,Paula Smith,Woodbridge,Smartwatch,Electronics,5,149.99,749.95,UPI
C1161,O11161,2026-04-24,Jay Mcgrath,Edison,Smartwatch,Electronics,1,149.99,149.99,Debit Card
C1162,O11162,2025-08-15,Laura Brooks,Iselin,Wireless Earbuds,Electronics,3,49.99,149.97,Cash
C1163,O11163,2025-08-03,Margaret Cole,Edison,Water Bottle,Sports,2,9.99,19.98,UPI
C1164,O11164,2026-03-14,Connor Tucker,Iselin,Notebook Pack,Stationery,2,3.99,7.98,Credit Card
C1165,O11165,2026-02-14,Timothy Page,Iselin,Water Bottle,Sports,2,9.99,19.98,Credit Card
C1166,O11166,2025-09-20,Jacqueline Bryan,Woodbridge,Blender,Home Appliances,3,49.99,149.97,Debit Card
C1167,O11167,2026-04-13,Christopher Morris,Iselin,Cricket Bat,Sports,2,79.99,159.98,Credit Card
C1168,O11168,2025-12-03,Cheryl Mueller,Edison,Smartwatch,Electronics,5,149.99,749.95,Cash
C1169,O11169,2026-01-04,Leslie Kelly,Jersey City,Wireless Mouse,Electronics,2,19.99,39.98,Cash
C1170,O11170,2026-05-16,Austin Singh,Edison,Office Chair,Furniture,5,89.99,449.95,UPI
C1171,O11171,2026-05-10,Stephanie Murphy,Iselin,Blender,Home Appliances,4,49.99,199.96,Debit Card
C1172,O11172,2026-02-04,Melissa Patterson,Newark,Hair Dryer,Home Appliances,1,29.99,29.99,Cash
C1173,O11173,2025-09-25,Michael Moore,Jersey City,Treadmill,Sports,1,399.99,399.99,Cash
C1174,O11174,2026-02-05,Cody Brooks,Jersey City,Water Bottle,Sports,1,9.99,9.99,Debit Card
C1175,O11175,2025-08-16,Thomas Stevenson,Jersey City,Desk Organizer,Stationery,4,7.99,31.96,UPI
C1176,O11176,2025-10-17,Chad Stone,Woodbridge,Treadmill,Sports,3,399.99,1199.97,Cash
C1177,O11177,2025-10-15,Keith Gibson,Woodbridge,Smartwatch,Electronics,5,149.99,749.95,Cash
C1178,O11178,2025-12-04,Benjamin Sanders,Jersey City,Office Chair,Furniture,3,89.99,269.97,Credit Card
C1179,O11179,2026-01-31,Dr. Amanda Vargas,Jersey City,Coffee Maker,Home Appliances,1,79.99,79.99,Cash
C1180,O11180,2026-02-04,Charles Smith,Edison,LED Monitor,Electronics,1,129.99,129.99,Credit Card
C1181,O11181,2025-09-27,Christopher Bishop,Iselin,USB Cable,Electronics,4,5.99,23.96,UPI
C1182,O11182,2026-04-24,Dwayne Barry,Iselin,Smartwatch,Electronics,3,149.99,449.97,Credit Card
C1183,O11183,2025-10-14,Barbara Moore,Edison,Backpack,Fashion,2,39.99,79.98,Debit Card
C1184,O11184,2025-07-22,Alan Nelson,Edison,Cricket Bat,Sports,1,79.99,79.99,Cash
C1185,O11185,2025-10-26,Andrew Combs,Newark,Hair Dryer,Home Appliances,2,29.99,59.98,UPI
C1186,O11186,2025-09-27,James Huang,Jersey City,Wall Clock,Home Decor,4,19.99,79.96,Debit Card
C1187,O11187,2025-09-10,Megan Howell,Iselin,Running Shoes,Fashion,1,59.99,59.99,Debit Card
C1188,O11188,2025-10-03,Daniel Richardson,Edison,Wireless Earbuds,Electronics,3,49.99,149.97,Cash
C1189,O11189,2026-01-11,Mr. Edward Medina,Jersey City,Table Lamp,Home Decor,5,14.99,74.95,Credit Card
C1190,O11190,2025-12-10,Nathan Smith,Edison,Table Lamp,Home Decor,1,14.99,14.99,UPI
C1191,O11191,2025-10-05,Ernest Thornton,Edison,Wireless Mouse,Electronics,2,19.99,39.98,Cash
C1192,O11192,2025-07-10,Jacob Peterson,Iselin,Desk Organizer,Stationery,3,7.99,23.97,Cash
C1193,O11193,2025-11-01,Kristin Hernandez,Woodbridge,Wall Clock,Home Decor,1,19.99,19.99,Cash
C1194,O11194,2025-11-16,Mary Williams,Iselin,Table Lamp,Home Decor,4,14.99,59.96,UPI
C1195,O11195,2026-04-24,Alice Vargas,Newark,Notebook Pack,Stationery,5,3.99,19.95,Cash
C1196,O11196,2025-11-04,Sarah Martin,Newark,Coffee Maker,Home Appliances,5,79.99,399.95,Credit Card
C1197,O11197,2025-07-30,Rodney Gardner,Jersey City,Running Shoes,Fashion,4,59.99,239.96,Debit Card
C1198,O11198,2026-06-11,Deborah Price,Jersey City,Desk Organizer,Stationery,5,7.99,39.95,Credit Card
C1199,O11199,2026-06-03,James Cooper,Newark,Smartwatch,Electronics,4,149.99,599.96,Debit Card
C1200,O11200,2025-08-24,Theresa Marshall,Woodbridge,Cricket Bat,Sports,3,79.99,239.97,UPI
C1201,O11201,2026-03-21,Marilyn Burns,Edison,Backpack,Fashion,2,39.99,79.98,Debit Card
C1202,O11202,2025-06-18,Jeffrey Brown,Newark,Perfume,Fashion,1,29.99,29.99,Credit Card
C1203,O11203,2026-02-12,Manuel Dean,Newark,USB Cable,Electronics,2,5.99,11.98,Credit Card
C1204,O11204,2025-07-28,Tyler Patterson,Newark,Hair Dryer,Home Appliances,2,29.99,59.98,UPI
C1205,O11205,2026-04-26,Jasmine Hancock,Woodbridge,Hair Dryer,Home Appliances,5,29.99,149.95,Credit Card
C1206,O11206,2025-07-06,Angelica Dennis,Jersey City,Coffee Maker,Home Appliances,5,79.99,399.95,Cash
C1207,O11207,2026-03-01,Amy Gould,Iselin,Desk Organizer,Stationery,2,7.99,15.98,Debit Card
C1208,O11208,2026-03-15,Lynn Smith,Edison,Hair Dryer,Home Appliances,3,29.99,89.97,Cash
C1209,O11209,2026-05-14,Margaret Savage,Jersey City,Perfume,Fashion,3,29.99,89.97,Cash
C1210,O11210,2025-11-03,Jessica Roberts DVM,Woodbridge,Wireless Earbuds,Electronics,4,49.99,199.96,Credit Card
C1211,O11211,2026-03-22,Amber Powers,Woodbridge,Wireless Earbuds,Electronics,2,49.99,99.98,Credit Card
C1212,O11212,2026-01-09,Barbara Rice,Jersey City,Wireless Earbuds,Electronics,1,49.99,49.99,Cash
C1213,O11213,2025-08-27,Lynn Fox,Newark,Wall Clock,Home Decor,3,19.99,59.97,Debit Card
C1214,O11214,2025-08-23,Melissa Gray,Jersey City,Blender,Home Appliances,3,49.99,149.97,Debit Card
C1215,O11215,2026-01-23,Dr. Rhonda Ochoa,Iselin,LED Monitor,Electronics,2,129.99,259.98,Debit Card
C1216,O11216,2025-08-13,Lori Thornton,Newark,Smartwatch,Electronics,5,149.99,749.95,Debit Card
C1217,O11217,2026-05-28,Danielle Li,Newark,Notebook Pack,Stationery,1,3.99,3.99,Debit Card
C1218,O11218,2025-07-05,Alex Shaw,Edison,Smartwatch,Electronics,1,149.99,149.99,Cash
C1219,O11219,2026-03-09,Bryan Clarke,Woodbridge,Water Bottle,Sports,1,9.99,9.99,Credit Card
C1220,O11220,2025-10-16,Erika Smith,Newark,Smartwatch,Electronics,4,149.99,599.96,Debit Card
C1221,O11221,2025-09-24,David Mccoy,Newark,Perfume,Fashion,3,29.99,89.97,Cash
C1222,O11222,2025-08-28,Shawn Perkins,Jersey City,Blender,Home Appliances,4,49.99,199.96,Credit Card
C1223,O11223,2025-11-29,Karina Delgado,Jersey City,Notebook Pack,Stationery,3,3.99,11.97,UPI
C1224,O11224,2026-01-02,Samantha Chambers,Jersey City,Cricket Bat,Sports,3,79.99,239.97,Debit Card
C1225,O11225,2025-07-29,Sara Rich,Woodbridge,Perfume,Fashion,5,29.99,149.95,Cash
C1226,O11226,2026-06-03,Susan Harris,Jersey City,Wireless Mouse,Electronics,4,19.99,79.96,Credit Card
C1227,O11227,2025-07-10,Joshua Hoffman,Jersey City,Desk Organizer,Stationery,1,7.99,7.99,Cash
C1228,O11228,2025-06-17,Tracy Duffy,Iselin,Blender,Home Appliances,4,49.99,199.96,UPI
C1229,O11229,2025-07-03,Yolanda Hayden,Edison,USB Cable,Electronics,4,5.99,23.96,Cash
C1230,O11230,2025-06-14,Jeremy Ward,Woodbridge,Table Lamp,Home Decor,2,14.99,29.98,Credit Card
C1231,O11231,2026-03-30,Randall Hughes,Woodbridge,Notebook Pack,Stationery,2,3.99,7.98,Cash
C1232,O11232,2025-06-25,Michael Martinez,Newark,Treadmill,Sports,3,399.99,1199.97,Debit Card
C1233,O11233,2025-07-11,Nancy Rowe,Iselin,USB Cable,Electronics,3,5.99,17.97,Credit Card
C1234,O11234,2025-08-02,Patricia Robinson,Woodbridge,Backpack,Fashion,3,39.99,119.97,UPI
C1235,O11235,2025-09-10,Joseph Owens,Iselin,Desk Organizer,Stationery,1,7.99,7.99,Debit Card
C1236,O11236,2026-05-15,Shannon Obrien,Jersey City,Coffee Maker,Home Appliances,2,79.99,159.98,Debit Card
C1237,O11237,2025-12-28,Douglas Glass,Newark,USB Cable,Electronics,4,5.99,23.96,Debit Card
C1238,O11238,2025-11-08,Todd Williams,Jersey City,Keyboard,Electronics,3,24.99,74.97,Cash
C1239,O11239,2025-12-26,Lisa Young,Woodbridge,Backpack,Fashion,2,39.99,79.98,Cash
C1240,O11240,2025-06-21,Sarah Rodriguez,Jersey City,Notebook Pack,Stationery,5,3.99,19.95,Debit Card
C1241,O11241,2025-09-26,Christopher Mitchell,Edison,Desk Organizer,Stationery,2,7.99,15.98,Debit Card
C1242,O11242,2026-06-01,Calvin Johnson,Iselin,Cricket Bat,Sports,5,79.99,399.95,Cash
C1243,O11243,2026-04-18,Dwayne Bryant,Iselin,Wireless Earbuds,Electronics,2,49.99,99.98,Debit Card
C1244,O11244,2026-05-13,Tara Howe,Newark,USB Cable,Electronics,5,5.99,29.95,UPI
C1245,O11245,2025-10-18,Taylor Gallagher,Edison,Notebook Pack,Stationery,4,3.99,15.96,Credit Card
C1246,O11246,2025-09-19,Karen Thompson,Newark,Hair Dryer,Home Appliances,5,29.99,149.95,Cash
C1247,O11247,2025-08-14,Heather Benitez,Woodbridge,Wireless Mouse,Electronics,4,19.99,79.96,Cash
C1248,O11248,2025-12-06,Robert Bender,Newark,Desk Organizer,Stationery,5,7.99,39.95,Credit Card
C1249,O11249,2026-01-21,Joseph Warren,Iselin,Hair Dryer,Home Appliances,3,29.99,89.97,Cash
C1250,O11250,2025-08-06,Brianna Mitchell,Iselin,Notebook Pack,Stationery,5,3.99,19.95,Debit Card
C1251,O11251,2026-01-14,Robert Carter,Iselin,Table Lamp,Home Decor,1,14.99,14.99,Cash
C1252,O11252,2025-09-14,Janet Dickson,Edison,Smartwatch,Electronics,4,149.99,599.96,Cash
C1253,O11253,2025-09-17,Mr. Dean Lang,Jersey City,Water Bottle,Sports,1,9.99,9.99,UPI
C1254,O11254,2025-07-31,Deborah Wong,Edison,Water Bottle,Sports,5,9.99,49.95,Credit Card
C1255,O11255,2025-08-09,Jennifer Mendez,Jersey City,Hair Dryer,Home Appliances,3,29.99,89.97,Debit Card
C1256,O11256,2026-03-28,Kyle Campbell,Edison,Backpack,Fashion,5,39.99,199.95,Cash
C1257,O11257,2026-05-08,Michael Jacobs,Woodbridge,Notebook Pack,Stationery,5,3.99,19.95,Credit Card
C1258,O11258,2025-10-20,Olivia Webb,Woodbridge,Water Bottle,Sports,2,9.99,19.98,Credit Card
C1259,O11259,2026-06-09,Michael Torres,Edison,Water Bottle,Sports,2,9.99,19.98,Cash
C1260,O11260,2025-06-20,Eric Pena,Woodbridge,Wireless Mouse,Electronics,2,19.99,39.98,Debit Card
C1261,O11261,2025-07-11,Robert Krueger,Jersey City,Wireless Mouse,Electronics,2,19.99,39.98,Debit Card
C1262,O11262,2025-08-08,Michelle Choi,Newark,Table Lamp,Home Decor,2,14.99,29.98,UPI
C1263,O11263,2025-12-23,Jonathan Salas,Woodbridge,LED Monitor,Electronics,1,129.99,129.99,Credit Card
C1264,O11264,2025-06-14,Tina Campbell,Iselin,Backpack,Fashion,3,39.99,119.97,Debit Card
C1265,O11265,2026-02-28,Molly Murphy,Jersey City,Keyboard,Electronics,5,24.99,124.95,Credit Card
C1266,O11266,2026-03-13,Judy Odonnell,Newark,Cricket Bat,Sports,1,79.99,79.99,Cash
C1267,O11267,2025-12-18,Alicia Payne,Jersey City,Wireless Mouse,Electronics,5,19.99,99.95,Credit Card
C1268,O11268,2026-06-11,Steven Li,Newark,USB Cable,Electronics,1,5.99,5.99,UPI
C1269,O11269,2025-12-17,Jay Herrera,Iselin,Treadmill,Sports,3,399.99,1199.97,Debit Card
C1270,O11270,2026-02-12,Sarah Williams,Edison,Keyboard,Electronics,1,24.99,24.99,Debit Card
C1271,O11271,2026-06-08,Michael Mcconnell,Edison,USB Cable,Electronics,5,5.99,29.95,Cash
C1272,O11272,2026-05-29,David Harris,Newark,Wall Clock,Home Decor,1,19.99,19.99,Debit Card
C1273,O11273,2025-12-11,Mark Hansen,Edison,Perfume,Fashion,1,29.99,29.99,UPI
C1274,O11274,2026-03-12,Alyssa Serrano,Jersey City,Backpack,Fashion,2,39.99,79.98,UPI
C1275,O11275,2025-07-05,David Wilson,Woodbridge,Running Shoes,Fashion,2,59.99,119.98,Debit Card
C1276,O11276,2026-05-25,Stephanie Morgan,Newark,Running Shoes,Fashion,1,59.99,59.99,UPI
C1277,O11277,2026-01-07,Jordan Novak,Jersey City,Coffee Maker,Home Appliances,5,79.99,399.95,UPI
C1278,O11278,2025-09-05,Jessica Shaw,Jersey City,Keyboard,Electronics,5,24.99,124.95,Credit Card
C1279,O11279,2025-11-04,Brandon West,Newark,Wireless Earbuds,Electronics,5,49.99,249.95,Debit Card
C1280,O11280,2025-10-26,Scott Osborne,Jersey City,Treadmill,Sports,3,399.99,1199.97,Credit Card
C1281,O11281,2025-10-29,Jordan Ellis,Newark,Treadmill,Sports,4,399.99,1599.96,Debit Card
C1282,O11282,2026-06-04,Lindsey Cooper,Woodbridge,Blender,Home Appliances,2,49.99,99.98,Cash
C1283,O11283,2025-07-18,Jessica Carter,Woodbridge,Smartwatch,Electronics,4,149.99,599.96,UPI
C1284,O11284,2025-12-24,Jennifer Price,Jersey City,Desk Organizer,Stationery,4,7.99,31.96,Credit Card
C1285,O11285,2026-04-30,Eduardo Cisneros,Iselin,Cricket Bat,Sports,5,79.99,399.95,UPI
C1286,O11286,2026-01-12,Howard Patterson,Iselin,Perfume,Fashion,5,29.99,149.95,UPI
C1287,O11287,2026-05-15,Katie Lindsey,Newark,LED Monitor,Electronics,5,129.99,649.95,Credit Card
C1288,O11288,2026-02-27,Alexis Torres,Woodbridge,Smartwatch,Electronics,4,149.99,599.96,Credit Card
C1289,O11289,2025-11-19,Joseph Johnson,Woodbridge,Running Shoes,Fashion,3,59.99,179.97,Cash
C1290,O11290,2025-07-21,Michael Berg,Newark,Treadmill,Sports,4,399.99,1599.96,Credit Card
C1291,O11291,2026-06-11,Anthony Brown,Newark,Blender,Home Appliances,2,49.99,99.98,Credit Card
C1292,O11292,2026-03-04,Julia Jackson,Newark,LED Monitor,Electronics,2,129.99,259.98,UPI
C1293,O11293,2025-07-04,Melanie Moore,Iselin,Backpack,Fashion,5,39.99,199.95,Debit Card
C1294,O11294,2025-09-29,Phyllis Liu,Jersey City,Treadmill,Sports,5,399.99,1999.95,UPI
C1295,O11295,2025-09-24,Wyatt Smith,Newark,Perfume,Fashion,4,29.99,119.96,UPI
C1296,O11296,2025-06-28,Adam Sweeney,Woodbridge,Blender,Home Appliances,4,49.99,199.96,Debit Card
C1297,O11297,2026-03-30,Crystal Taylor,Jersey City,Perfume,Fashion,4,29.99,119.96,UPI
C1298,O11298,2025-07-07,Brandon Klein,Iselin,USB Cable,Electronics,1,5.99,5.99,Cash
C1299,O11299,2026-01-25,Sarah Rose,Newark,Desk Organizer,Stationery,1,7.99,7.99,UPI
C1300,O11300,2025-07-08,Destiny Stewart,Newark,LED Monitor,Electronics,2,129.99,259.98,UPI
C1301,O11301,2026-01-14,Jamie Rogers,Woodbridge,Coffee Maker,Home Appliances,1,79.99,79.99,Credit Card
C1302,O11302,2025-11-09,Angela Barnes PhD,Woodbridge,Water Bottle,Sports,1,9.99,9.99,Credit Card
C1303,O11303,2025-10-06,Dawn Bennett,Woodbridge,Desk Organizer,Stationery,2,7.99,15.98,Debit Card
C1304,O11304,2025-07-23,John Woods,Newark,Notebook Pack,Stationery,3,3.99,11.97,UPI
C1305,O11305,2026-02-02,Jeremy Thompson,Newark,Water Bottle,Sports,3,9.99,29.97,Credit Card
C1306,O11306,2025-09-03,Kathy Hendrix MD,Woodbridge,Running Shoes,Fashion,5,59.99,299.95,Debit Card
C1307,O11307,2026-04-26,Kendra Escobar,Woodbridge,Treadmill,Sports,3,399.99,1199.97,Cash
C1308,O11308,2026-03-19,Christopher Martin,Edison,Hair Dryer,Home Appliances,2,29.99,59.98,Cash
C1309,O11309,2025-09-24,Tyler Gonzalez,Woodbridge,Keyboard,Electronics,1,24.99,24.99,Credit Card
C1310,O11310,2026-05-30,Edward Clark,Newark,Wall Clock,Home Decor,5,19.99,99.95,UPI
C1311,O11311,2026-03-01,Ashley Hobbs,Edison,Keyboard,Electronics,4,24.99,99.96,UPI
C1312,O11312,2025-08-06,Jenna Smith,Woodbridge,Desk Organizer,Stationery,2,7.99,15.98,Credit Card
C1313,O11313,2025-11-30,Teresa Johnson,Iselin,Smartwatch,Electronics,3,149.99,449.97,Debit Card
C1314,O11314,2025-06-18,Kelly Webb,Iselin,Office Chair,Furniture,5,89.99,449.95,Debit Card
C1315,O11315,2026-04-05,Timothy Pratt,Jersey City,Backpack,Fashion,5,39.99,199.95,Credit Card
C1316,O11316,2026-01-13,Eric Taylor,Jersey City,Wireless Earbuds,Electronics,4,49.99,199.96,UPI
C1317,O11317,2025-12-16,James Bell,Iselin,Running Shoes,Fashion,4,59.99,239.96,Cash
C1318,O11318,2025-07-28,Michael Jones,Jersey City,Water Bottle,Sports,2,9.99,19.98,Credit Card
C1319,O11319,2025-11-23,Christine Boyd,Woodbridge,Water Bottle,Sports,1,9.99,9.99,Debit Card
C1320,O11320,2026-01-05,Austin Smith,Jersey City,Office Chair,Furniture,3,89.99,269.97,UPI
C1321,O11321,2025-10-17,Jamie Davis,Woodbridge,Treadmill,Sports,4,399.99,1599.96,Debit Card
C1322,O11322,2025-12-14,Michael White,Iselin,LED Monitor,Electronics,2,129.99,259.98,Cash
C1323,O11323,2025-11-10,Morgan Johnson,Jersey City,Wireless Mouse,Electronics,5,19.99,99.95,UPI
C1324,O11324,2026-01-13,Richard Dudley,Iselin,Desk Organizer,Stationery,5,7.99,39.95,Credit Card
C1325,O11325,2025-10-12,Deborah Williams,Iselin,Desk Organizer,Stationery,2,7.99,15.98,UPI
C1326,O11326,2025-08-05,Jonathan White,Newark,Water Bottle,Sports,3,9.99,29.97,UPI
C1327,O11327,2026-02-11,Joseph Morgan,Iselin,Coffee Maker,Home Appliances,5,79.99,399.95,Debit Card
C1328,O11328,2026-04-05,Amanda Shaw MD,Jersey City,Hair Dryer,Home Appliances,4,29.99,119.96,Debit Card
C1329,O11329,2025-11-20,Jordan Nguyen,Jersey City,LED Monitor,Electronics,4,129.99,519.96,Debit Card
C1330,O11330,2025-08-22,Sean Clarke,Newark,Wall Clock,Home Decor,4,19.99,79.96,Debit Card
C1331,O11331,2025-12-08,Haley Davis,Newark,Notebook Pack,Stationery,4,3.99,15.96,Credit Card
C1332,O11332,2026-05-24,Michelle Bird,Jersey City,Water Bottle,Sports,3,9.99,29.97,Credit Card
C1333,O11333,2025-10-01,Darlene Hill,Iselin,Wall Clock,Home Decor,5,19.99,99.95,Credit Card
C1334,O11334,2025-11-19,Jeffrey Cruz,Edison,USB Cable,Electronics,5,5.99,29.95,Debit Card
C1335,O11335,2025-11-19,Lisa Hicks,Iselin,Hair Dryer,Home Appliances,5,29.99,149.95,Cash
C1336,O11336,2025-07-02,Jennifer Arias,Edison,Keyboard,Electronics,5,24.99,124.95,Cash
C1337,O11337,2025-07-16,Keith Robbins,Newark,Cricket Bat,Sports,3,79.99,239.97,Debit Card
C1338,O11338,2025-09-24,James Jackson,Newark,Running Shoes,Fashion,5,59.99,299.95,UPI
C1339,O11339,2026-02-19,Scott Lee,Iselin,Backpack,Fashion,4,39.99,159.96,Debit Card
C1340,O11340,2025-11-14,Julie Ponce,Edison,Cricket Bat,Sports,5,79.99,399.95,Debit Card
C1341,O11341,2025-12-16,Sierra Watkins,Iselin,Hair Dryer,Home Appliances,3,29.99,89.97,UPI
C1342,O11342,2025-07-27,Robert Wright,Newark,Smartwatch,Electronics,1,149.99,149.99,UPI
C1343,O11343,2025-08-28,Hailey Garcia,Jersey City,Table Lamp,Home Decor,1,14.99,14.99,Cash
C1344,O11344,2026-01-15,Susan Brown,Edison,Wireless Earbuds,Electronics,1,49.99,49.99,UPI
C1345,O11345,2026-01-11,Beth Huffman,Iselin,Coffee Maker,Home Appliances,5,79.99,399.95,UPI
C1346,O11346,2025-06-16,Denise Morgan,Jersey City,Coffee Maker,Home Appliances,1,79.99,79.99,Debit Card
C1347,O11347,2026-02-15,Julie Kelly,Edison,Smartwatch,Electronics,5,149.99,749.95,Credit Card
C1348,O11348,2025-12-20,Philip Martin,Woodbridge,Perfume,Fashion,2,29.99,59.98,Debit Card
C1349,O11349,2026-03-20,Thomas Ewing,Newark,Running Shoes,Fashion,1,59.99,59.99,Credit Card
C1350,O11350,2025-10-13,Trevor Garcia,Edison,Notebook Pack,Stationery,2,3.99,7.98,Credit Card
C1351,O11351,2025-07-09,Deanna Sanchez,Newark,Cricket Bat,Sports,4,79.99,319.96,UPI
C1352,O11352,2026-05-21,Lindsey Baker,Woodbridge,Keyboard,Electronics,1,24.99,24.99,Debit Card
C1353,O11353,2025-09-20,Maxwell Perez,Newark,Perfume,Fashion,1,29.99,29.99,Credit Card
C1354,O11354,2025-09-07,Tina Watson,Iselin,Wireless Mouse,Electronics,2,19.99,39.98,UPI
C1355,O11355,2026-05-04,Emma Taylor,Woodbridge,Blender,Home Appliances,1,49.99,49.99,Credit Card
C1356,O11356,2025-09-09,Heather Morton,Newark,Keyboard,Electronics,3,24.99,74.97,Cash
C1357,O11357,2026-02-27,James Gutierrez,Newark,Water Bottle,Sports,4,9.99,39.96,UPI
C1358,O11358,2025-12-23,Jennifer Gross,Edison,Hair Dryer,Home Appliances,4,29.99,119.96,Debit Card
C1359,O11359,2026-06-12,William Thompson,Newark,Smartwatch,Electronics,1,149.99,149.99,UPI
C1360,O11360,2025-11-14,Andrew Flores,Woodbridge,Hair Dryer,Home Appliances,3,29.99,89.97,Debit Card
C1361,O11361,2026-03-29,Tammy Sweeney,Newark,Treadmill,Sports,2,399.99,799.98,Credit Card
C1362,O11362,2026-03-06,Christopher Greene PhD,Jersey City,USB Cable,Electronics,4,5.99,23.96,Credit Card
C1363,O11363,2025-12-12,Kayla Finley,Newark,Table Lamp,Home Decor,3,14.99,44.97,Debit Card
C1364,O11364,2025-10-14,Thomas Phillips,Jersey City,Table Lamp,Home Decor,2,14.99,29.98,UPI
C1365,O11365,2025-11-02,Carrie Hamilton,Iselin,Desk Organizer,Stationery,4,7.99,31.96,Cash
C1366,O11366,2025-08-16,Keith Powell,Woodbridge,LED Monitor,Electronics,4,129.99,519.96,Cash
C1367,O11367,2026-01-27,Martin Tucker,Iselin,Hair Dryer,Home Appliances,2,29.99,59.98,UPI
C1368,O11368,2026-01-24,Ashley Chase,Edison,Keyboard,Electronics,4,24.99,99.96,Cash
C1369,O11369,2026-03-24,Michelle Chen,Edison,Coffee Maker,Home Appliances,2,79.99,159.98,Credit Card
C1370,O11370,2026-05-02,Daniel Gordon,Jersey City,Cricket Bat,Sports,1,79.99,79.99,Credit Card
C1371,O11371,2026-05-01,Michael Nash,Newark,Wall Clock,Home Decor,2,19.99,39.98,Cash
C1372,O11372,2026-01-14,Nicole West,Iselin,Blender,Home Appliances,4,49.99,199.96,Cash
C1373,O11373,2025-12-09,Troy Gilmore,Woodbridge,Coffee Maker,Home Appliances,4,79.99,319.96,Debit Card
C1374,O11374,2026-01-24,Christine Tucker,Iselin,LED Monitor,Electronics,1,129.99,129.99,Credit Card
C1375,O11375,2025-08-17,Carol Moran,Woodbridge,Hair Dryer,Home Appliances,4,29.99,119.96,Debit Card
C1376,O11376,2026-06-02,Karen Jones,Jersey City,Keyboard,Electronics,3,24.99,74.97,Cash
C1377,O11377,2025-11-06,Michael Morrison,Newark,Keyboard,Electronics,4,24.99,99.96,Credit Card
C1378,O11378,2025-08-01,Pamela Cross,Woodbridge,Keyboard,Electronics,1,24.99,24.99,Debit Card
C1379,O11379,2025-10-24,Patrick Smith,Iselin,Desk Organizer,Stationery,3,7.99,23.97,Cash
C1380,O11380,2026-04-30,Mr. Jason Freeman,Newark,Wireless Mouse,Electronics,5,19.99,99.95,Debit Card
C1381,O11381,2025-07-05,Matthew Hendrix,Newark,Wireless Earbuds,Electronics,2,49.99,99.98,Debit Card
C1382,O11382,2025-12-17,William Armstrong,Newark,USB Cable,Electronics,4,5.99,23.96,Debit Card
C1383,O11383,2026-05-21,James Williams,Jersey City,USB Cable,Electronics,2,5.99,11.98,UPI
C1384,O11384,2026-02-11,Kerry Travis,Edison,Smartwatch,Electronics,3,149.99,449.97,Credit Card
C1385,O11385,2026-02-19,Angela Smith,Newark,Backpack,Fashion,5,39.99,199.95,Debit Card
C1386,O11386,2025-12-02,Andrew Maldonado,Woodbridge,Smartwatch,Electronics,4,149.99,599.96,Credit Card
C1387,O11387,2026-02-01,Christine Ramirez,Woodbridge,Table Lamp,Home Decor,5,14.99,74.95,UPI
C1388,O11388,2026-02-01,Teresa Lucas,Woodbridge,Cricket Bat,Sports,2,79.99,159.98,UPI
C1389,O11389,2025-08-06,Jeremy Mitchell,Edison,Wall Clock,Home Decor,3,19.99,59.97,Cash
C1390,O11390,2026-05-01,Diamond Smith,Edison,Wall Clock,Home Decor,2,19.99,39.98,Cash
C1391,O11391,2025-12-06,Andrea Johnson,Edison,Office Chair,Furniture,1,89.99,89.99,Credit Card
C1392,O11392,2025-08-24,Casey Welch,Iselin,Coffee Maker,Home Appliances,2,79.99,159.98,Cash
C1393,O11393,2026-01-19,Dawn Hebert,Jersey City,Keyboard,Electronics,4,24.99,99.96,Cash
C1394,O11394,2026-06-02,Kimberly Huerta,Newark,Coffee Maker,Home Appliances,3,79.99,239.97,UPI
C1395,O11395,2026-04-07,Bonnie Nichols,Edison,Keyboard,Electronics,1,24.99,24.99,UPI
C1396,O11396,2026-02-16,Andrew Murphy,Woodbridge,Perfume,Fashion,1,29.99,29.99,Debit Card
C1397,O11397,2026-02-25,Frances Simpson,Iselin,Notebook Pack,Stationery,5,3.99,19.95,UPI
C1398,O11398,2025-08-23,Jeremy Brown,Edison,Desk Organizer,Stationery,3,7.99,23.97,UPI
C1399,O11399,2025-06-25,Deanna Wilson MD,Iselin,Blender,Home Appliances,3,49.99,149.97,UPI
C1400,O11400,2025-06-16,Tonya Tran,Woodbridge,Desk Organizer,Stationery,3,7.99,23.97,Cash
C1401,O11401,2026-03-08,Kevin Warren,Iselin,Blender,Home Appliances,3,49.99,149.97,Credit Card
C1402,O11402,2026-03-07,Sara Norman,Jersey City,Table Lamp,Home Decor,2,14.99,29.98,Credit Card
C1403,O11403,2025-08-06,Craig Greene,Newark,Coffee Maker,Home Appliances,2,79.99,159.98,UPI
C1404,O11404,2026-03-10,Thomas Mccall,Newark,Office Chair,Furniture,3,89.99,269.97,Cash
C1405,O11405,2025-08-11,Emily Brooks,Jersey City,Office Chair,Furniture,3,89.99,269.97,Credit Card
C1406,O11406,2026-01-28,Susan Gordon,Woodbridge,Water Bottle,Sports,3,9.99,29.97,Debit Card
C1407,O11407,2026-05-02,Dawn Ellis,Edison,Running Shoes,Fashion,1,59.99,59.99,Cash
C1408,O11408,2025-08-29,Lisa Smith,Jersey City,Hair Dryer,Home Appliances,1,29.99,29.99,Cash
C1409,O11409,2026-06-10,Julie Garner,Newark,Wireless Mouse,Electronics,4,19.99,79.96,Credit Card
C1410,O11410,2026-04-04,Scott Lewis,Edison,Wireless Mouse,Electronics,3,19.99,59.97,Debit Card
C1411,O11411,2026-03-03,Michele Duncan,Newark,Wireless Mouse,Electronics,3,19.99,59.97,Debit Card
C1412,O11412,2026-02-16,Andrew Richardson,Iselin,Office Chair,Furniture,2,89.99,179.98,UPI
C1413,O11413,2026-04-04,Mary Johnson,Woodbridge,Treadmill,Sports,2,399.99,799.98,Credit Card
C1414,O11414,2026-01-23,Miguel Montgomery,Jersey City,Notebook Pack,Stationery,1,3.99,3.99,Debit Card
C1415,O11415,2025-09-17,Stephen Tucker,Iselin,Blender,Home Appliances,1,49.99,49.99,UPI
C1416,O11416,2026-05-08,Jeffrey Russell,Newark,Table Lamp,Home Decor,2,14.99,29.98,UPI
C1417,O11417,2025-11-15,Andrew Peterson,Newark,Treadmill,Sports,2,399.99,799.98,Credit Card
C1418,O11418,2025-10-14,Christian Moses,Newark,USB Cable,Electronics,1,5.99,5.99,UPI
C1419,O11419,2025-09-03,Connie Williams,Newark,Perfume,Fashion,2,29.99,59.98,UPI
C1420,O11420,2026-04-07,Tiffany Russell,Jersey City,Table Lamp,Home Decor,5,14.99,74.95,Credit Card
C1421,O11421,2025-12-18,Brian Glover,Woodbridge,Table Lamp,Home Decor,3,14.99,44.97,Credit Card
C1422,O11422,2026-05-02,Tammy Butler,Iselin,Smartwatch,Electronics,4,149.99,599.96,Debit Card
C1423,O11423,2025-12-06,Kelli Williams,Newark,Blender,Home Appliances,4,49.99,199.96,Cash
C1424,O11424,2025-12-08,Sandra Hall,Newark,Hair Dryer,Home Appliances,3,29.99,89.97,UPI
C1425,O11425,2026-01-13,Kristin Lara,Jersey City,Coffee Maker,Home Appliances,2,79.99,159.98,Debit Card
C1426,O11426,2026-04-19,Brian Ellis,Edison,Notebook Pack,Stationery,3,3.99,11.97,Cash
C1427,O11427,2026-04-02,Richard Christensen,Woodbridge,Blender,Home Appliances,3,49.99,149.97,Debit Card
C1428,O11428,2026-05-09,Morgan Lucas,Woodbridge,Blender,Home Appliances,4,49.99,199.96,Credit Card
C1429,O11429,2026-04-29,Richard Warren,Iselin,Cricket Bat,Sports,5,79.99,399.95,Cash
C1430,O11430,2025-08-24,Tristan Oliver,Iselin,Cricket Bat,Sports,1,79.99,79.99,Debit Card
C1431,O11431,2025-10-04,Steve Ellis,Iselin,Wall Clock,Home Decor,5,19.99,99.95,Credit Card
C1432,O11432,2026-01-19,Brandon Rice,Iselin,Coffee Maker,Home Appliances,3,79.99,239.97,Debit Card
C1433,O11433,2025-07-16,Thomas Callahan,Newark,LED Monitor,Electronics,2,129.99,259.98,Cash
C1434,O11434,2026-04-24,Mark Lopez,Edison,Wireless Earbuds,Electronics,2,49.99,99.98,Credit Card
C1435,O11435,2026-03-28,Patrick Gonzalez,Newark,Wireless Earbuds,Electronics,2,49.99,99.98,Debit Card
C1436,O11436,2025-08-14,Christopher Lopez,Edison,LED Monitor,Electronics,1,129.99,129.99,Credit Card
C1437,O11437,2026-01-02,Terri Wilson,Edison,Backpack,Fashion,2,39.99,79.98,Debit Card
C1438,O11438,2026-01-04,Jennifer Burns,Edison,Office Chair,Furniture,4,89.99,359.96,Credit Card
C1439,O11439,2025-08-30,Jason Johnston,Edison,Wireless Earbuds,Electronics,3,49.99,149.97,UPI
C1440,O11440,2025-07-29,Haley White,Newark,Office Chair,Furniture,1,89.99,89.99,UPI
C1441,O11441,2025-07-08,Michelle Woods,Jersey City,Smartwatch,Electronics,3,149.99,449.97,Cash
C1442,O11442,2025-06-28,Terry Wilson,Jersey City,Running Shoes,Fashion,4,59.99,239.96,Cash
C1443,O11443,2025-08-31,Vanessa Pineda,Iselin,Backpack,Fashion,4,39.99,159.96,UPI
C1444,O11444,2025-07-13,Christine Jones,Woodbridge,Wall Clock,Home Decor,1,19.99,19.99,Debit Card
C1445,O11445,2025-09-13,Anna Kemp,Edison,Cricket Bat,Sports,1,79.99,79.99,Cash
C1446,O11446,2026-04-05,John Torres,Jersey City,Wireless Mouse,Electronics,3,19.99,59.97,Cash
C1447,O11447,2025-10-31,Amanda Black,Newark,Backpack,Fashion,1,39.99,39.99,UPI
C1448,O11448,2026-04-15,Jason Kirby,Edison,Wireless Earbuds,Electronics,4,49.99,199.96,Cash
C1449,O11449,2026-03-01,Gene Mcintosh,Woodbridge,Table Lamp,Home Decor,4,14.99,59.96,Cash
C1450,O11450,2025-09-21,Rhonda Pena,Iselin,Backpack,Fashion,1,39.99,39.99,Cash
C1451,O11451,2026-04-04,Logan Carson,Newark,Desk Organizer,Stationery,2,7.99,15.98,UPI
C1452,O11452,2026-03-16,Dawn Dawson,Newark,Wireless Earbuds,Electronics,5,49.99,249.95,Cash
C1453,O11453,2025-10-24,Andrea Ellis,Edison,Perfume,Fashion,5,29.99,149.95,Cash
C1454,O11454,2025-11-24,Michele Wise,Edison,Coffee Maker,Home Appliances,3,79.99,239.97,Cash
C1455,O11455,2025-08-30,Kathleen Tyler,Woodbridge,Desk Organizer,Stationery,2,7.99,15.98,Credit Card
C1456,O11456,2026-06-12,Jose Short,Edison,LED Monitor,Electronics,1,129.99,129.99,Cash
C1457,O11457,2026-05-12,Sarah Turner,Woodbridge,Desk Organizer,Stationery,3,7.99,23.97,Credit Card
C1458,O11458,2025-06-16,Joshua Robinson,Edison,Notebook Pack,Stationery,3,3.99,11.97,Credit Card
C1459,O11459,2025-10-23,Michelle Allen,Woodbridge,Wireless Earbuds,Electronics,3,49.99,149.97,Credit Card
C1460,O11460,2025-11-15,Ashley Lin,Edison,USB Cable,Electronics,1,5.99,5.99,UPI
C1461,O11461,2025-12-09,Mr. Gary Cole,Edison,Backpack,Fashion,1,39.99,39.99,Credit Card
C1462,O11462,2025-09-05,Alan Garcia,Iselin,Keyboard,Electronics,1,24.99,24.99,Credit Card
C1463,O11463,2026-03-25,Crystal Jones,Iselin,Hair Dryer,Home Appliances,3,29.99,89.97,Cash
C1464,O11464,2026-05-22,Michael Walton,Edison,Notebook Pack,Stationery,4,3.99,15.96,Cash
C1465,O11465,2026-01-19,Kurt Benson,Woodbridge,Cricket Bat,Sports,4,79.99,319.96,Debit Card
C1466,O11466,2025-10-30,Thomas Murphy,Edison,Treadmill,Sports,2,399.99,799.98,Credit Card
C1467,O11467,2025-08-01,Rachel Bush,Edison,Wireless Mouse,Electronics,5,19.99,99.95,Credit Card
C1468,O11468,2026-03-27,Nathan Martinez,Edison,Coffee Maker,Home Appliances,3,79.99,239.97,Debit Card
C1469,O11469,2025-09-08,Sean Barry,Jersey City,Hair Dryer,Home Appliances,2,29.99,59.98,Debit Card
C1470,O11470,2026-03-07,Edwin Williams,Edison,Backpack,Fashion,2,39.99,79.98,UPI
C1471,O11471,2025-10-17,Dakota Smith,Iselin,Hair Dryer,Home Appliances,5,29.99,149.95,Credit Card
C1472,O11472,2026-01-08,Jared Harris,Jersey City,Perfume,Fashion,1,29.99,29.99,UPI
C1473,O11473,2026-05-23,Ryan Fitzgerald,Newark,Backpack,Fashion,1,39.99,39.99,UPI
C1474,O11474,2025-11-15,John Dennis,Newark,Hair Dryer,Home Appliances,3,29.99,89.97,Debit Card
C1475,O11475,2025-10-26,Julia Franco,Edison,Smartwatch,Electronics,4,149.99,599.96,Credit Card
C1476,O11476,2026-02-28,Michael Garcia,Newark,Table Lamp,Home Decor,2,14.99,29.98,Debit Card
C1477,O11477,2026-01-17,Linda Chapman,Edison,Wall Clock,Home Decor,1,19.99,19.99,UPI
C1478,O11478,2026-04-20,Chad Taylor,Jersey City,Notebook Pack,Stationery,3,3.99,11.97,UPI
C1479,O11479,2025-12-29,Leslie Wilson,Newark,LED Monitor,Electronics,3,129.99,389.97,Cash
C1480,O11480,2026-05-19,Melissa Harvey,Woodbridge,Wall Clock,Home Decor,3,19.99,59.97,UPI
C1481,O11481,2026-04-17,Melissa Woodard,Newark,Treadmill,Sports,4,399.99,1599.96,Cash
C1482,O11482,2026-03-28,Jacob Underwood,Woodbridge,Wireless Earbuds,Electronics,2,49.99,99.98,Credit Card
C1483,O11483,2026-02-28,Martha Ho,Jersey City,Wireless Earbuds,Electronics,2,49.99,99.98,Credit Card
C1484,O11484,2025-12-18,Michael Alvarez,Jersey City,Office Chair,Furniture,5,89.99,449.95,UPI
C1485,O11485,2025-08-20,Dennis Craig,Edison,Keyboard,Electronics,1,24.99,24.99,Credit Card
C1486,O11486,2025-07-06,Heather Reese,Woodbridge,Wall Clock,Home Decor,1,19.99,19.99,Cash
C1487,O11487,2026-03-10,Karen Brown,Edison,Coffee Maker,Home Appliances,5,79.99,399.95,Cash
C1488,O11488,2025-10-18,Veronica Ramirez,Newark,Blender,Home Appliances,5,49.99,249.95,Cash
C1489,O11489,2026-01-25,Rachel Fernandez,Woodbridge,Table Lamp,Home Decor,2,14.99,29.98,Credit Card
C1490,O11490,2025-11-01,Janice Rios,Edison,Blender,Home Appliances,2,49.99,99.98,Debit Card
C1491,O11491,2025-09-12,William Garcia,Woodbridge,Coffee Maker,Home Appliances,5,79.99,399.95,Credit Card
C1492,O11492,2025-10-09,Lauren Bell,Edison,Smartwatch,Electronics,4,149.99,599.96,Debit Card
C1493,O11493,2026-03-27,Margaret Gallagher,Iselin,Wall Clock,Home Decor,3,19.99,59.97,Credit Card
C1494,O11494,2025-10-29,Kathleen Daniels,Edison,Desk Organizer,Stationery,5,7.99,39.95,Debit Card
C1495,O11495,2026-04-11,Amy Wade,Jersey City,Smartwatch,Electronics,3,149.99,449.97,Credit Card
C1496,O11496,2025-11-16,Brian Walker,Iselin,Backpack,Fashion,4,39.99,159.96,Debit Card
C1497,O11497,2025-12-02,Dr. Sherri Blevins,Woodbridge,Wireless Mouse,Electronics,1,19.99,19.99,Cash
C1498,O11498,2025-08-04,Bryan Taylor,Jersey City,Wireless Earbuds,Electronics,2,49.99,99.98,Debit Card
C1499,O11499,2025-09-22,Martin Bowman Jr.,Jersey City,Treadmill,Sports,5,399.99,1999.95,Cash
C1500,O11500,2025-12-14,Tyler James,Woodbridge,Backpack,Fashion,5,39.99,199.95,UPI
C1501,O11501,2025-06-16,Jimmy Freeman,Jersey City,Running Shoes,Fashion,5,59.99,299.95,UPI
C1502,O11502,2025-10-15,Julie Garrett,Woodbridge,Backpack,Fashion,3,39.99,119.97,Credit Card
C1503,O11503,2025-07-09,Michael Harris,Jersey City,Perfume,Fashion,1,29.99,29.99,UPI
C1504,O11504,2025-08-19,Sherry Taylor,Newark,Coffee Maker,Home Appliances,4,79.99,319.96,Debit Card
C1505,O11505,2026-02-11,Dawn Lee,Woodbridge,Water Bottle,Sports,1,9.99,9.99,Cash
C1506,O11506,2025-06-16,Walter Hatfield,Newark,Water Bottle,Sports,3,9.99,29.97,Debit Card
C1507,O11507,2025-12-10,Rebekah Burns,Newark,Backpack,Fashion,5,39.99,199.95,Debit Card
C1508,O11508,2025-06-24,Jonathan Smith,Newark,USB Cable,Electronics,4,5.99,23.96,UPI
C1509,O11509,2025-12-09,Lauren Price,Jersey City,Wall Clock,Home Decor,5,19.99,99.95,UPI
C1510,O11510,2025-07-02,Tony Choi,Edison,Smartwatch,Electronics,1,149.99,149.99,Debit Card
C1511,O11511,2025-12-24,Doris Boone,Woodbridge,Water Bottle,Sports,4,9.99,39.96,Debit Card
C1512,O11512,2025-07-25,Rhonda Salazar,Woodbridge,Coffee Maker,Home Appliances,5,79.99,399.95,Credit Card
C1513,O11513,2026-04-13,Cody Thompson,Iselin,Perfume,Fashion,4,29.99,119.96,Credit Card
C1514,O11514,2026-04-02,Gabriel Jenkins,Newark,Desk Organizer,Stationery,1,7.99,7.99,Cash
C1515,O11515,2025-09-16,Donna Anderson,Jersey City,LED Monitor,Electronics,3,129.99,389.97,UPI
C1516,O11516,2026-04-24,Nathan Bartlett,Newark,Smartwatch,Electronics,5,149.99,749.95,Credit Card
C1517,O11517,2025-12-01,Karen Thomas,Iselin,Wireless Earbuds,Electronics,2,49.99,99.98,UPI
C1518,O11518,2025-12-01,John Garcia,Edison,Backpack,Fashion,5,39.99,199.95,Cash
C1519,O11519,2025-07-09,Morgan Phelps MD,Jersey City,Treadmill,Sports,5,399.99,1999.95,UPI
C1520,O11520,2025-06-20,David Martinez,Woodbridge,Wireless Earbuds,Electronics,3,49.99,149.97,Debit Card
C1521,O11521,2025-11-23,Carrie Mitchell,Jersey City,Treadmill,Sports,3,399.99,1199.97,Cash
C1522,O11522,2025-12-05,Kim Dawson,Iselin,LED Monitor,Electronics,4,129.99,519.96,Cash
C1523,O11523,2025-07-26,Jesse Cole,Woodbridge,Desk Organizer,Stationery,5,7.99,39.95,Debit Card
C1524,O11524,2025-08-25,Sandra Williams,Edison,Office Chair,Furniture,4,89.99,359.96,Credit Card
C1525,O11525,2026-04-01,Monica Francis,Woodbridge,Desk Organizer,Stationery,2,7.99,15.98,Credit Card
C1526,O11526,2025-10-08,Nicholas Lewis,Edison,Coffee Maker,Home Appliances,2,79.99,159.98,Cash
C1527,O11527,2025-10-07,Casey Mcdonald,Jersey City,Wireless Mouse,Electronics,5,19.99,99.95,Cash
C1528,O11528,2026-03-12,Dr. Robert Moore,Edison,LED Monitor,Electronics,5,129.99,649.95,UPI
C1529,O11529,2026-05-04,Carly Moore,Newark,Wireless Mouse,Electronics,4,19.99,79.96,UPI
C1530,O11530,2025-12-04,Brianna Hurley,Iselin,Water Bottle,Sports,4,9.99,39.96,Credit Card
C1531,O11531,2025-09-14,Deanna Davis,Edison,Wireless Mouse,Electronics,1,19.99,19.99,Debit Card
C1532,O11532,2025-07-02,Christina Potts,Iselin,Notebook Pack,Stationery,4,3.99,15.96,Credit Card
C1533,O11533,2026-03-29,Christopher Stewart,Woodbridge,Treadmill,Sports,1,399.99,399.99,Credit Card
C1534,O11534,2025-08-21,Robert Evans,Jersey City,Cricket Bat,Sports,2,79.99,159.98,Cash
C1535,O11535,2025-08-10,Christopher Pittman,Iselin,Backpack,Fashion,2,39.99,79.98,Credit Card
C1536,O11536,2026-06-08,Charles Becker,Edison,Perfume,Fashion,3,29.99,89.97,UPI
C1537,O11537,2025-08-05,Christopher Cruz,Jersey City,Treadmill,Sports,3,399.99,1199.97,Cash
C1538,O11538,2025-08-21,Joshua Holmes,Woodbridge,Table Lamp,Home Decor,2,14.99,29.98,Debit Card
C1539,O11539,2026-02-24,Paul Lester,Edison,Smartwatch,Electronics,5,149.99,749.95,Credit Card
C1540,O11540,2026-05-15,Alec Rodriguez,Newark,Water Bottle,Sports,4,9.99,39.96,UPI
C1541,O11541,2026-02-02,Emily Guzman,Newark,Wall Clock,Home Decor,3,19.99,59.97,Credit Card
C1542,O11542,2025-08-01,Mr. Shannon Sims,Jersey City,Blender,Home Appliances,5,49.99,249.95,Credit Card
C1543,O11543,2025-07-09,Victoria Anderson,Iselin,Office Chair,Furniture,4,89.99,359.96,Debit Card
C1544,O11544,2026-06-06,Robert Wright,Edison,Treadmill,Sports,3,399.99,1199.97,Cash
C1545,O11545,2026-04-16,David Le,Edison,Cricket Bat,Sports,1,79.99,79.99,Cash
C1546,O11546,2025-07-19,Russell Campbell,Newark,Wireless Earbuds,Electronics,2,49.99,99.98,Debit Card
C1547,O11547,2025-11-17,Tracey Reynolds,Edison,Smartwatch,Electronics,2,149.99,299.98,Cash
C1548,O11548,2025-09-04,Tyler Jacobson,Jersey City,Wall Clock,Home Decor,3,19.99,59.97,UPI
C1549,O11549,2025-07-01,Gregg Glover,Jersey City,Smartwatch,Electronics,5,149.99,749.95,UPI
C1550,O11550,2025-11-27,Melissa Washington,Newark,Cricket Bat,Sports,2,79.99,159.98,Credit Card
C1551,O11551,2026-04-14,Matthew Schwartz,Jersey City,Running Shoes,Fashion,5,59.99,299.95,Credit Card
C1552,O11552,2025-11-01,Olivia Newman,Woodbridge,USB Cable,Electronics,5,5.99,29.95,Debit Card
C1553,O11553,2026-04-12,Susan Johnson,Newark,Notebook Pack,Stationery,5,3.99,19.95,Debit Card
C1554,O11554,2025-09-06,Regina Myers,Newark,Water Bottle,Sports,5,9.99,49.95,Debit Card
C1555,O11555,2025-08-05,Mary Martinez,Woodbridge,Office Chair,Furniture,3,89.99,269.97,Cash
C1556,O11556,2025-07-10,Sandra Schneider,Jersey City,Notebook Pack,Stationery,4,3.99,15.96,Cash
C1557,O11557,2026-04-14,Christine Thomas,Newark,Coffee Maker,Home Appliances,4,79.99,319.96,Debit Card
C1558,O11558,2025-09-07,David Alvarez,Edison,LED Monitor,Electronics,2,129.99,259.98,Credit Card
C1559,O11559,2026-05-16,Micheal Walker,Jersey City,Running Shoes,Fashion,1,59.99,59.99,Credit Card
C1560,O11560,2026-06-09,Bailey Price,Edison,Table Lamp,Home Decor,5,14.99,74.95,Cash
C1561,O11561,2026-06-05,Omar Arias,Edison,Smartwatch,Electronics,4,149.99,599.96,Cash
C1562,O11562,2026-02-17,Max Thompson,Newark,Treadmill,Sports,5,399.99,1999.95,Credit Card
C1563,O11563,2026-02-03,Adam Moreno,Woodbridge,Backpack,Fashion,5,39.99,199.95,Debit Card
C1564,O11564,2025-09-19,Tony Ross,Jersey City,Running Shoes,Fashion,2,59.99,119.98,Credit Card
C1565,O11565,2025-09-02,April Berry,Newark,Hair Dryer,Home Appliances,4,29.99,119.96,UPI
C1566,O11566,2026-06-11,Mary Stone,Jersey City,Perfume,Fashion,1,29.99,29.99,UPI
C1567,O11567,2025-08-20,Thomas Chapman,Jersey City,Smartwatch,Electronics,3,149.99,449.97,Credit Card
C1568,O11568,2025-10-05,Christopher Wise,Newark,Office Chair,Furniture,2,89.99,179.98,Debit Card
C1569,O11569,2026-02-06,Stephen Jenkins,Edison,Coffee Maker,Home Appliances,2,79.99,159.98,Cash
C1570,O11570,2026-02-22,Daniel Ward,Jersey City,Cricket Bat,Sports,4,79.99,319.96,Debit Card
C1571,O11571,2025-09-12,Bradley Russell,Edison,Perfume,Fashion,1,29.99,29.99,Credit Card
C1572,O11572,2025-09-21,Rebecca Bryan,Newark,Blender,Home Appliances,3,49.99,149.97,UPI
C1573,O11573,2025-09-13,Kevin Conley,Edison,Wireless Earbuds,Electronics,2,49.99,99.98,UPI
C1574,O11574,2025-11-23,Andrew Kim,Iselin,Perfume,Fashion,1,29.99,29.99,UPI
C1575,O11575,2025-09-05,Margaret Allen,Iselin,Cricket Bat,Sports,5,79.99,399.95,Credit Card
C1576,O11576,2025-11-03,Lisa Frost,Newark,Perfume,Fashion,3,29.99,89.97,UPI
C1577,O11577,2025-06-23,Katelyn Jackson,Edison,Wireless Mouse,Electronics,2,19.99,39.98,Cash
C1578,O11578,2025-10-16,Taylor Farmer,Jersey City,Wireless Earbuds,Electronics,1,49.99,49.99,Debit Card
C1579,O11579,2026-06-03,Dana Holder,Iselin,Desk Organizer,Stationery,2,7.99,15.98,Debit Card
C1580,O11580,2025-12-17,Willie Schultz,Jersey City,Hair Dryer,Home Appliances,4,29.99,119.96,Debit Card
C1581,O11581,2026-02-15,Kenneth Lam,Woodbridge,Wall Clock,Home Decor,1,19.99,19.99,UPI
C1582,O11582,2025-07-16,Carlos Thompson,Edison,Wireless Earbuds,Electronics,3,49.99,149.97,Debit Card
C1583,O11583,2025-12-05,Karen Garcia,Newark,Wireless Mouse,Electronics,3,19.99,59.97,Cash
C1584,O11584,2026-02-19,Tammy Martinez,Newark,Blender,Home Appliances,3,49.99,149.97,Debit Card
C1585,O11585,2025-11-13,Barbara Holland,Iselin,Wall Clock,Home Decor,4,19.99,79.96,Credit Card
C1586,O11586,2026-01-27,Karen Cunningham,Woodbridge,Wall Clock,Home Decor,2,19.99,39.98,Cash
C1587,O11587,2026-05-12,Juan Rush,Newark,Desk Organizer,Stationery,2,7.99,15.98,Cash
C1588,O11588,2025-12-04,Angela Miller,Woodbridge,Keyboard,Electronics,3,24.99,74.97,Debit Card
C1589,O11589,2026-03-12,Jennifer Anderson,Jersey City,Blender,Home Appliances,1,49.99,49.99,Cash
C1590,O11590,2025-12-25,Timothy Randall,Jersey City,USB Cable,Electronics,3,5.99,17.97,Cash
C1591,O11591,2025-07-23,Susan Miller,Newark,Keyboard,Electronics,5,24.99,124.95,Credit Card
C1592,O11592,2025-10-09,Wendy Taylor,Jersey City,Cricket Bat,Sports,1,79.99,79.99,Debit Card
C1593,O11593,2025-08-12,Andrew Warner,Newark,Wireless Earbuds,Electronics,5,49.99,249.95,Cash
C1594,O11594,2026-04-21,Nicole Keller,Woodbridge,Coffee Maker,Home Appliances,5,79.99,399.95,Credit Card
C1595,O11595,2026-01-21,Erica Norris,Woodbridge,Blender,Home Appliances,5,49.99,249.95,Debit Card
C1596,O11596,2026-04-08,Carlos Nelson,Jersey City,LED Monitor,Electronics,1,129.99,129.99,UPI
C1597,O11597,2025-07-09,Jill Johnson,Iselin,Office Chair,Furniture,5,89.99,449.95,Cash
C1598,O11598,2025-07-17,Deborah Patterson,Woodbridge,Water Bottle,Sports,4,9.99,39.96,Debit Card
C1599,O11599,2026-02-04,Robert Ramos,Jersey City,Perfume,Fashion,4,29.99,119.96,Cash
C1600,O11600,2025-09-08,Edward Hammond,Newark,Wall Clock,Home Decor,1,19.99,19.99,Debit Card
C1601,O11601,2025-11-13,Gavin Graham,Woodbridge,Treadmill,Sports,1,399.99,399.99,Cash
C1602,O11602,2026-02-08,Christopher Harris,Edison,Keyboard,Electronics,5,24.99,124.95,Debit Card
C1603,O11603,2025-07-25,Daniel Castaneda,Iselin,Wireless Mouse,Electronics,2,19.99,39.98,Credit Card
C1604,O11604,2026-06-04,Wendy Mercer,Woodbridge,Table Lamp,Home Decor,4,14.99,59.96,Debit Card
C1605,O11605,2026-03-30,Jeanette Moore,Edison,Hair Dryer,Home Appliances,1,29.99,29.99,Debit Card
C1606,O11606,2026-06-09,Vincent Little,Jersey City,Office Chair,Furniture,3,89.99,269.97,Cash
C1607,O11607,2025-09-09,Keith Thomas,Newark,Wall Clock,Home Decor,3,19.99,59.97,Credit Card
C1608,O11608,2025-08-15,Lisa Vargas,Woodbridge,Wireless Earbuds,Electronics,3,49.99,149.97,UPI
C1609,O11609,2025-11-18,Melissa Foster,Iselin,Office Chair,Furniture,5,89.99,449.95,UPI
C1610,O11610,2026-01-22,Natasha Williams,Newark,Table Lamp,Home Decor,2,14.99,29.98,UPI
C1611,O11611,2025-07-10,Christopher Phelps,Iselin,Backpack,Fashion,4,39.99,159.96,Debit Card
C1612,O11612,2026-03-18,Christopher Mcguire,Edison,Office Chair,Furniture,3,89.99,269.97,Credit Card
C1613,O11613,2026-05-07,Christopher Johnson,Woodbridge,Backpack,Fashion,1,39.99,39.99,Credit Card
C1614,O11614,2026-01-21,Richard Hart,Newark,Desk Organizer,Stationery,3,7.99,23.97,UPI
C1615,O11615,2026-02-03,James Maxwell,Woodbridge,Blender,Home Appliances,5,49.99,249.95,UPI
C1616,O11616,2026-04-05,Brandon Mccoy,Jersey City,USB Cable,Electronics,1,5.99,5.99,Debit Card
C1617,O11617,2025-10-05,Calvin Navarro,Edison,Perfume,Fashion,1,29.99,29.99,Debit Card
C1618,O11618,2026-06-01,Brandi Russell DVM,Iselin,Smartwatch,Electronics,2,149.99,299.98,Cash
C1619,O11619,2026-03-11,Kimberly Olson,Newark,Hair Dryer,Home Appliances,5,29.99,149.95,Cash
C1620,O11620,2025-12-05,Phillip Briggs,Edison,Keyboard,Electronics,4,24.99,99.96,UPI
C1621,O11621,2025-11-01,Laurie Davis,Woodbridge,Water Bottle,Sports,5,9.99,49.95,Debit Card
C1622,O11622,2026-01-07,Laurie Riley,Newark,Smartwatch,Electronics,3,149.99,449.97,Cash
C1623,O11623,2025-08-07,Brian Bean,Iselin,Coffee Maker,Home Appliances,1,79.99,79.99,Debit Card
C1624,O11624,2026-04-19,Amy Galvan,Iselin,Cricket Bat,Sports,2,79.99,159.98,Credit Card
C1625,O11625,2025-09-18,Mrs. Nicole Floyd MD,Iselin,Coffee Maker,Home Appliances,2,79.99,159.98,UPI
C1626,O11626,2025-07-29,Sophia Lewis,Woodbridge,Wall Clock,Home Decor,4,19.99,79.96,UPI
C1627,O11627,2026-04-26,Scott Chapman,Newark,USB Cable,Electronics,3,5.99,17.97,Cash
C1628,O11628,2025-08-28,Daniel Lane,Newark,LED Monitor,Electronics,2,129.99,259.98,Debit Card
C1629,O11629,2025-10-23,Kelly Scott,Edison,Keyboard,Electronics,1,24.99,24.99,UPI
C1630,O11630,2025-10-17,Daniel Garrett,Woodbridge,USB Cable,Electronics,4,5.99,23.96,Credit Card
C1631,O11631,2025-09-20,Tina Mccall,Iselin,Cricket Bat,Sports,3,79.99,239.97,Credit Card
C1632,O11632,2025-09-23,Julie Russell MD,Woodbridge,Smartwatch,Electronics,3,149.99,449.97,Credit Card
C1633,O11633,2025-08-06,Karen Simpson,Iselin,Cricket Bat,Sports,2,79.99,159.98,Debit Card
C1634,O11634,2025-07-03,Brandy Manning,Jersey City,Desk Organizer,Stationery,3,7.99,23.97,Cash
C1635,O11635,2025-08-15,Wendy Krause,Edison,Smartwatch,Electronics,1,149.99,149.99,Debit Card
C1636,O11636,2026-03-31,Mark Arroyo,Edison,Water Bottle,Sports,4,9.99,39.96,Debit Card
C1637,O11637,2025-11-20,Antonio Bradshaw,Woodbridge,LED Monitor,Electronics,5,129.99,649.95,Credit Card
C1638,O11638,2025-12-31,Patricia Norman,Iselin,Wireless Mouse,Electronics,2,19.99,39.98,Debit Card
C1639,O11639,2025-07-06,Howard Peterson,Edison,Smartwatch,Electronics,5,149.99,749.95,Cash
C1640,O11640,2026-01-18,Michael Ramos,Woodbridge,Treadmill,Sports,5,399.99,1999.95,UPI
C1641,O11641,2026-02-21,Shawn Robinson,Edison,LED Monitor,Electronics,2,129.99,259.98,Cash
C1642,O11642,2026-04-20,Katie Williams,Iselin,Keyboard,Electronics,5,24.99,124.95,Credit Card
C1643,O11643,2025-08-28,Jennifer West,Iselin,Cricket Bat,Sports,3,79.99,239.97,Credit Card
C1644,O11644,2026-05-28,Antonio Brown,Woodbridge,Wireless Mouse,Electronics,3,19.99,59.97,Debit Card
C1645,O11645,2025-07-25,Nathan Walker,Jersey City,Running Shoes,Fashion,1,59.99,59.99,UPI
C1646,O11646,2025-09-26,Jacob Alvarez,Woodbridge,Backpack,Fashion,1,39.99,39.99,Cash
C1647,O11647,2026-03-07,Kendra Hall,Iselin,Notebook Pack,Stationery,3,3.99,11.97,UPI
C1648,O11648,2026-05-30,Whitney Yates,Woodbridge,Office Chair,Furniture,4,89.99,359.96,Cash
C1649,O11649,2025-11-16,Matthew Hardin,Jersey City,Notebook Pack,Stationery,2,3.99,7.98,UPI
C1650,O11650,2026-04-10,Tara Crawford,Newark,Running Shoes,Fashion,1,59.99,59.99,Credit Card
C1651,O11651,2025-07-13,Jamie Stewart,Iselin,Perfume,Fashion,4,29.99,119.96,Cash
C1652,O11652,2026-02-12,Lori Johnson,Jersey City,Keyboard,Electronics,3,24.99,74.97,UPI
C1653,O11653,2026-01-27,Gloria Robbins,Jersey City,Cricket Bat,Sports,4,79.99,319.96,UPI
C1654,O11654,2025-10-21,Tammie Morales,Newark,Cricket Bat,Sports,5,79.99,399.95,Cash
C1655,O11655,2026-04-09,Megan Hines,Iselin,Notebook Pack,Stationery,2,3.99,7.98,UPI
C1656,O11656,2026-03-08,Denise Rodriguez,Newark,Notebook Pack,Stationery,5,3.99,19.95,Debit Card
C1657,O11657,2026-04-14,Joel Rose,Newark,Water Bottle,Sports,4,9.99,39.96,Cash
C1658,O11658,2026-04-23,Sheila Marsh,Edison,Coffee Maker,Home Appliances,4,79.99,319.96,Credit Card
C1659,O11659,2025-11-10,Robert Dean,Edison,Keyboard,Electronics,2,24.99,49.98,UPI
C1660,O11660,2025-11-21,Joann Tucker,Woodbridge,Hair Dryer,Home Appliances,2,29.99,59.98,Debit Card
C1661,O11661,2026-05-30,Mr. Gary Adams MD,Jersey City,Wireless Mouse,Electronics,4,19.99,79.96,Credit Card
C1662,O11662,2025-12-17,George Hoffman,Edison,Wireless Earbuds,Electronics,2,49.99,99.98,Debit Card
C1663,O11663,2025-06-29,Victoria Peterson,Iselin,Table Lamp,Home Decor,1,14.99,14.99,Cash
C1664,O11664,2025-07-05,Matthew Christian,Edison,Keyboard,Electronics,1,24.99,24.99,UPI
C1665,O11665,2026-03-10,Dr. Tanner Reed,Edison,Table Lamp,Home Decor,1,14.99,14.99,Credit Card
C1666,O11666,2026-03-09,Christina Dickerson,Newark,Hair Dryer,Home Appliances,2,29.99,59.98,Cash
C1667,O11667,2025-10-01,Richard Nguyen,Jersey City,USB Cable,Electronics,3,5.99,17.97,UPI
C1668,O11668,2025-12-27,Sarah Hill,Jersey City,Hair Dryer,Home Appliances,4,29.99,119.96,Debit Card
C1669,O11669,2026-01-19,Pamela Morgan,Newark,Perfume,Fashion,2,29.99,59.98,Credit Card
C1670,O11670,2026-01-03,Mr. Robert Zhang,Iselin,Treadmill,Sports,2,399.99,799.98,Cash
C1671,O11671,2025-10-06,Michael Walsh,Newark,USB Cable,Electronics,5,5.99,29.95,Debit Card
C1672,O11672,2025-12-30,Amanda Simpson,Edison,LED Monitor,Electronics,3,129.99,389.97,UPI
C1673,O11673,2025-08-24,Sheila Santos,Newark,Backpack,Fashion,4,39.99,159.96,Debit Card
C1674,O11674,2025-11-26,Vanessa Lawson,Iselin,USB Cable,Electronics,3,5.99,17.97,Debit Card
C1675,O11675,2025-12-17,Jasmine Wiggins,Edison,Keyboard,Electronics,2,24.99,49.98,UPI
C1676,O11676,2026-01-30,Brandon Becker,Newark,Table Lamp,Home Decor,5,14.99,74.95,Credit Card
C1677,O11677,2025-07-25,Cheryl Garrett,Edison,Hair Dryer,Home Appliances,4,29.99,119.96,Credit Card
C1678,O11678,2026-04-07,Edward Gomez,Edison,Cricket Bat,Sports,3,79.99,239.97,UPI
C1679,O11679,2025-08-05,Jacob Peterson,Jersey City,Wireless Mouse,Electronics,5,19.99,99.95,Cash
C1680,O11680,2026-03-08,Randy Lamb,Newark,Running Shoes,Fashion,3,59.99,179.97,Credit Card
C1681,O11681,2026-01-25,Katrina Sandoval,Jersey City,Wireless Mouse,Electronics,4,19.99,79.96,Cash
C1682,O11682,2025-09-27,Rebecca Gonzalez,Jersey City,Water Bottle,Sports,5,9.99,49.95,Credit Card
C1683,O11683,2026-01-07,Eric Delgado,Jersey City,LED Monitor,Electronics,5,129.99,649.95,UPI
C1684,O11684,2025-12-13,Margaret Dominguez,Newark,Treadmill,Sports,4,399.99,1599.96,Credit Card
C1685,O11685,2025-11-05,David Walker,Woodbridge,Cricket Bat,Sports,2,79.99,159.98,UPI
C1686,O11686,2025-09-21,Sonya Boyd,Newark,Wireless Earbuds,Electronics,3,49.99,149.97,Cash
C1687,O11687,2026-02-28,Brandon Gordon,Newark,Table Lamp,Home Decor,1,14.99,14.99,Debit Card
C1688,O11688,2026-02-16,Kevin Rojas,Jersey City,Office Chair,Furniture,1,89.99,89.99,Debit Card
C1689,O11689,2026-03-31,Ann Lambert,Iselin,Blender,Home Appliances,2,49.99,99.98,Credit Card
C1690,O11690,2026-01-14,Douglas Landry,Edison,Keyboard,Electronics,5,24.99,124.95,Cash
C1691,O11691,2026-03-23,Gabrielle Bean,Edison,Coffee Maker,Home Appliances,3,79.99,239.97,Debit Card
C1692,O11692,2025-06-28,Kimberly Garza,Woodbridge,Cricket Bat,Sports,5,79.99,399.95,UPI
C1693,O11693,2026-05-16,Elizabeth Soto,Iselin,Perfume,Fashion,1,29.99,29.99,Debit Card
C1694,O11694,2025-10-15,Michael Calderon,Iselin,Smartwatch,Electronics,2,149.99,299.98,Credit Card
C1695,O11695,2025-09-22,Nicholas Campbell,Iselin,Smartwatch,Electronics,2,149.99,299.98,Debit Card
C1696,O11696,2026-05-16,Brianna Moore,Woodbridge,Running Shoes,Fashion,5,59.99,299.95,Debit Card
C1697,O11697,2025-11-12,Tyler Smith,Edison,Hair Dryer,Home Appliances,1,29.99,29.99,Cash
C1698,O11698,2025-12-07,Jeremy Frye,Newark,Running Shoes,Fashion,1,59.99,59.99,Debit Card
C1699,O11699,2026-05-15,Kelly Weber,Newark,Desk Organizer,Stationery,3,7.99,23.97,Credit Card
C1700,O11700,2025-09-24,Jamie Lopez,Edison,Perfume,Fashion,5,29.99,149.95,Debit Card
C1701,O11701,2026-01-11,Norma Martinez,Woodbridge,Backpack,Fashion,1,39.99,39.99,Debit Card
C1702,O11702,2025-09-18,Anna Phillips DDS,Jersey City,Desk Organizer,Stationery,4,7.99,31.96,Cash
C1703,O11703,2025-12-19,Eric Watkins,Woodbridge,Coffee Maker,Home Appliances,4,79.99,319.96,Credit Card
C1704,O11704,2026-06-09,Lisa Morrow,Iselin,Coffee Maker,Home Appliances,4,79.99,319.96,UPI
C1705,O11705,2025-08-14,Michelle Baker,Iselin,Table Lamp,Home Decor,4,14.99,59.96,Cash
C1706,O11706,2025-09-22,Misty Carter,Iselin,Office Chair,Furniture,5,89.99,449.95,Credit Card
C1707,O11707,2025-10-16,Aaron Henderson,Woodbridge,Desk Organizer,Stationery,4,7.99,31.96,UPI
C1708,O11708,2025-10-29,Gary Mitchell,Edison,Hair Dryer,Home Appliances,2,29.99,59.98,Credit Card
C1709,O11709,2025-10-02,Ashley Richardson,Jersey City,Keyboard,Electronics,1,24.99,24.99,Debit Card
C1710,O11710,2025-10-23,Darrell Adams,Edison,Treadmill,Sports,3,399.99,1199.97,UPI
C1711,O11711,2025-09-07,Sandra Jenkins,Iselin,Wall Clock,Home Decor,3,19.99,59.97,Cash
C1712,O11712,2025-10-01,Stacy Sanchez,Woodbridge,Wireless Earbuds,Electronics,1,49.99,49.99,UPI
C1713,O11713,2026-01-25,Allison Carpenter,Woodbridge,Wireless Earbuds,Electronics,4,49.99,199.96,Cash
C1714,O11714,2025-10-22,Amanda Martin,Iselin,Notebook Pack,Stationery,1,3.99,3.99,Cash
C1715,O11715,2026-02-28,Francisco Erickson,Jersey City,Backpack,Fashion,3,39.99,119.97,UPI
C1716,O11716,2026-04-08,Christopher Valdez,Edison,Perfume,Fashion,1,29.99,29.99,Cash
C1717,O11717,2025-11-14,Daniel Wilson,Jersey City,Notebook Pack,Stationery,3,3.99,11.97,Debit Card
C1718,O11718,2025-07-31,Gregory Delgado,Newark,Running Shoes,Fashion,1,59.99,59.99,Credit Card
C1719,O11719,2026-03-18,Rebecca Hurley,Iselin,Water Bottle,Sports,4,9.99,39.96,Credit Card
C1720,O11720,2026-03-09,Colleen Cox,Woodbridge,Blender,Home Appliances,2,49.99,99.98,Debit Card
C1721,O11721,2025-06-29,Ricardo Reeves,Woodbridge,Blender,Home Appliances,3,49.99,149.97,Cash
C1722,O11722,2025-10-14,Jillian Lowe,Woodbridge,Running Shoes,Fashion,4,59.99,239.96,UPI
C1723,O11723,2025-06-19,Dillon Mendez,Woodbridge,Coffee Maker,Home Appliances,4,79.99,319.96,Cash
C1724,O11724,2025-07-01,Donna Hawkins,Newark,Office Chair,Furniture,1,89.99,89.99,Cash
C1725,O11725,2026-05-09,James Rodgers,Jersey City,Hair Dryer,Home Appliances,4,29.99,119.96,Credit Card
C1726,O11726,2025-07-07,Robert Brooks,Edison,Desk Organizer,Stationery,3,7.99,23.97,UPI
C1727,O11727,2025-10-29,Matthew Smith,Edison,Perfume,Fashion,3,29.99,89.97,Cash
C1728,O11728,2025-06-30,Lisa Sanchez,Edison,Coffee Maker,Home Appliances,4,79.99,319.96,Debit Card
C1729,O11729,2026-05-10,Julia Bryant,Newark,Notebook Pack,Stationery,2,3.99,7.98,Debit Card
C1730,O11730,2026-05-06,Taylor Myers,Jersey City,USB Cable,Electronics,1,5.99,5.99,Debit Card
C1731,O11731,2025-06-16,Kimberly James,Newark,Coffee Maker,Home Appliances,5,79.99,399.95,Credit Card
C1732,O11732,2025-10-18,Rachael Harding,Jersey City,Smartwatch,Electronics,2,149.99,299.98,UPI
C1733,O11733,2025-08-24,Karen Wilkinson,Iselin,Hair Dryer,Home Appliances,4,29.99,119.96,UPI
C1734,O11734,2025-11-13,Bryan Lowery,Iselin,Hair Dryer,Home Appliances,1,29.99,29.99,UPI
C1735,O11735,2026-01-10,Brad Smith,Iselin,Hair Dryer,Home Appliances,5,29.99,149.95,Credit Card
C1736,O11736,2026-05-29,Jennifer Barnett,Jersey City,Desk Organizer,Stationery,3,7.99,23.97,Debit Card
C1737,O11737,2025-09-24,Duane Contreras,Woodbridge,Backpack,Fashion,1,39.99,39.99,Debit Card
C1738,O11738,2025-10-17,Rachel Hughes,Edison,Backpack,Fashion,1,39.99,39.99,Debit Card
C1739,O11739,2025-10-26,Brittany Robinson,Edison,Notebook Pack,Stationery,4,3.99,15.96,Debit Card
C1740,O11740,2026-04-04,Sarah Peters,Edison,USB Cable,Electronics,3,5.99,17.97,Debit Card
C1741,O11741,2026-03-27,Charles Ramos,Edison,Notebook Pack,Stationery,5,3.99,19.95,UPI
C1742,O11742,2026-01-01,Sarah Williamson,Iselin,Blender,Home Appliances,3,49.99,149.97,Debit Card
C1743,O11743,2025-09-30,Suzanne Castaneda,Woodbridge,Desk Organizer,Stationery,1,7.99,7.99,Credit Card
C1744,O11744,2026-04-12,Philip Green,Edison,Table Lamp,Home Decor,2,14.99,29.98,Cash
C1745,O11745,2026-06-12,Jodi Smith,Woodbridge,Perfume,Fashion,1,29.99,29.99,Credit Card
C1746,O11746,2026-01-14,Lisa Jackson,Jersey City,Backpack,Fashion,5,39.99,199.95,Credit Card
C1747,O11747,2025-11-30,Carla Medina,Iselin,Cricket Bat,Sports,2,79.99,159.98,Cash
C1748,O11748,2025-10-15,Grace Stone,Iselin,Keyboard,Electronics,1,24.99,24.99,Cash
C1749,O11749,2026-02-14,Heather Cowan,Jersey City,Notebook Pack,Stationery,5,3.99,19.95,Debit Card
C1750,O11750,2026-03-23,Ashley Odonnell,Edison,Smartwatch,Electronics,3,149.99,449.97,Cash
C1751,O11751,2026-04-06,Anthony Orozco,Jersey City,LED Monitor,Electronics,2,129.99,259.98,UPI
C1752,O11752,2025-12-14,Tina Morrison,Newark,Keyboard,Electronics,3,24.99,74.97,Debit Card
C1753,O11753,2025-06-20,Joshua Johnson,Newark,Coffee Maker,Home Appliances,1,79.99,79.99,Cash
C1754,O11754,2025-08-05,Mary Thompson,Edison,Hair Dryer,Home Appliances,2,29.99,59.98,Cash
C1755,O11755,2026-02-06,Andrew Coleman,Edison,Desk Organizer,Stationery,1,7.99,7.99,Credit Card
C1756,O11756,2025-06-29,Rodney Gomez,Newark,Blender,Home Appliances,1,49.99,49.99,Credit Card
C1757,O11757,2025-12-09,Brian Lewis,Woodbridge,Hair Dryer,Home Appliances,4,29.99,119.96,UPI
C1758,O11758,2025-11-11,Elizabeth Luna,Woodbridge,Office Chair,Furniture,4,89.99,359.96,Credit Card
C1759,O11759,2025-07-02,Jeffrey Oneill,Newark,Water Bottle,Sports,5,9.99,49.95,Debit Card
C1760,O11760,2026-01-26,Katrina Roman,Iselin,Hair Dryer,Home Appliances,2,29.99,59.98,Cash
C1761,O11761,2025-09-11,Christopher Mcmillan,Newark,LED Monitor,Electronics,5,129.99,649.95,UPI
C1762,O11762,2025-08-03,Scott Miller Jr.,Woodbridge,LED Monitor,Electronics,5,129.99,649.95,Cash
C1763,O11763,2026-05-12,Scott Thornton,Edison,Cricket Bat,Sports,4,79.99,319.96,Credit Card
C1764,O11764,2025-06-16,Christopher Silva,Jersey City,Notebook Pack,Stationery,1,3.99,3.99,Debit Card
C1765,O11765,2025-11-16,Kevin Cline,Jersey City,Perfume,Fashion,3,29.99,89.97,Debit Card
C1766,O11766,2025-07-14,Melvin Sandoval,Newark,Cricket Bat,Sports,1,79.99,79.99,Credit Card
C1767,O11767,2026-01-07,Veronica Alvarez,Iselin,Notebook Pack,Stationery,3,3.99,11.97,Credit Card
C1768,O11768,2026-01-27,Garrett Barr,Jersey City,Smartwatch,Electronics,4,149.99,599.96,Debit Card
C1769,O11769,2026-05-16,Paige Palmer,Edison,Wireless Earbuds,Electronics,5,49.99,249.95,UPI
C1770,O11770,2026-03-02,Stephen Townsend,Edison,Cricket Bat,Sports,2,79.99,159.98,Cash
C1771,O11771,2026-04-28,Garrett Black,Edison,Wall Clock,Home Decor,4,19.99,79.96,UPI
C1772,O11772,2025-10-12,Julie Barrett,Iselin,Running Shoes,Fashion,4,59.99,239.96,Credit Card
C1773,O11773,2026-05-10,James Everett,Woodbridge,Wireless Earbuds,Electronics,1,49.99,49.99,Debit Card
C1774,O11774,2025-12-05,Adam Garcia,Iselin,Blender,Home Appliances,4,49.99,199.96,Cash
C1775,O11775,2026-01-11,Katherine Deleon,Newark,USB Cable,Electronics,4,5.99,23.96,UPI
C1776,O11776,2025-06-15,Victoria Smith,Edison,Wireless Mouse,Electronics,1,19.99,19.99,UPI
C1777,O11777,2025-08-20,Michael Murray,Edison,Wall Clock,Home Decor,4,19.99,79.96,Debit Card
C1778,O11778,2025-07-25,Lisa Lyons,Newark,Backpack,Fashion,4,39.99,159.96,Debit Card
C1779,O11779,2025-12-04,Victoria Marshall,Newark,Hair Dryer,Home Appliances,3,29.99,89.97,Credit Card
C1780,O11780,2025-12-14,Tracey Church,Jersey City,Office Chair,Furniture,4,89.99,359.96,Cash
C1781,O11781,2026-01-27,Scott Long,Edison,Coffee Maker,Home Appliances,2,79.99,159.98,Cash
C1782,O11782,2026-04-10,Keith Aguilar MD,Woodbridge,Desk Organizer,Stationery,2,7.99,15.98,Credit Card
C1783,O11783,2025-07-27,Mrs. Terri Brown MD,Woodbridge,Running Shoes,Fashion,5,59.99,299.95,Debit Card
C1784,O11784,2025-06-26,Matthew Sanchez,Woodbridge,Desk Organizer,Stationery,2,7.99,15.98,Cash
C1785,O11785,2025-08-23,Joseph Atkinson,Newark,Blender,Home Appliances,5,49.99,249.95,Debit Card
C1786,O11786,2025-10-03,Larry Roberts,Newark,Perfume,Fashion,1,29.99,29.99,Credit Card
C1787,O11787,2025-09-15,Susan Gilbert,Iselin,LED Monitor,Electronics,5,129.99,649.95,UPI
C1788,O11788,2025-07-01,Jonathan Gibbs,Woodbridge,Wireless Earbuds,Electronics,2,49.99,99.98,Cash
C1789,O11789,2025-07-11,Cameron Mcmillan,Jersey City,Water Bottle,Sports,5,9.99,49.95,Cash
C1790,O11790,2025-08-25,Robert Chang,Woodbridge,Notebook Pack,Stationery,1,3.99,3.99,Debit Card
C1791,O11791,2025-11-22,Mrs. Amanda Bennett MD,Iselin,Wall Clock,Home Decor,1,19.99,19.99,UPI
C1792,O11792,2025-10-07,Susan Smith,Jersey City,Coffee Maker,Home Appliances,1,79.99,79.99,Debit Card
C1793,O11793,2025-08-30,Latoya Chan,Jersey City,Wireless Mouse,Electronics,1,19.99,19.99,Cash
C1794,O11794,2026-02-28,Kyle Rodriguez,Edison,USB Cable,Electronics,3,5.99,17.97,Credit Card
C1795,O11795,2026-04-08,Sharon Martin,Jersey City,Treadmill,Sports,5,399.99,1999.95,Cash
C1796,O11796,2025-11-28,Austin Barnett,Jersey City,Keyboard,Electronics,4,24.99,99.96,Debit Card
C1797,O11797,2026-01-22,Rick Rose,Woodbridge,USB Cable,Electronics,1,5.99,5.99,UPI
C1798,O11798,2025-08-22,Cameron Smith,Woodbridge,Keyboard,Electronics,5,24.99,124.95,UPI
C1799,O11799,2025-09-19,Elizabeth Young,Woodbridge,Water Bottle,Sports,1,9.99,9.99,Credit Card
C1800,O11800,2025-11-18,Christopher Rodriguez,Jersey City,LED Monitor,Electronics,4,129.99,519.96,Cash
C1801,O11801,2025-11-13,Cindy Henry DDS,Edison,Running Shoes,Fashion,4,59.99,239.96,Cash
C1802,O11802,2025-11-13,Joseph Barnes,Iselin,Water Bottle,Sports,1,9.99,9.99,UPI
C1803,O11803,2025-07-03,Laura Johnson,Iselin,USB Cable,Electronics,4,5.99,23.96,Credit Card
C1804,O11804,2025-11-18,Christine Ford,Edison,Perfume,Fashion,4,29.99,119.96,Credit Card
C1805,O11805,2026-05-22,Jasmine Phillips,Iselin,LED Monitor,Electronics,1,129.99,129.99,Debit Card
C1806,O11806,2026-01-11,Laura Wells,Iselin,Blender,Home Appliances,1,49.99,49.99,Credit Card
C1807,O11807,2026-02-09,Glenn Cardenas,Iselin,Office Chair,Furniture,2,89.99,179.98,UPI
C1808,O11808,2026-05-15,Shelley Berry,Jersey City,Cricket Bat,Sports,1,79.99,79.99,UPI
C1809,O11809,2025-09-21,Daniel Miller,Iselin,Wireless Earbuds,Electronics,5,49.99,249.95,Debit Card
C1810,O11810,2025-07-10,Ashlee Lewis,Jersey City,Running Shoes,Fashion,4,59.99,239.96,Credit Card
C1811,O11811,2026-01-23,Anna Mccarthy,Woodbridge,Coffee Maker,Home Appliances,5,79.99,399.95,Credit Card
C1812,O11812,2026-03-04,Michael Krueger,Iselin,Wireless Mouse,Electronics,3,19.99,59.97,Credit Card
C1813,O11813,2025-11-23,Lori Huffman,Iselin,Office Chair,Furniture,4,89.99,359.96,Cash
C1814,O11814,2025-10-27,Francisco Fuentes Jr.,Jersey City,Wireless Earbuds,Electronics,2,49.99,99.98,Cash
C1815,O11815,2026-02-04,James Townsend,Edison,Table Lamp,Home Decor,3,14.99,44.97,Credit Card
C1816,O11816,2026-03-01,Erik Whitehead,Woodbridge,Table Lamp,Home Decor,5,14.99,74.95,Cash
C1817,O11817,2026-01-09,Courtney Robbins,Iselin,Desk Organizer,Stationery,1,7.99,7.99,Cash
C1818,O11818,2025-10-10,Daniel Miller,Iselin,Running Shoes,Fashion,3,59.99,179.97,UPI
C1819,O11819,2026-03-27,Calvin Stanley,Woodbridge,Coffee Maker,Home Appliances,5,79.99,399.95,Debit Card
C1820,O11820,2026-04-19,Bryan Edwards,Jersey City,Running Shoes,Fashion,1,59.99,59.99,Cash
C1821,O11821,2026-04-17,Danny Melendez,Woodbridge,Backpack,Fashion,1,39.99,39.99,Credit Card
C1822,O11822,2025-11-27,Charlotte Smith,Woodbridge,Wireless Earbuds,Electronics,5,49.99,249.95,Credit Card
C1823,O11823,2025-10-09,Terrance Ewing,Jersey City,Water Bottle,Sports,3,9.99,29.97,Debit Card
C1824,O11824,2026-01-13,Terri Mendoza,Woodbridge,LED Monitor,Electronics,1,129.99,129.99,UPI
C1825,O11825,2025-07-26,Stacy Powell,Newark,Desk Organizer,Stationery,2,7.99,15.98,Cash
C1826,O11826,2026-06-04,Alexandra Flores,Edison,Wireless Mouse,Electronics,5,19.99,99.95,UPI
C1827,O11827,2025-10-31,Lisa Hoffman,Iselin,Table Lamp,Home Decor,1,14.99,14.99,Cash
C1828,O11828,2026-06-05,Lisa Gardner,Newark,USB Cable,Electronics,2,5.99,11.98,Credit Card
C1829,O11829,2025-08-15,Jerry Allen,Edison,Wireless Earbuds,Electronics,3,49.99,149.97,Credit Card
C1830,O11830,2026-01-17,Howard Nichols,Iselin,Keyboard,Electronics,1,24.99,24.99,Debit Card
C1831,O11831,2026-04-07,Christopher Wilson,Newark,Cricket Bat,Sports,2,79.99,159.98,Credit Card
C1832,O11832,2026-03-26,Nicholas Copeland,Iselin,Table Lamp,Home Decor,3,14.99,44.97,Cash
C1833,O11833,2026-06-11,Brian Rose,Iselin,Smartwatch,Electronics,1,149.99,149.99,Credit Card
C1834,O11834,2025-06-19,Joseph Figueroa,Newark,Running Shoes,Fashion,1,59.99,59.99,Credit Card
C1835,O11835,2025-06-16,Christopher Cardenas,Woodbridge,Treadmill,Sports,2,399.99,799.98,Credit Card
C1836,O11836,2026-05-07,Steve Hernandez,Jersey City,Wireless Mouse,Electronics,3,19.99,59.97,Credit Card
C1837,O11837,2026-05-18,John Graves,Iselin,Blender,Home Appliances,1,49.99,49.99,UPI
C1838,O11838,2025-09-11,Judith Price,Woodbridge,Table Lamp,Home Decor,1,14.99,14.99,UPI
C1839,O11839,2026-05-19,Jason Green,Iselin,Hair Dryer,Home Appliances,3,29.99,89.97,Debit Card
C1840,O11840,2026-06-12,Chelsea Vasquez,Iselin,Notebook Pack,Stationery,3,3.99,11.97,Credit Card
C1841,O11841,2026-03-02,Ryan Gomez,Newark,Wireless Mouse,Electronics,2,19.99,39.98,Cash
C1842,O11842,2026-03-08,John Santos,Woodbridge,Hair Dryer,Home Appliances,2,29.99,59.98,Debit Card
C1843,O11843,2026-03-31,Stacy Jenkins,Jersey City,Keyboard,Electronics,1,24.99,24.99,Credit Card
C1844,O11844,2025-11-22,Richard Watson,Newark,Hair Dryer,Home Appliances,4,29.99,119.96,Debit Card
C1845,O11845,2025-06-20,James Rodriguez,Woodbridge,Desk Organizer,Stationery,5,7.99,39.95,Credit Card
C1846,O11846,2026-01-08,Joshua Steele,Iselin,Smartwatch,Electronics,4,149.99,599.96,Debit Card
C1847,O11847,2025-09-21,Robert Krueger,Edison,Smartwatch,Electronics,5,149.99,749.95,UPI
C1848,O11848,2026-02-09,Brianna Watts,Jersey City,Running Shoes,Fashion,4,59.99,239.96,Debit Card
C1849,O11849,2026-04-05,Erika Henry,Newark,Treadmill,Sports,5,399.99,1999.95,Cash
C1850,O11850,2025-08-27,Alisha Brown,Edison,Cricket Bat,Sports,3,79.99,239.97,Credit Card
C1851,O11851,2026-01-31,Sarah Watson,Newark,Blender,Home Appliances,4,49.99,199.96,UPI
C1852,O11852,2025-06-15,Emily Rogers,Newark,Wireless Mouse,Electronics,2,19.99,39.98,Debit Card
C1853,O11853,2025-11-04,Jonathan Marks,Newark,Running Shoes,Fashion,4,59.99,239.96,UPI
C1854,O11854,2026-05-04,Edward Clements,Iselin,Blender,Home Appliances,1,49.99,49.99,Debit Card
C1855,O11855,2026-03-16,Renee Miller,Newark,Wireless Mouse,Electronics,4,19.99,79.96,Credit Card
C1856,O11856,2025-10-10,Erin Hopkins,Edison,Cricket Bat,Sports,2,79.99,159.98,Debit Card
C1857,O11857,2026-06-14,Margaret Smith,Jersey City,Office Chair,Furniture,4,89.99,359.96,Cash
C1858,O11858,2026-02-01,Morgan Rodgers,Edison,Coffee Maker,Home Appliances,3,79.99,239.97,Credit Card
C1859,O11859,2026-02-05,Anthony Rodriguez,Newark,Table Lamp,Home Decor,3,14.99,44.97,Debit Card
C1860,O11860,2026-01-31,Laura Chen,Edison,Backpack,Fashion,4,39.99,159.96,Credit Card
C1861,O11861,2026-05-20,Maureen Reed,Woodbridge,Wireless Mouse,Electronics,1,19.99,19.99,Cash
C1862,O11862,2026-02-26,Henry Lowe,Newark,Blender,Home Appliances,1,49.99,49.99,UPI
C1863,O11863,2026-05-26,Emily Fernandez,Jersey City,Water Bottle,Sports,1,9.99,9.99,Debit Card
C1864,O11864,2026-01-22,April Hunter,Newark,LED Monitor,Electronics,5,129.99,649.95,Debit Card
C1865,O11865,2025-12-21,Tammie Richards,Woodbridge,USB Cable,Electronics,5,5.99,29.95,Debit Card
C1866,O11866,2025-11-18,Joshua Edwards,Woodbridge,Wireless Earbuds,Electronics,2,49.99,99.98,Debit Card
C1867,O11867,2025-10-07,John Dyer,Jersey City,Table Lamp,Home Decor,4,14.99,59.96,Cash
C1868,O11868,2025-10-21,Michelle Garza,Edison,Water Bottle,Sports,4,9.99,39.96,Credit Card
C1869,O11869,2025-12-27,Donna Howell,Jersey City,Perfume,Fashion,1,29.99,29.99,Debit Card
C1870,O11870,2026-03-18,Kara Perez,Iselin,Water Bottle,Sports,1,9.99,9.99,Credit Card
C1871,O11871,2026-02-02,Kenneth Ramirez,Jersey City,Coffee Maker,Home Appliances,2,79.99,159.98,Cash
C1872,O11872,2026-01-20,Timothy Bullock,Woodbridge,Blender,Home Appliances,2,49.99,99.98,Cash
C1873,O11873,2026-05-15,Tammy Chapman,Woodbridge,Cricket Bat,Sports,5,79.99,399.95,UPI
C1874,O11874,2025-09-16,Adam Kramer,Iselin,Notebook Pack,Stationery,1,3.99,3.99,Debit Card
C1875,O11875,2025-08-10,Michelle Sutton,Newark,Wireless Mouse,Electronics,3,19.99,59.97,Cash
C1876,O11876,2026-04-23,Makayla Clark,Woodbridge,Smartwatch,Electronics,3,149.99,449.97,Cash
C1877,O11877,2026-05-15,Mark Williams,Iselin,Desk Organizer,Stationery,2,7.99,15.98,Credit Card
C1878,O11878,2025-10-29,Timothy Baker,Jersey City,Wireless Mouse,Electronics,5,19.99,99.95,Cash
C1879,O11879,2025-10-04,Brittany Phillips,Newark,Backpack,Fashion,1,39.99,39.99,Credit Card
C1880,O11880,2026-04-24,Mike Brown,Edison,Cricket Bat,Sports,2,79.99,159.98,Cash
C1881,O11881,2025-12-23,Morgan Trevino,Jersey City,Backpack,Fashion,4,39.99,159.96,Cash
C1882,O11882,2025-07-20,Christina Kemp,Edison,Perfume,Fashion,1,29.99,29.99,Credit Card
C1883,O11883,2026-03-01,Tammy Hodges,Edison,Blender,Home Appliances,4,49.99,199.96,Debit Card
C1884,O11884,2026-03-16,David Baxter,Jersey City,Blender,Home Appliances,5,49.99,249.95,Debit Card
C1885,O11885,2026-05-02,James Benton,Jersey City,Blender,Home Appliances,1,49.99,49.99,Debit Card
C1886,O11886,2025-09-06,Debra Carpenter,Edison,Desk Organizer,Stationery,5,7.99,39.95,Cash
C1887,O11887,2026-05-17,Jennifer Bates,Newark,Coffee Maker,Home Appliances,1,79.99,79.99,UPI
C1888,O11888,2025-06-14,Jeremy Mcdowell,Newark,Water Bottle,Sports,1,9.99,9.99,Debit Card
C1889,O11889,2025-11-21,Carla Williams,Woodbridge,Wireless Mouse,Electronics,4,19.99,79.96,Credit Card
C1890,O11890,2026-04-30,Michael Reynolds,Newark,Office Chair,Furniture,5,89.99,449.95,Cash
C1891,O11891,2026-03-31,Stephanie Miller,Newark,Desk Organizer,Stationery,5,7.99,39.95,UPI
C1892,O11892,2026-02-06,David Potter,Newark,Hair Dryer,Home Appliances,3,29.99,89.97,Debit Card
C1893,O11893,2025-09-17,Jeremy Riley,Jersey City,Backpack,Fashion,5,39.99,199.95,Cash
C1894,O11894,2026-03-19,Jacqueline Brown,Iselin,Backpack,Fashion,4,39.99,159.96,UPI
C1895,O11895,2025-08-10,Margaret Campos,Edison,Perfume,Fashion,5,29.99,149.95,UPI
C1896,O11896,2025-07-20,Seth Rivera,Iselin,Wireless Mouse,Electronics,5,19.99,99.95,Credit Card
C1897,O11897,2025-09-03,Valerie Gonzalez,Woodbridge,Desk Organizer,Stationery,5,7.99,39.95,Debit Card
C1898,O11898,2026-05-22,Carol Martinez,Jersey City,Blender,Home Appliances,3,49.99,149.97,Credit Card
C1899,O11899,2025-07-13,Sarah Martinez,Newark,Blender,Home Appliances,3,49.99,149.97,UPI
C1900,O11900,2026-03-12,Travis James,Woodbridge,Blender,Home Appliances,1,49.99,49.99,Cash
C1901,O11901,2025-11-22,Alicia Gonzalez,Newark,LED Monitor,Electronics,2,129.99,259.98,Credit Card
C1902,O11902,2026-03-20,Carlos Castro,Woodbridge,Treadmill,Sports,3,399.99,1199.97,Debit Card
C1903,O11903,2026-04-11,Tamara Bridges,Iselin,Backpack,Fashion,5,39.99,199.95,UPI
C1904,O11904,2025-08-29,Kevin Newton,Jersey City,Treadmill,Sports,2,399.99,799.98,Credit Card
C1905,O11905,2025-08-28,Dakota Johnson,Iselin,Blender,Home Appliances,2,49.99,99.98,Cash
C1906,O11906,2025-12-29,Janice Green,Jersey City,Keyboard,Electronics,4,24.99,99.96,Credit Card
C1907,O11907,2026-05-31,Dennis Mccoy,Newark,Coffee Maker,Home Appliances,4,79.99,319.96,UPI
C1908,O11908,2026-03-11,David Kennedy,Edison,Desk Organizer,Stationery,1,7.99,7.99,Cash
C1909,O11909,2026-03-31,Kyle Warren,Iselin,Wireless Mouse,Electronics,5,19.99,99.95,Cash
C1910,O11910,2026-01-26,Tyler Wilson,Woodbridge,Keyboard,Electronics,2,24.99,49.98,UPI
C1911,O11911,2025-09-20,Pamela Cochran,Iselin,Running Shoes,Fashion,1,59.99,59.99,UPI
C1912,O11912,2025-09-18,Anthony Mclean,Jersey City,Desk Organizer,Stationery,3,7.99,23.97,Debit Card
C1913,O11913,2026-02-01,Shelly Tate,Woodbridge,Backpack,Fashion,2,39.99,79.98,Credit Card
C1914,O11914,2026-02-17,Terri Terry,Edison,Desk Organizer,Stationery,1,7.99,7.99,Debit Card
C1915,O11915,2026-04-13,Gregory Walsh,Newark,USB Cable,Electronics,4,5.99,23.96,UPI
C1916,O11916,2026-05-15,Sherry Hernandez DDS,Woodbridge,Coffee Maker,Home Appliances,4,79.99,319.96,Credit Card
C1917,O11917,2026-03-28,Jessica Luna,Newark,Treadmill,Sports,2,399.99,799.98,UPI
C1918,O11918,2026-01-23,Stephen Clarke MD,Newark,Hair Dryer,Home Appliances,5,29.99,149.95,UPI
C1919,O11919,2025-06-24,Jessica Gonzalez,Newark,Office Chair,Furniture,1,89.99,89.99,Cash
C1920,O11920,2025-09-17,Amy Herrera,Jersey City,Notebook Pack,Stationery,5,3.99,19.95,Cash
C1921,O11921,2025-09-08,Amanda Schmidt,Iselin,Wall Clock,Home Decor,1,19.99,19.99,Credit Card
C1922,O11922,2025-09-27,Lynn Wells,Iselin,Office Chair,Furniture,2,89.99,179.98,Debit Card
C1923,O11923,2025-12-11,Ronald Wright,Newark,Keyboard,Electronics,3,24.99,74.97,Credit Card
C1924,O11924,2025-10-31,Timothy Thomas,Edison,Water Bottle,Sports,3,9.99,29.97,UPI
C1925,O11925,2025-09-10,Scott Mendez,Woodbridge,Hair Dryer,Home Appliances,1,29.99,29.99,UPI
C1926,O11926,2026-01-09,Marie Torres,Woodbridge,Office Chair,Furniture,2,89.99,179.98,UPI
C1927,O11927,2025-07-08,Reginald Campbell,Woodbridge,USB Cable,Electronics,3,5.99,17.97,Credit Card
C1928,O11928,2025-11-05,Abigail Ward,Iselin,Hair Dryer,Home Appliances,3,29.99,89.97,Credit Card
C1929,O11929,2025-10-16,Anthony Mccoy,Iselin,Treadmill,Sports,3,399.99,1199.97,Cash
C1930,O11930,2025-11-28,Dorothy Cuevas,Woodbridge,Water Bottle,Sports,1,9.99,9.99,Credit Card
C1931,O11931,2025-06-14,William Stanley,Woodbridge,Backpack,Fashion,1,39.99,39.99,UPI
C1932,O11932,2025-09-24,Adam Jennings,Jersey City,Wireless Earbuds,Electronics,5,49.99,249.95,UPI
C1933,O11933,2025-12-16,Ashley Steele,Jersey City,Wall Clock,Home Decor,5,19.99,99.95,Cash
C1934,O11934,2025-08-25,Amanda Barker,Newark,Perfume,Fashion,3,29.99,89.97,Credit Card
C1935,O11935,2025-12-31,Eric Buckley,Jersey City,Backpack,Fashion,5,39.99,199.95,Debit Card
C1936,O11936,2026-03-25,Becky Mullins,Newark,Water Bottle,Sports,2,9.99,19.98,Debit Card
C1937,O11937,2026-02-09,William Daugherty,Newark,Backpack,Fashion,3,39.99,119.97,Debit Card
C1938,O11938,2026-04-20,Tara Lee,Edison,Wireless Earbuds,Electronics,2,49.99,99.98,Credit Card
C1939,O11939,2025-06-15,Jenny Harris,Jersey City,Treadmill,Sports,4,399.99,1599.96,Debit Card
C1940,O11940,2025-11-13,Lindsey Jones,Woodbridge,Perfume,Fashion,4,29.99,119.96,Credit Card
C1941,O11941,2025-12-02,Emily Barrera,Newark,Wireless Earbuds,Electronics,2,49.99,99.98,Cash
C1942,O11942,2025-09-27,Tiffany Hernandez,Iselin,Wireless Earbuds,Electronics,1,49.99,49.99,Debit Card
C1943,O11943,2025-07-07,Jasmine Lloyd,Edison,Perfume,Fashion,5,29.99,149.95,Credit Card
C1944,O11944,2026-04-05,Wesley Meyers,Iselin,Office Chair,Furniture,4,89.99,359.96,Credit Card
C1945,O11945,2026-01-21,Rebecca Cobb,Jersey City,Blender,Home Appliances,5,49.99,249.95,UPI
C1946,O11946,2025-10-08,Cheyenne Brown,Woodbridge,Wall Clock,Home Decor,2,19.99,39.98,Cash
C1947,O11947,2026-02-05,Stacey Mitchell,Iselin,LED Monitor,Electronics,3,129.99,389.97,Debit Card
C1948,O11948,2025-07-24,Robert Kline,Edison,Blender,Home Appliances,1,49.99,49.99,Cash
C1949,O11949,2026-05-14,Susan Barker,Jersey City,Backpack,Fashion,5,39.99,199.95,Debit Card
C1950,O11950,2026-04-16,Richard Johnson,Iselin,USB Cable,Electronics,2,5.99,11.98,Cash
C1951,O11951,2026-04-24,Gerald Reyes,Edison,Wireless Earbuds,Electronics,4,49.99,199.96,Debit Card
C1952,O11952,2025-10-08,Earl White,Newark,Smartwatch,Electronics,3,149.99,449.97,Credit Card
C1953,O11953,2026-03-21,Andres Diaz,Jersey City,Keyboard,Electronics,4,24.99,99.96,Cash
C1954,O11954,2026-05-20,Timothy Howard,Newark,Wall Clock,Home Decor,4,19.99,79.96,Debit Card
C1955,O11955,2025-10-08,Brandon Alexander,Edison,Backpack,Fashion,3,39.99,119.97,Debit Card
C1956,O11956,2025-11-10,Scott Yates,Woodbridge,Treadmill,Sports,3,399.99,1199.97,Debit Card
C1957,O11957,2025-09-24,Jodi Porter,Woodbridge,Hair Dryer,Home Appliances,5,29.99,149.95,Cash
C1958,O11958,2025-12-09,Charles Alvarez,Jersey City,Coffee Maker,Home Appliances,1,79.99,79.99,Cash
C1959,O11959,2026-02-03,Whitney Owens,Edison,Wireless Mouse,Electronics,5,19.99,99.95,Cash
C1960,O11960,2025-09-06,Yolanda Garza,Woodbridge,Hair Dryer,Home Appliances,1,29.99,29.99,Cash
C1961,O11961,2026-01-21,Gregory Williams DDS,Edison,LED Monitor,Electronics,2,129.99,259.98,Debit Card
C1962,O11962,2025-11-10,Nicholas Alexander,Woodbridge,Wireless Mouse,Electronics,5,19.99,99.95,Cash
C1963,O11963,2026-04-16,Kevin Mathis,Jersey City,Table Lamp,Home Decor,3,14.99,44.97,UPI
C1964,O11964,2026-02-16,Shelley Wilson,Woodbridge,Running Shoes,Fashion,2,59.99,119.98,Debit Card
C1965,O11965,2025-08-18,Samuel Price,Woodbridge,Notebook Pack,Stationery,5,3.99,19.95,UPI
C1966,O11966,2026-04-29,Kristi Wright,Newark,Smartwatch,Electronics,3,149.99,449.97,Cash
C1967,O11967,2025-11-24,Kathryn Banks,Newark,Treadmill,Sports,2,399.99,799.98,Debit Card
C1968,O11968,2026-04-17,Jeffrey Sharp,Edison,Notebook Pack,Stationery,1,3.99,3.99,Cash
C1969,O11969,2025-08-24,Paul Mcintyre,Iselin,Wall Clock,Home Decor,2,19.99,39.98,Cash
C1970,O11970,2025-08-24,James Beck,Jersey City,Smartwatch,Electronics,1,149.99,149.99,Credit Card
C1971,O11971,2026-04-21,Mark Branch,Jersey City,Wireless Earbuds,Electronics,3,49.99,149.97,Debit Card
C1972,O11972,2026-02-11,Dean Jackson,Woodbridge,Keyboard,Electronics,3,24.99,74.97,Debit Card
C1973,O11973,2025-08-08,Juan Carey,Newark,Treadmill,Sports,1,399.99,399.99,Credit Card
C1974,O11974,2025-12-16,Amy Myers,Woodbridge,Desk Organizer,Stationery,5,7.99,39.95,Debit Card
C1975,O11975,2026-05-20,Amy Gibson,Jersey City,Office Chair,Furniture,3,89.99,269.97,Debit Card
C1976,O11976,2026-02-02,Joseph Stokes,Newark,Wireless Mouse,Electronics,2,19.99,39.98,Credit Card
C1977,O11977,2025-10-23,Tyler Saunders,Iselin,Notebook Pack,Stationery,3,3.99,11.97,Cash
C1978,O11978,2025-08-25,Michael Hines,Edison,Cricket Bat,Sports,5,79.99,399.95,Credit Card
C1979,O11979,2026-05-08,Steven Blake,Woodbridge,Wireless Earbuds,Electronics,5,49.99,249.95,UPI
C1980,O11980,2026-02-20,Mr. Ryan Pennington,Newark,Backpack,Fashion,5,39.99,199.95,Debit Card
C1981,O11981,2026-01-19,Sarah Long,Woodbridge,Wireless Mouse,Electronics,5,19.99,99.95,UPI
C1982,O11982,2025-11-14,Justin Fuller,Iselin,Wall Clock,Home Decor,3,19.99,59.97,UPI
C1983,O11983,2025-11-13,Jose Morrison,Woodbridge,Backpack,Fashion,4,39.99,159.96,UPI
C1984,O11984,2026-05-23,Dr. Daniel Arellano,Jersey City,Wireless Earbuds,Electronics,5,49.99,249.95,Debit Card
C1985,O11985,2026-05-20,Ashley Rowe,Edison,Notebook Pack,Stationery,2,3.99,7.98,Credit Card
C1986,O11986,2026-04-04,Wendy Johnson,Jersey City,Coffee Maker,Home Appliances,2,79.99,159.98,Debit Card
C1987,O11987,2025-09-15,Cynthia Wilkinson MD,Iselin,Wireless Mouse,Electronics,5,19.99,99.95,Cash
C1988,O11988,2026-03-27,Peter Mayer,Newark,Wireless Mouse,Electronics,4,19.99,79.96,UPI
C1989,O11989,2025-09-10,Daniel Fischer,Woodbridge,USB Cable,Electronics,2,5.99,11.98,Debit Card
C1990,O11990,2026-03-15,Debra Alvarez,Newark,Backpack,Fashion,3,39.99,119.97,Credit Card
C1991,O11991,2025-12-31,Russell Mckinney,Woodbridge,Notebook Pack,Stationery,3,3.99,11.97,Debit Card
C1992,O11992,2026-05-28,Michael Johnson,Edison,Perfume,Fashion,4,29.99,119.96,Debit Card
C1993,O11993,2026-06-13,Scott Hobbs,Jersey City,Table Lamp,Home Decor,1,14.99,14.99,Debit Card
C1994,O11994,2025-12-23,Julie Rivas,Woodbridge,Cricket Bat,Sports,5,79.99,399.95,Cash
C1995,O11995,2025-12-19,Terri Williams,Edison,Table Lamp,Home Decor,3,14.99,44.97,UPI
C1996,O11996,2025-06-24,Danielle Simmons,Woodbridge,Notebook Pack,Stationery,3,3.99,11.97,Credit Card
C1997,O11997,2025-09-11,Amy White,Woodbridge,Hair Dryer,Home Appliances,4,29.99,119.96,Cash
C1998,O11998,2025-12-05,Veronica Oconnell,Iselin,Treadmill,Sports,5,399.99,1999.95,UPI
C1999,O11999,2025-07-03,Bridget Jones,Iselin,Office Chair,Furniture,3,89.99,269.97,Credit Card
C2000,O12000,2026-06-08,Natalie Obrien,Woodbridge,Office Chair,Furniture,2,89.99,179.98,Debit Card
C2001,O12001,2025-09-30,Julie Henderson,Iselin,Coffee Maker,Home Appliances,1,79.99,79.99,Debit Card
C2002,O12002,2026-05-09,Patricia Gray,Newark,Office Chair,Furniture,5,89.99,449.95,Debit Card
C2003,O12003,2026-05-16,Dawn Ortiz,Edison,USB Cable,Electronics,2,5.99,11.98,UPI
C2004,O12004,2026-01-05,Jeremy Dickson,Woodbridge,Office Chair,Furniture,5,89.99,449.95,Debit Card
C2005,O12005,2026-06-10,Paula Freeman,Newark,Table Lamp,Home Decor,1,14.99,14.99,Cash
C2006,O12006,2026-03-22,Lisa Moore,Edison,Office Chair,Furniture,4,89.99,359.96,UPI
C2007,O12007,2026-02-27,Dennis Walker,Jersey City,Backpack,Fashion,5,39.99,199.95,Debit Card
C2008,O12008,2025-09-26,Melissa Brooks,Newark,Treadmill,Sports,1,399.99,399.99,Cash
C2009,O12009,2025-10-28,Maria Tran,Newark,Hair Dryer,Home Appliances,5,29.99,149.95,Cash
C2010,O12010,2026-01-18,Karen Chapman,Iselin,Backpack,Fashion,1,39.99,39.99,Cash
C2011,O12011,2026-01-12,Nancy Benjamin,Jersey City,Keyboard,Electronics,3,24.99,74.97,UPI
C2012,O12012,2025-08-15,Timothy Dixon,Jersey City,Office Chair,Furniture,4,89.99,359.96,UPI
C2013,O12013,2025-10-20,Zachary Walker,Edison,Treadmill,Sports,2,399.99,799.98,Cash
C2014,O12014,2025-07-27,Andrea Pierce,Edison,Notebook Pack,Stationery,4,3.99,15.96,Debit Card
C2015,O12015,2025-11-16,Mr. Benjamin Wolfe,Newark,USB Cable,Electronics,2,5.99,11.98,Cash
C2016,O12016,2025-12-20,Judith Richardson,Jersey City,Running Shoes,Fashion,4,59.99,239.96,Credit Card
C2017,O12017,2026-03-10,Brian Hernandez,Iselin,Water Bottle,Sports,2,9.99,19.98,Debit Card
C2018,O12018,2025-11-19,Allen Santos,Woodbridge,Office Chair,Furniture,5,89.99,449.95,Credit Card
C2019,O12019,2025-10-29,Anthony White,Edison,Notebook Pack,Stationery,1,3.99,3.99,UPI
C2020,O12020,2026-02-05,Tammy Hall,Iselin,Table Lamp,Home Decor,4,14.99,59.96,Cash
C2021,O12021,2026-02-05,Matthew Pratt,Jersey City,Water Bottle,Sports,4,9.99,39.96,Debit Card
C2022,O12022,2026-02-06,Valerie Bowen,Jersey City,Blender,Home Appliances,2,49.99,99.98,Cash
C2023,O12023,2025-06-19,Brian Pacheco,Iselin,Backpack,Fashion,1,39.99,39.99,Credit Card
C2024,O12024,2025-10-12,Sara Brooks,Woodbridge,Coffee Maker,Home Appliances,4,79.99,319.96,UPI
C2025,O12025,2025-07-25,Erica Castro,Newark,Wall Clock,Home Decor,5,19.99,99.95,Debit Card
C2026,O12026,2026-01-05,Christine Cooper,Newark,Running Shoes,Fashion,3,59.99,179.97,Debit Card
C2027,O12027,2025-12-30,Ryan Reyes,Iselin,Treadmill,Sports,3,399.99,1199.97,Cash
C2028,O12028,2025-07-17,Debbie Sanford,Jersey City,Wall Clock,Home Decor,2,19.99,39.98,Debit Card
C2029,O12029,2025-08-30,David Kim,Jersey City,Table Lamp,Home Decor,4,14.99,59.96,UPI
C2030,O12030,2025-06-25,Angela Kline,Newark,Hair Dryer,Home Appliances,2,29.99,59.98,Debit Card
C2031,O12031,2025-08-03,Terry Ibarra,Woodbridge,Water Bottle,Sports,5,9.99,49.95,Cash
C2032,O12032,2026-06-14,Elizabeth Williams,Iselin,Wireless Earbuds,Electronics,3,49.99,149.97,Debit Card
C2033,O12033,2026-06-10,Mark Hoover,Newark,Keyboard,Electronics,3,24.99,74.97,Credit Card
C2034,O12034,2025-07-30,Ashley Moore,Iselin,USB Cable,Electronics,4,5.99,23.96,Credit Card
C2035,O12035,2026-05-24,Oscar Arias,Jersey City,Cricket Bat,Sports,1,79.99,79.99,Credit Card
C2036,O12036,2026-03-23,Lindsay Larson,Jersey City,Hair Dryer,Home Appliances,1,29.99,29.99,UPI
C2037,O12037,2026-02-13,Mark Wheeler,Woodbridge,Running Shoes,Fashion,4,59.99,239.96,UPI
C2038,O12038,2026-01-22,Eric Patterson,Jersey City,Wall Clock,Home Decor,4,19.99,79.96,Debit Card
C2039,O12039,2025-12-01,Justin Herring,Newark,Coffee Maker,Home Appliances,1,79.99,79.99,Debit Card
C2040,O12040,2025-07-15,Craig Sanders,Jersey City,Coffee Maker,Home Appliances,4,79.99,319.96,Credit Card
C2041,O12041,2025-10-28,Karen Spears,Edison,Running Shoes,Fashion,3,59.99,179.97,Debit Card
C2042,O12042,2026-01-17,Lori Hines,Jersey City,Wall Clock,Home Decor,5,19.99,99.95,Debit Card
C2043,O12043,2025-09-25,Virginia Giles,Newark,Wall Clock,Home Decor,5,19.99,99.95,Credit Card
C2044,O12044,2025-09-07,Kaylee Anderson,Edison,Desk Organizer,Stationery,4,7.99,31.96,Cash
C2045,O12045,2025-12-16,Terri Smith,Newark,Wall Clock,Home Decor,4,19.99,79.96,Debit Card
C2046,O12046,2025-06-14,Angie Meza MD,Jersey City,Desk Organizer,Stationery,3,7.99,23.97,Credit Card
C2047,O12047,2026-04-17,Aaron Joseph,Jersey City,Smartwatch,Electronics,4,149.99,599.96,Credit Card
C2048,O12048,2026-02-09,Bradley Reyes,Woodbridge,Perfume,Fashion,1,29.99,29.99,UPI
C2049,O12049,2026-01-30,Caitlin Pacheco,Edison,Wireless Earbuds,Electronics,4,49.99,199.96,Cash
C2050,O12050,2026-04-13,Wendy Olson,Newark,Cricket Bat,Sports,5,79.99,399.95,Cash
C2051,O12051,2026-04-30,Cory Harper,Iselin,Desk Organizer,Stationery,2,7.99,15.98,Debit Card
C2052,O12052,2025-09-28,Brianna Harrington,Edison,Perfume,Fashion,1,29.99,29.99,Cash
C2053,O12053,2025-10-14,Marcus Chen,Woodbridge,Office Chair,Furniture,1,89.99,89.99,Cash
C2054,O12054,2025-11-01,Anna Beck,Edison,Backpack,Fashion,5,39.99,199.95,UPI
C2055,O12055,2025-08-01,Louis Lee,Newark,Running Shoes,Fashion,1,59.99,59.99,Debit Card
C2056,O12056,2025-08-28,Jennifer Garcia,Edison,USB Cable,Electronics,2,5.99,11.98,Cash
C2057,O12057,2026-01-16,Ernest Miller,Edison,Notebook Pack,Stationery,4,3.99,15.96,Debit Card
C2058,O12058,2026-02-19,Eric Rose,Jersey City,Coffee Maker,Home Appliances,5,79.99,399.95,Cash
C2059,O12059,2026-05-05,Erica Valentine,Jersey City,LED Monitor,Electronics,2,129.99,259.98,Credit Card
C2060,O12060,2025-10-22,Nicole Mitchell,Jersey City,USB Cable,Electronics,2,5.99,11.98,Credit Card
C2061,O12061,2025-06-21,Karen Mann,Newark,Water Bottle,Sports,4,9.99,39.96,Cash
C2062,O12062,2025-08-31,Nathan Douglas,Jersey City,Backpack,Fashion,1,39.99,39.99,Debit Card
C2063,O12063,2026-04-18,Maria Johnson,Jersey City,Wireless Earbuds,Electronics,4,49.99,199.96,Credit Card
C2064,O12064,2026-01-25,Sara Allen,Iselin,Coffee Maker,Home Appliances,5,79.99,399.95,Credit Card
C2065,O12065,2026-03-17,Deborah Thomas,Jersey City,Notebook Pack,Stationery,2,3.99,7.98,Credit Card
C2066,O12066,2025-12-13,Kristen Hill,Iselin,LED Monitor,Electronics,4,129.99,519.96,Cash
C2067,O12067,2025-12-14,Kaitlin Hernandez,Woodbridge,Wall Clock,Home Decor,1,19.99,19.99,Debit Card
C2068,O12068,2025-10-09,Lauren Young,Jersey City,Treadmill,Sports,4,399.99,1599.96,Credit Card
C2069,O12069,2025-09-11,Cheryl Perez,Jersey City,Treadmill,Sports,5,399.99,1999.95,Cash
C2070,O12070,2026-02-22,Justin Gill,Edison,Blender,Home Appliances,5,49.99,249.95,Cash
C2071,O12071,2025-10-08,Melissa Williams,Iselin,Backpack,Fashion,2,39.99,79.98,Credit Card
C2072,O12072,2025-08-05,Michael Hampton,Iselin,Desk Organizer,Stationery,2,7.99,15.98,Debit Card
C2073,O12073,2025-11-21,Natalie Hall,Edison,Office Chair,Furniture,2,89.99,179.98,Cash
C2074,O12074,2026-01-02,Jennifer Wright,Newark,LED Monitor,Electronics,3,129.99,389.97,Credit Card
C2075,O12075,2026-06-09,Antonio Kelly,Edison,Smartwatch,Electronics,2,149.99,299.98,UPI
C2076,O12076,2026-06-09,Kristen Russell,Edison,Cricket Bat,Sports,2,79.99,159.98,Cash
C2077,O12077,2026-04-25,Lisa Douglas,Jersey City,USB Cable,Electronics,4,5.99,23.96,Credit Card
C2078,O12078,2026-02-24,Michaela Sanchez,Woodbridge,Keyboard,Electronics,2,24.99,49.98,Debit Card
C2079,O12079,2025-06-26,Joseph Hood,Iselin,Backpack,Fashion,4,39.99,159.96,Credit Card
C2080,O12080,2025-07-22,Brianna Todd,Woodbridge,Cricket Bat,Sports,5,79.99,399.95,Cash
C2081,O12081,2026-02-02,Jason Benson,Iselin,Perfume,Fashion,3,29.99,89.97,Debit Card
C2082,O12082,2026-01-10,Kelsey Turner,Edison,Office Chair,Furniture,4,89.99,359.96,Credit Card
C2083,O12083,2025-09-27,Stephen Stevens,Iselin,Treadmill,Sports,4,399.99,1599.96,UPI
C2084,O12084,2026-01-30,Donald Guerra,Edison,Hair Dryer,Home Appliances,4,29.99,119.96,UPI
C2085,O12085,2026-04-05,Eric Rodgers,Newark,Treadmill,Sports,1,399.99,399.99,Cash
C2086,O12086,2026-03-05,Michael Sanchez,Jersey City,Cricket Bat,Sports,2,79.99,159.98,Cash
C2087,O12087,2026-06-09,Adriana Patterson,Woodbridge,Keyboard,Electronics,4,24.99,99.96,Credit Card
C2088,O12088,2026-06-02,James Houston,Iselin,Blender,Home Appliances,1,49.99,49.99,Credit Card
C2089,O12089,2026-03-27,William Duran,Woodbridge,Coffee Maker,Home Appliances,1,79.99,79.99,Cash
C2090,O12090,2025-11-28,Evan Hernandez,Woodbridge,Desk Organizer,Stationery,3,7.99,23.97,Cash
C2091,O12091,2025-11-10,Nicholas Lopez,Woodbridge,Treadmill,Sports,2,399.99,799.98,Credit Card
C2092,O12092,2026-04-30,Dorothy Adkins,Iselin,Treadmill,Sports,5,399.99,1999.95,Credit Card
C2093,O12093,2025-06-19,Ralph Owen,Iselin,Wall Clock,Home Decor,4,19.99,79.96,Cash
C2094,O12094,2026-05-03,Kristen Miller,Iselin,Perfume,Fashion,1,29.99,29.99,Credit Card
C2095,O12095,2025-08-16,Karen Richardson,Newark,Cricket Bat,Sports,3,79.99,239.97,UPI
C2096,O12096,2026-02-21,Keith Larson,Woodbridge,Perfume,Fashion,3,29.99,89.97,Credit Card
C2097,O12097,2025-12-30,Wesley King,Jersey City,Table Lamp,Home Decor,4,14.99,59.96,UPI
C2098,O12098,2026-06-09,Omar Washington,Woodbridge,Office Chair,Furniture,2,89.99,179.98,Debit Card
C2099,O12099,2025-07-18,David Perez,Jersey City,Wall Clock,Home Decor,4,19.99,79.96,Cash
C2100,O12100,2026-03-18,Lauren Holland,Newark,USB Cable,Electronics,1,5.99,5.99,Credit Card
C2101,O12101,2025-07-28,Daniel Curtis,Woodbridge,Desk Organizer,Stationery,5,7.99,39.95,Cash
C2102,O12102,2026-05-19,Morgan Bryant,Edison,Table Lamp,Home Decor,1,14.99,14.99,UPI
C2103,O12103,2025-07-08,Angelica Adams,Woodbridge,Keyboard,Electronics,1,24.99,24.99,Cash
C2104,O12104,2026-06-05,Kevin Barker,Woodbridge,Table Lamp,Home Decor,3,14.99,44.97,Debit Card
C2105,O12105,2025-09-29,Brittney Harmon,Woodbridge,Keyboard,Electronics,3,24.99,74.97,Cash
C2106,O12106,2025-07-09,Billy Perez,Iselin,Office Chair,Furniture,2,89.99,179.98,Credit Card
C2107,O12107,2025-07-19,Crystal Hernandez,Iselin,Perfume,Fashion,4,29.99,119.96,Debit Card
C2108,O12108,2025-12-25,Bob Mills,Edison,LED Monitor,Electronics,5,129.99,649.95,UPI
C2109,O12109,2026-05-08,Travis Tapia,Edison,Office Chair,Furniture,3,89.99,269.97,Cash
C2110,O12110,2025-10-29,Julie Cherry,Iselin,Running Shoes,Fashion,1,59.99,59.99,Cash
C2111,O12111,2026-05-28,Monica Taylor,Newark,Hair Dryer,Home Appliances,1,29.99,29.99,Debit Card
C2112,O12112,2025-10-27,Alexander Sanders,Woodbridge,Office Chair,Furniture,4,89.99,359.96,UPI
C2113,O12113,2026-05-25,Eddie Reed,Iselin,USB Cable,Electronics,4,5.99,23.96,UPI
C2114,O12114,2025-07-29,Julie Garcia,Edison,Perfume,Fashion,2,29.99,59.98,Credit Card
C2115,O12115,2026-06-11,Michael Lewis,Woodbridge,Hair Dryer,Home Appliances,2,29.99,59.98,Cash
C2116,O12116,2025-10-18,Jennifer Noble,Newark,Wireless Mouse,Electronics,4,19.99,79.96,Credit Card
C2117,O12117,2025-08-05,John Green,Woodbridge,Wall Clock,Home Decor,5,19.99,99.95,UPI
C2118,O12118,2026-03-25,Robert Wheeler,Jersey City,Running Shoes,Fashion,2,59.99,119.98,Cash
C2119,O12119,2025-11-15,Robert Keith,Iselin,USB Cable,Electronics,1,5.99,5.99,UPI
C2120,O12120,2026-06-03,Mrs. Crystal Meyers,Iselin,Wireless Mouse,Electronics,5,19.99,99.95,Credit Card
C2121,O12121,2025-11-24,Jason Fuller,Woodbridge,Wireless Mouse,Electronics,1,19.99,19.99,Debit Card
C2122,O12122,2026-01-04,Taylor Simmons MD,Newark,Blender,Home Appliances,1,49.99,49.99,Credit Card
C2123,O12123,2026-02-08,Whitney Gilbert,Jersey City,Wall Clock,Home Decor,4,19.99,79.96,Debit Card
C2124,O12124,2025-11-05,Rachel Baker,Iselin,Water Bottle,Sports,5,9.99,49.95,Credit Card
C2125,O12125,2026-05-19,Christopher Calderon,Jersey City,Table Lamp,Home Decor,3,14.99,44.97,Credit Card
C2126,O12126,2025-06-30,Jennifer Castillo,Iselin,Perfume,Fashion,1,29.99,29.99,Debit Card
C2127,O12127,2026-05-04,Shannon Kelly,Edison,Water Bottle,Sports,1,9.99,9.99,Cash
C2128,O12128,2025-11-10,Jacob Bishop,Newark,USB Cable,Electronics,5,5.99,29.95,Debit Card
C2129,O12129,2026-05-09,Susan Jackson,Newark,USB Cable,Electronics,4,5.99,23.96,UPI
C2130,O12130,2025-07-03,Andrea Lopez,Edison,Coffee Maker,Home Appliances,1,79.99,79.99,Cash
C2131,O12131,2025-09-14,Kimberly Collins,Woodbridge,LED Monitor,Electronics,2,129.99,259.98,Credit Card
C2132,O12132,2025-10-31,Samantha Shaw,Woodbridge,Wireless Earbuds,Electronics,3,49.99,149.97,Cash
C2133,O12133,2026-05-30,Chloe Cox,Woodbridge,Wireless Earbuds,Electronics,5,49.99,249.95,Credit Card
C2134,O12134,2026-01-09,Joshua Hawkins,Woodbridge,Smartwatch,Electronics,5,149.99,749.95,Cash
C2135,O12135,2026-01-30,Jennifer Campos,Jersey City,Coffee Maker,Home Appliances,5,79.99,399.95,Cash
C2136,O12136,2026-04-03,Thomas Rosales,Iselin,Water Bottle,Sports,1,9.99,9.99,Debit Card
C2137,O12137,2025-07-15,Jonathan Hoffman,Edison,Running Shoes,Fashion,4,59.99,239.96,Debit Card
C2138,O12138,2026-04-16,Elizabeth Davis,Woodbridge,Smartwatch,Electronics,1,149.99,149.99,Debit Card
C2139,O12139,2026-04-22,Jesse Mclaughlin,Newark,Backpack,Fashion,2,39.99,79.98,Debit Card
C2140,O12140,2026-05-02,Peter Johnson,Newark,Treadmill,Sports,1,399.99,399.99,UPI
C2141,O12141,2026-01-28,Jason Sanchez,Woodbridge,Running Shoes,Fashion,1,59.99,59.99,UPI
C2142,O12142,2026-04-30,Dennis Holland,Edison,Wireless Earbuds,Electronics,1,49.99,49.99,Cash
C2143,O12143,2025-09-26,Sara Chan,Iselin,Smartwatch,Electronics,4,149.99,599.96,Credit Card
C2144,O12144,2025-07-14,Michael Reyes MD,Iselin,Smartwatch,Electronics,5,149.99,749.95,Credit Card
C2145,O12145,2025-10-03,Hunter Sloan,Jersey City,Keyboard,Electronics,4,24.99,99.96,Debit Card
C2146,O12146,2025-07-30,James Murray,Newark,Running Shoes,Fashion,1,59.99,59.99,Debit Card
C2147,O12147,2025-09-29,Jacob Cunningham,Newark,Cricket Bat,Sports,1,79.99,79.99,Debit Card
C2148,O12148,2026-01-08,John Williams,Iselin,USB Cable,Electronics,2,5.99,11.98,Credit Card
C2149,O12149,2025-09-01,Gregory Phillips,Jersey City,Wall Clock,Home Decor,1,19.99,19.99,Debit Card
C2150,O12150,2026-05-19,Steven Hammond,Edison,Notebook Pack,Stationery,2,3.99,7.98,Debit Card
C2151,O12151,2025-07-19,Roger Wong,Jersey City,Perfume,Fashion,3,29.99,89.97,UPI
C2152,O12152,2025-11-10,Michelle Powell,Jersey City,Blender,Home Appliances,4,49.99,199.96,Cash
C2153,O12153,2025-07-01,Maria Copeland,Iselin,Perfume,Fashion,4,29.99,119.96,UPI
C2154,O12154,2025-10-25,Patricia Fox,Iselin,Cricket Bat,Sports,2,79.99,159.98,Debit Card
C2155,O12155,2025-07-06,Jared Brown,Iselin,Water Bottle,Sports,5,9.99,49.95,Debit Card
C2156,O12156,2025-09-24,Kenneth Clark,Iselin,Treadmill,Sports,4,399.99,1599.96,UPI
C2157,O12157,2025-10-09,John Gonzalez,Newark,Running Shoes,Fashion,4,59.99,239.96,Credit Card
C2158,O12158,2025-10-25,Stacey Farmer,Woodbridge,Notebook Pack,Stationery,3,3.99,11.97,Cash
C2159,O12159,2025-07-29,Sean Williams,Newark,Running Shoes,Fashion,4,59.99,239.96,Credit Card
C2160,O12160,2025-12-19,Joseph Davis,Edison,Backpack,Fashion,5,39.99,199.95,Debit Card
C2161,O12161,2026-06-09,Michele Sutton,Woodbridge,LED Monitor,Electronics,1,129.99,129.99,Cash
C2162,O12162,2025-12-03,John Martinez,Woodbridge,Desk Organizer,Stationery,3,7.99,23.97,UPI
C2163,O12163,2026-05-10,Laura Melton,Woodbridge,Blender,Home Appliances,4,49.99,199.96,UPI
C2164,O12164,2025-09-16,Ashley Miller,Woodbridge,Wall Clock,Home Decor,3,19.99,59.97,Cash
C2165,O12165,2026-05-19,Jeremy Robertson,Jersey City,Smartwatch,Electronics,4,149.99,599.96,UPI
C2166,O12166,2026-04-30,Victoria Johnston,Iselin,Running Shoes,Fashion,3,59.99,179.97,UPI
C2167,O12167,2026-03-06,Connie Avery,Jersey City,Smartwatch,Electronics,2,149.99,299.98,UPI
C2168,O12168,2026-04-02,Gabriel Hoffman,Woodbridge,Water Bottle,Sports,3,9.99,29.97,Debit Card
C2169,O12169,2025-07-17,Mary Miller,Iselin,Hair Dryer,Home Appliances,2,29.99,59.98,Credit Card
C2170,O12170,2025-08-30,Jonathan Stephenson,Newark,Backpack,Fashion,4,39.99,159.96,Cash
C2171,O12171,2025-08-04,Tracy Holt,Jersey City,Hair Dryer,Home Appliances,2,29.99,59.98,Credit Card
C2172,O12172,2026-02-25,Samantha Lynch,Newark,Coffee Maker,Home Appliances,4,79.99,319.96,Cash
C2173,O12173,2026-01-10,Andrew Wagner,Woodbridge,Desk Organizer,Stationery,3,7.99,23.97,UPI
C2174,O12174,2026-03-11,Julie Preston DDS,Woodbridge,LED Monitor,Electronics,1,129.99,129.99,UPI
C2175,O12175,2025-11-15,Patrick Howard,Jersey City,Smartwatch,Electronics,2,149.99,299.98,UPI
C2176,O12176,2025-12-25,Jeanne King,Edison,Treadmill,Sports,3,399.99,1199.97,Credit Card
C2177,O12177,2026-02-02,Christopher Johnson,Edison,USB Cable,Electronics,2,5.99,11.98,Credit Card
C2178,O12178,2025-07-10,David Morris,Edison,Hair Dryer,Home Appliances,5,29.99,149.95,UPI
C2179,O12179,2025-08-25,James Pugh,Newark,Notebook Pack,Stationery,3,3.99,11.97,Cash
C2180,O12180,2025-08-11,Brandon Molina,Edison,Wireless Mouse,Electronics,3,19.99,59.97,Credit Card
C2181,O12181,2026-05-16,Katherine Brock,Edison,Wireless Earbuds,Electronics,4,49.99,199.96,UPI
C2182,O12182,2025-09-20,Stephanie Martinez,Newark,LED Monitor,Electronics,3,129.99,389.97,Credit Card
C2183,O12183,2025-10-19,Madison Fowler,Jersey City,Wall Clock,Home Decor,3,19.99,59.97,UPI
C2184,O12184,2026-05-28,Michelle Simmons,Newark,Hair Dryer,Home Appliances,5,29.99,149.95,UPI
C2185,O12185,2026-03-14,Christina Garcia,Iselin,Backpack,Fashion,5,39.99,199.95,Cash
C2186,O12186,2025-12-22,Karen Williams,Iselin,Wireless Earbuds,Electronics,2,49.99,99.98,UPI
C2187,O12187,2026-04-10,Mark Thomas,Iselin,Smartwatch,Electronics,3,149.99,449.97,Cash
C2188,O12188,2025-11-14,Evan Martin,Iselin,Blender,Home Appliances,2,49.99,99.98,Cash
C2189,O12189,2025-09-15,Mr. Robert Hamilton,Iselin,Table Lamp,Home Decor,2,14.99,29.98,Credit Card
C2190,O12190,2025-08-16,Jordan Bernard MD,Jersey City,LED Monitor,Electronics,5,129.99,649.95,UPI
C2191,O12191,2025-11-16,Manuel Gray,Newark,Desk Organizer,Stationery,1,7.99,7.99,Credit Card
C2192,O12192,2025-07-14,Teresa Harris,Jersey City,Table Lamp,Home Decor,5,14.99,74.95,UPI
C2193,O12193,2025-08-21,Mr. David Kerr DVM,Iselin,Backpack,Fashion,1,39.99,39.99,UPI
C2194,O12194,2026-05-10,Jonathan Carrillo,Iselin,Coffee Maker,Home Appliances,3,79.99,239.97,Debit Card
C2195,O12195,2026-02-10,Sherri Sellers,Woodbridge,Wireless Mouse,Electronics,4,19.99,79.96,UPI
C2196,O12196,2026-03-09,Megan Carter,Iselin,Coffee Maker,Home Appliances,1,79.99,79.99,Cash
C2197,O12197,2025-12-04,Donna Sanders,Jersey City,Running Shoes,Fashion,5,59.99,299.95,Cash
C2198,O12198,2026-01-06,John White,Newark,LED Monitor,Electronics,4,129.99,519.96,UPI
C2199,O12199,2026-05-06,Marc Carroll,Iselin,Blender,Home Appliances,5,49.99,249.95,Cash
C2200,O12200,2025-09-15,Diana Lee,Woodbridge,Running Shoes,Fashion,1,59.99,59.99,UPI
C2201,O12201,2026-05-31,Terry Allen,Edison,Treadmill,Sports,4,399.99,1599.96,Debit Card
C2202,O12202,2025-07-19,Joseph Ellis,Iselin,Hair Dryer,Home Appliances,4,29.99,119.96,UPI
C2203,O12203,2026-01-12,Rebecca Jensen,Newark,Notebook Pack,Stationery,3,3.99,11.97,UPI
C2204,O12204,2025-06-19,Tammy Malone,Iselin,Keyboard,Electronics,3,24.99,74.97,Debit Card
C2205,O12205,2026-04-05,Anna Cox,Iselin,Smartwatch,Electronics,1,149.99,149.99,Debit Card
C2206,O12206,2025-09-03,Bryan King,Woodbridge,Wireless Mouse,Electronics,5,19.99,99.95,Debit Card
C2207,O12207,2026-06-04,Lisa Myers,Newark,Table Lamp,Home Decor,3,14.99,44.97,Debit Card
C2208,O12208,2026-05-08,Brenda Knox,Newark,Backpack,Fashion,2,39.99,79.98,Credit Card
C2209,O12209,2025-09-18,Ryan Wilson,Newark,Treadmill,Sports,3,399.99,1199.97,Credit Card
C2210,O12210,2026-05-05,Marc Fowler,Newark,Office Chair,Furniture,2,89.99,179.98,Credit Card
C2211,O12211,2025-09-26,Sheila Campbell,Iselin,Desk Organizer,Stationery,1,7.99,7.99,Credit Card
C2212,O12212,2025-12-03,Ronald Gilmore,Jersey City,Wall Clock,Home Decor,2,19.99,39.98,UPI
C2213,O12213,2025-12-14,Francisco Medina,Newark,Running Shoes,Fashion,5,59.99,299.95,UPI
C2214,O12214,2025-07-16,Victoria Davis,Edison,Wireless Mouse,Electronics,2,19.99,39.98,Debit Card
C2215,O12215,2026-01-24,Mary Perez,Edison,Treadmill,Sports,5,399.99,1999.95,Cash
C2216,O12216,2025-10-31,Jennifer Young,Newark,Office Chair,Furniture,4,89.99,359.96,Debit Card
C2217,O12217,2026-05-01,Brandon Norton,Edison,Cricket Bat,Sports,4,79.99,319.96,Credit Card
C2218,O12218,2026-01-10,Brian Marshall,Woodbridge,Blender,Home Appliances,2,49.99,99.98,Cash
C2219,O12219,2026-05-03,Seth Prince,Iselin,Hair Dryer,Home Appliances,4,29.99,119.96,Cash
C2220,O12220,2026-03-11,Deborah Gallagher,Newark,Backpack,Fashion,5,39.99,199.95,Credit Card
C2221,O12221,2025-10-04,Michael Rodgers,Edison,Cricket Bat,Sports,3,79.99,239.97,UPI
C2222,O12222,2025-06-23,Monica Henson,Jersey City,Hair Dryer,Home Appliances,5,29.99,149.95,Credit Card
C2223,O12223,2025-11-28,Charles Fitzgerald,Jersey City,Keyboard,Electronics,4,24.99,99.96,Cash
C2224,O12224,2025-11-11,Steven West,Edison,Perfume,Fashion,4,29.99,119.96,Cash
C2225,O12225,2025-07-17,Jeffrey Martinez,Newark,Hair Dryer,Home Appliances,5,29.99,149.95,Cash
C2226,O12226,2025-09-17,Jared Thompson,Edison,Wall Clock,Home Decor,2,19.99,39.98,UPI
C2227,O12227,2025-10-15,Anna Wright,Newark,Hair Dryer,Home Appliances,4,29.99,119.96,UPI
C2228,O12228,2026-05-06,Lisa Oconnell,Edison,Treadmill,Sports,2,399.99,799.98,Cash
C2229,O12229,2025-08-02,Tony Lowe,Newark,Blender,Home Appliances,2,49.99,99.98,Cash
C2230,O12230,2025-09-17,Daniel Smith,Jersey City,Table Lamp,Home Decor,4,14.99,59.96,UPI
C2231,O12231,2026-03-09,Blake Scott,Edison,Backpack,Fashion,2,39.99,79.98,UPI
C2232,O12232,2026-03-11,Jordan Neal,Newark,Wireless Mouse,Electronics,2,19.99,39.98,Debit Card
C2233,O12233,2026-04-13,Matthew Burke,Edison,Office Chair,Furniture,4,89.99,359.96,Cash
C2234,O12234,2025-10-31,Kim Graham,Jersey City,Wireless Mouse,Electronics,4,19.99,79.96,Debit Card
C2235,O12235,2025-10-23,Brian Morales,Jersey City,Wireless Mouse,Electronics,2,19.99,39.98,Cash
C2236,O12236,2026-01-20,Kimberly Bell,Jersey City,Perfume,Fashion,4,29.99,119.96,Debit Card
C2237,O12237,2025-10-21,Nathan Mccoy,Iselin,Backpack,Fashion,3,39.99,119.97,UPI
C2238,O12238,2026-03-28,Rebecca Kelly,Edison,Wall Clock,Home Decor,5,19.99,99.95,Cash
C2239,O12239,2026-01-29,John Mcconnell,Woodbridge,LED Monitor,Electronics,4,129.99,519.96,Cash
C2240,O12240,2026-04-09,Howard Forbes,Newark,Table Lamp,Home Decor,3,14.99,44.97,Debit Card
C2241,O12241,2025-07-30,Kelly Hoover,Woodbridge,Wall Clock,Home Decor,3,19.99,59.97,Cash
C2242,O12242,2025-07-06,Diane Lopez,Woodbridge,Backpack,Fashion,3,39.99,119.97,Debit Card
C2243,O12243,2026-01-29,James Jones,Iselin,Notebook Pack,Stationery,2,3.99,7.98,UPI
C2244,O12244,2026-04-11,Denise Meza,Jersey City,USB Cable,Electronics,5,5.99,29.95,UPI
C2245,O12245,2025-10-29,Danny Sanders,Jersey City,Treadmill,Sports,4,399.99,1599.96,Cash
C2246,O12246,2026-04-21,Matthew Jones,Jersey City,Water Bottle,Sports,2,9.99,19.98,UPI
C2247,O12247,2025-11-21,Christine Smith,Edison,LED Monitor,Electronics,1,129.99,129.99,Credit Card
C2248,O12248,2026-05-14,Travis Thomas,Jersey City,Desk Organizer,Stationery,2,7.99,15.98,UPI
C2249,O12249,2025-06-27,Thomas Sanchez,Jersey City,Notebook Pack,Stationery,2,3.99,7.98,Credit Card
C2250,O12250,2025-11-23,Tara Garza,Woodbridge,Treadmill,Sports,5,399.99,1999.95,Debit Card
C2251,O12251,2026-01-13,Jennifer Willis,Edison,Blender,Home Appliances,5,49.99,249.95,Debit Card
C2252,O12252,2025-12-10,Anthony Carter,Newark,Wall Clock,Home Decor,3,19.99,59.97,Credit Card
C2253,O12253,2026-02-02,Erica Ramirez,Newark,Treadmill,Sports,1,399.99,399.99,Debit Card
C2254,O12254,2025-12-09,Sean Cowan,Iselin,Wireless Earbuds,Electronics,4,49.99,199.96,Debit Card
C2255,O12255,2025-08-04,Ronald Miller,Jersey City,Smartwatch,Electronics,2,149.99,299.98,Credit Card
C2256,O12256,2026-04-15,Hayley Hurst,Newark,Wall Clock,Home Decor,2,19.99,39.98,Cash
C2257,O12257,2025-10-22,Christina Parker,Newark,Coffee Maker,Home Appliances,5,79.99,399.95,Credit Card
C2258,O12258,2025-08-12,Lisa Rodriguez,Jersey City,Wall Clock,Home Decor,2,19.99,39.98,Cash
C2259,O12259,2026-02-01,Steven Stokes,Woodbridge,Wall Clock,Home Decor,1,19.99,19.99,Cash
C2260,O12260,2025-10-30,Alison Wilkerson,Newark,Treadmill,Sports,4,399.99,1599.96,Credit Card
C2261,O12261,2025-11-05,Nichole Thompson,Newark,Perfume,Fashion,1,29.99,29.99,UPI
C2262,O12262,2025-06-21,Olivia Crosby,Woodbridge,Treadmill,Sports,1,399.99,399.99,Cash
C2263,O12263,2026-01-24,Tamara Ballard,Iselin,Wireless Earbuds,Electronics,3,49.99,149.97,Debit Card
C2264,O12264,2026-05-17,Stephanie Brown,Edison,Treadmill,Sports,4,399.99,1599.96,Debit Card
C2265,O12265,2026-03-30,Jonathan Vasquez,Newark,Perfume,Fashion,1,29.99,29.99,Debit Card
C2266,O12266,2025-08-16,Robert Burke,Woodbridge,Wireless Mouse,Electronics,1,19.99,19.99,Credit Card
C2267,O12267,2026-03-17,Cory Morris,Jersey City,Wireless Mouse,Electronics,1,19.99,19.99,Credit Card
C2268,O12268,2025-08-25,Steven Hill,Woodbridge,LED Monitor,Electronics,5,129.99,649.95,Credit Card
C2269,O12269,2025-11-17,Jeffrey Molina,Newark,Table Lamp,Home Decor,5,14.99,74.95,Credit Card
C2270,O12270,2026-02-19,Christopher Martin,Jersey City,Smartwatch,Electronics,5,149.99,749.95,Debit Card
C2271,O12271,2026-03-14,Lisa Lindsey,Woodbridge,Coffee Maker,Home Appliances,3,79.99,239.97,UPI
C2272,O12272,2025-07-05,Michael Beck,Woodbridge,Backpack,Fashion,1,39.99,39.99,Debit Card
C2273,O12273,2026-04-03,Darryl Patton,Jersey City,USB Cable,Electronics,5,5.99,29.95,Cash
C2274,O12274,2025-12-24,Mackenzie Cobb,Newark,Blender,Home Appliances,3,49.99,149.97,Debit Card
C2275,O12275,2025-07-02,Michael Nguyen,Edison,Water Bottle,Sports,2,9.99,19.98,Debit Card
C2276,O12276,2026-05-15,Mrs. Rachel Cohen,Edison,Office Chair,Furniture,5,89.99,449.95,Credit Card
C2277,O12277,2026-01-18,Zachary Bell,Newark,USB Cable,Electronics,4,5.99,23.96,Debit Card
C2278,O12278,2025-12-27,David Powell,Edison,LED Monitor,Electronics,4,129.99,519.96,Credit Card
C2279,O12279,2025-09-02,Rebecca Johnson,Woodbridge,Coffee Maker,Home Appliances,2,79.99,159.98,Debit Card
C2280,O12280,2025-11-27,Sara Riley,Newark,Office Chair,Furniture,3,89.99,269.97,Cash
C2281,O12281,2025-12-31,Daniel Benjamin,Newark,Table Lamp,Home Decor,5,14.99,74.95,UPI
C2282,O12282,2025-06-16,Suzanne Martin,Woodbridge,Running Shoes,Fashion,2,59.99,119.98,Cash
C2283,O12283,2025-12-22,Elizabeth Pugh,Iselin,Perfume,Fashion,1,29.99,29.99,Cash
C2284,O12284,2026-04-13,Teresa Valdez,Newark,Perfume,Fashion,3,29.99,89.97,Credit Card
C2285,O12285,2026-01-11,Joshua Hall,Iselin,Table Lamp,Home Decor,3,14.99,44.97,UPI
C2286,O12286,2026-04-14,Amy Sanchez,Jersey City,Coffee Maker,Home Appliances,3,79.99,239.97,Cash
C2287,O12287,2026-04-03,Linda Thompson,Jersey City,Wireless Earbuds,Electronics,1,49.99,49.99,Cash
C2288,O12288,2025-08-03,Patrick Davenport,Iselin,Treadmill,Sports,1,399.99,399.99,Cash
C2289,O12289,2026-04-29,Molly Skinner,Jersey City,Smartwatch,Electronics,2,149.99,299.98,Debit Card
C2290,O12290,2025-11-04,Douglas Crawford,Jersey City,Water Bottle,Sports,1,9.99,9.99,UPI
C2291,O12291,2026-04-30,Christina Walsh,Newark,Treadmill,Sports,3,399.99,1199.97,UPI
C2292,O12292,2025-08-20,Brittany Johnston,Iselin,Notebook Pack,Stationery,1,3.99,3.99,Credit Card
C2293,O12293,2025-09-23,Miranda Munoz,Woodbridge,LED Monitor,Electronics,4,129.99,519.96,Cash
C2294,O12294,2025-08-19,Timothy Long,Newark,Desk Organizer,Stationery,4,7.99,31.96,Credit Card
C2295,O12295,2026-05-28,Kelly King,Iselin,Water Bottle,Sports,5,9.99,49.95,Debit Card
C2296,O12296,2026-04-23,John Mccarthy,Newark,USB Cable,Electronics,2,5.99,11.98,Credit Card
C2297,O12297,2025-07-02,Dennis Hicks,Edison,Cricket Bat,Sports,4,79.99,319.96,Debit Card
C2298,O12298,2026-01-21,Rachel Browning,Woodbridge,Wall Clock,Home Decor,2,19.99,39.98,Cash
C2299,O12299,2025-11-20,James Douglas,Woodbridge,Backpack,Fashion,3,39.99,119.97,UPI
C2300,O12300,2025-09-26,Cynthia Brady,Edison,Office Chair,Furniture,2,89.99,179.98,Cash
C2301,O12301,2025-10-25,Mary Adams,Edison,LED Monitor,Electronics,3,129.99,389.97,Credit Card
C2302,O12302,2026-06-01,Timothy Flores,Edison,Smartwatch,Electronics,3,149.99,449.97,Cash
C2303,O12303,2026-06-07,David Figueroa,Jersey City,Wireless Mouse,Electronics,2,19.99,39.98,Credit Card
C2304,O12304,2025-06-27,Samantha Barrett,Jersey City,Table Lamp,Home Decor,1,14.99,14.99,Cash
C2305,O12305,2026-06-10,Audrey Shaffer,Jersey City,Running Shoes,Fashion,1,59.99,59.99,Credit Card
C2306,O12306,2025-07-07,Dustin Woods,Woodbridge,Blender,Home Appliances,4,49.99,199.96,Cash
C2307,O12307,2025-10-01,Antonio Wise,Jersey City,Wireless Earbuds,Electronics,5,49.99,249.95,Cash
C2308,O12308,2025-08-19,Joanne Foley,Jersey City,Office Chair,Furniture,2,89.99,179.98,UPI
C2309,O12309,2026-03-08,Cindy Quinn,Newark,Office Chair,Furniture,4,89.99,359.96,UPI
C2310,O12310,2025-09-29,Bryan Jacobs,Newark,Smartwatch,Electronics,1,149.99,149.99,Cash
C2311,O12311,2025-09-05,Willie Arellano DDS,Edison,Blender,Home Appliances,1,49.99,49.99,Cash
C2312,O12312,2025-10-23,Sydney Smith,Edison,Cricket Bat,Sports,3,79.99,239.97,Credit Card
C2313,O12313,2026-01-14,Manuel Gonzalez,Newark,Backpack,Fashion,2,39.99,79.98,Credit Card
C2314,O12314,2025-08-20,Matthew Moore,Woodbridge,Treadmill,Sports,5,399.99,1999.95,Cash
C2315,O12315,2025-11-28,Carolyn Carter,Woodbridge,Running Shoes,Fashion,1,59.99,59.99,Cash
C2316,O12316,2026-03-23,Heather Olson,Newark,Cricket Bat,Sports,3,79.99,239.97,UPI
C2317,O12317,2026-01-14,Lucas Lloyd,Iselin,Cricket Bat,Sports,3,79.99,239.97,Cash
C2318,O12318,2025-12-19,Erica Fuller,Woodbridge,Keyboard,Electronics,4,24.99,99.96,Credit Card
C2319,O12319,2026-01-24,Kevin Berg,Woodbridge,Notebook Pack,Stationery,4,3.99,15.96,Cash
C2320,O12320,2025-11-19,Jessica Green,Edison,Coffee Maker,Home Appliances,1,79.99,79.99,UPI
C2321,O12321,2026-04-27,Steven Ramirez,Newark,Blender,Home Appliances,2,49.99,99.98,UPI
C2322,O12322,2026-02-05,Cristina Pratt,Iselin,Blender,Home Appliances,4,49.99,199.96,Credit Card
C2323,O12323,2026-05-12,Chloe Jones,Newark,Table Lamp,Home Decor,4,14.99,59.96,Cash
C2324,O12324,2026-03-18,Robin Hardy,Jersey City,Cricket Bat,Sports,4,79.99,319.96,Cash
C2325,O12325,2026-06-01,Jorge Benson,Newark,USB Cable,Electronics,3,5.99,17.97,UPI
C2326,O12326,2026-06-08,Kimberly Harrison,Woodbridge,Backpack,Fashion,5,39.99,199.95,Cash
C2327,O12327,2025-07-16,Brandi Rodriguez,Edison,Treadmill,Sports,2,399.99,799.98,Debit Card
C2328,O12328,2025-12-28,Alexander May PhD,Jersey City,USB Cable,Electronics,3,5.99,17.97,Debit Card
C2329,O12329,2026-04-25,Michael Melton,Woodbridge,Hair Dryer,Home Appliances,3,29.99,89.97,Debit Card
C2330,O12330,2025-07-26,Laura Nolan,Iselin,Wall Clock,Home Decor,4,19.99,79.96,Debit Card
C2331,O12331,2025-08-01,Michael Pitts,Edison,Blender,Home Appliances,1,49.99,49.99,Cash
C2332,O12332,2026-06-09,Isaac Jones,Newark,Blender,Home Appliances,2,49.99,99.98,Cash
C2333,O12333,2025-08-23,Judy Young,Woodbridge,Wireless Mouse,Electronics,3,19.99,59.97,Debit Card
C2334,O12334,2025-12-10,Ronald Green,Woodbridge,LED Monitor,Electronics,2,129.99,259.98,UPI
C2335,O12335,2026-03-09,Marc Clark,Edison,Keyboard,Electronics,1,24.99,24.99,Debit Card
C2336,O12336,2025-09-22,Susan Weiss,Edison,USB Cable,Electronics,1,5.99,5.99,UPI
C2337,O12337,2025-11-16,David Norton,Iselin,Running Shoes,Fashion,2,59.99,119.98,Cash
C2338,O12338,2025-09-12,Daniel Cantrell,Iselin,Running Shoes,Fashion,1,59.99,59.99,Cash
C2339,O12339,2026-06-04,Brooke Clark,Woodbridge,Perfume,Fashion,2,29.99,59.98,UPI
C2340,O12340,2025-11-21,Nicole Ward,Iselin,Blender,Home Appliances,4,49.99,199.96,UPI
C2341,O12341,2025-06-16,Lauren Rose,Iselin,Keyboard,Electronics,2,24.99,49.98,Credit Card
C2342,O12342,2026-06-07,Barbara Harris,Edison,Backpack,Fashion,4,39.99,159.96,Credit Card
C2343,O12343,2025-06-25,Rebecca Brooks,Woodbridge,Wireless Earbuds,Electronics,4,49.99,199.96,Cash
C2344,O12344,2026-03-13,Amanda Marshall,Edison,Treadmill,Sports,4,399.99,1599.96,Debit Card
C2345,O12345,2025-12-15,Rose Smith,Jersey City,Office Chair,Furniture,4,89.99,359.96,Cash
C2346,O12346,2025-07-03,Lisa Moran,Jersey City,Hair Dryer,Home Appliances,5,29.99,149.95,Credit Card
C2347,O12347,2025-10-05,James Nunez,Jersey City,Cricket Bat,Sports,5,79.99,399.95,Cash
C2348,O12348,2025-07-09,Eric Benson,Edison,Wireless Earbuds,Electronics,1,49.99,49.99,UPI
C2349,O12349,2026-03-21,Joseph Gonzalez,Newark,Running Shoes,Fashion,2,59.99,119.98,Credit Card
C2350,O12350,2026-06-05,Deborah Stokes,Woodbridge,Notebook Pack,Stationery,1,3.99,3.99,Debit Card
C2351,O12351,2025-10-26,Benjamin Garcia,Edison,Desk Organizer,Stationery,3,7.99,23.97,Credit Card
C2352,O12352,2025-09-20,Pamela Ross,Jersey City,Table Lamp,Home Decor,2,14.99,29.98,Cash
C2353,O12353,2025-07-05,Crystal Leon,Edison,Office Chair,Furniture,1,89.99,89.99,Cash
C2354,O12354,2025-10-05,Lisa Wilson,Newark,Blender,Home Appliances,1,49.99,49.99,Credit Card
C2355,O12355,2025-08-02,Yolanda Turner,Iselin,Coffee Maker,Home Appliances,5,79.99,399.95,Debit Card
C2356,O12356,2026-05-06,Susan Hunter,Newark,Wireless Mouse,Electronics,4,19.99,79.96,Cash
C2357,O12357,2025-07-20,Jessica Nguyen,Woodbridge,Running Shoes,Fashion,4,59.99,239.96,Cash
C2358,O12358,2026-01-07,Monique Alexander,Newark,Notebook Pack,Stationery,4,3.99,15.96,Debit Card
C2359,O12359,2025-11-02,Kristopher Mcpherson,Jersey City,Cricket Bat,Sports,2,79.99,159.98,Credit Card
C2360,O12360,2026-04-17,Arthur Wheeler,Iselin,Backpack,Fashion,5,39.99,199.95,Credit Card
C2361,O12361,2026-05-05,Sheila Chang,Jersey City,Table Lamp,Home Decor,2,14.99,29.98,UPI
C2362,O12362,2026-01-09,Darius Anderson,Edison,Water Bottle,Sports,3,9.99,29.97,UPI
C2363,O12363,2025-08-29,Jason Martinez,Edison,Blender,Home Appliances,5,49.99,249.95,Cash
C2364,O12364,2025-09-04,Jessica Hogan,Jersey City,Table Lamp,Home Decor,2,14.99,29.98,Debit Card
C2365,O12365,2025-06-26,Rebecca Trevino,Woodbridge,Wireless Mouse,Electronics,3,19.99,59.97,Credit Card
C2366,O12366,2025-12-09,David Kaufman,Newark,Notebook Pack,Stationery,2,3.99,7.98,Cash
C2367,O12367,2026-02-22,Richard May,Iselin,Blender,Home Appliances,2,49.99,99.98,Debit Card
C2368,O12368,2025-09-01,Sara Barrett,Woodbridge,Blender,Home Appliances,2,49.99,99.98,Cash
C2369,O12369,2025-06-21,Susan Patel,Woodbridge,Coffee Maker,Home Appliances,1,79.99,79.99,Cash
C2370,O12370,2026-06-12,Brittany Harris,Iselin,Coffee Maker,Home Appliances,2,79.99,159.98,UPI
C2371,O12371,2025-08-29,John Burns,Newark,Office Chair,Furniture,5,89.99,449.95,Cash
C2372,O12372,2026-04-19,Seth Williams,Jersey City,Coffee Maker,Home Appliances,3,79.99,239.97,Credit Card
C2373,O12373,2025-09-30,Anthony Mitchell,Woodbridge,USB Cable,Electronics,4,5.99,23.96,Debit Card
C2374,O12374,2025-09-04,Joshua Wilson,Edison,Perfume,Fashion,2,29.99,59.98,Debit Card
C2375,O12375,2025-11-16,Brian Pacheco,Jersey City,Blender,Home Appliances,2,49.99,99.98,Credit Card
C2376,O12376,2025-11-05,Rebecca Collins,Edison,Water Bottle,Sports,1,9.99,9.99,Debit Card
C2377,O12377,2026-03-05,Amanda Fields,Newark,Water Bottle,Sports,1,9.99,9.99,Credit Card
C2378,O12378,2026-06-06,Blake Sampson,Edison,Cricket Bat,Sports,1,79.99,79.99,Cash
C2379,O12379,2025-10-01,Angela Zimmerman,Woodbridge,Smartwatch,Electronics,4,149.99,599.96,UPI
C2380,O12380,2026-04-05,Robert Carrillo,Edison,Table Lamp,Home Decor,1,14.99,14.99,Debit Card
C2381,O12381,2025-08-27,Monica Watson MD,Woodbridge,Blender,Home Appliances,5,49.99,249.95,UPI
C2382,O12382,2025-09-03,Larry Murphy,Newark,Wireless Mouse,Electronics,2,19.99,39.98,Cash
C2383,O12383,2026-04-25,Kimberly Jones,Newark,Table Lamp,Home Decor,2,14.99,29.98,Cash
C2384,O12384,2025-11-08,Steven Gibbs,Iselin,Desk Organizer,Stationery,1,7.99,7.99,Cash
C2385,O12385,2025-12-24,Laura Osborne,Woodbridge,Running Shoes,Fashion,3,59.99,179.97,Cash
C2386,O12386,2026-04-01,Mary Jenkins,Edison,Wireless Earbuds,Electronics,4,49.99,199.96,UPI
C2387,O12387,2026-04-11,Emily Fox,Jersey City,Wireless Earbuds,Electronics,1,49.99,49.99,Debit Card
C2388,O12388,2026-06-05,Dr. Jessica Gutierrez,Jersey City,Perfume,Fashion,5,29.99,149.95,Credit Card
C2389,O12389,2025-09-04,Jeffrey Baker,Iselin,Office Chair,Furniture,1,89.99,89.99,Cash
C2390,O12390,2026-06-13,Douglas Mosley,Newark,Wall Clock,Home Decor,1,19.99,19.99,UPI
C2391,O12391,2025-08-22,Erin Thornton,Iselin,Treadmill,Sports,2,399.99,799.98,Credit Card
C2392,O12392,2026-05-15,Sara Anderson,Edison,Blender,Home Appliances,1,49.99,49.99,Credit Card
C2393,O12393,2025-10-10,Linda Jones,Woodbridge,Wireless Earbuds,Electronics,4,49.99,199.96,Cash
C2394,O12394,2026-02-02,Zachary Poole,Jersey City,Backpack,Fashion,3,39.99,119.97,Debit Card
C2395,O12395,2025-11-05,Angela Vazquez,Edison,Running Shoes,Fashion,4,59.99,239.96,UPI
C2396,O12396,2026-02-22,Stephen Becker,Iselin,Coffee Maker,Home Appliances,3,79.99,239.97,Credit Card
C2397,O12397,2025-12-29,Jeffrey Vance MD,Jersey City,Keyboard,Electronics,2,24.99,49.98,Cash
C2398,O12398,2026-03-11,Jeffrey Holmes,Woodbridge,LED Monitor,Electronics,1,129.99,129.99,Debit Card
C2399,O12399,2026-04-08,Linda Valdez,Jersey City,Cricket Bat,Sports,3,79.99,239.97,Debit Card
C2400,O12400,2026-05-26,Karen Hughes,Woodbridge,Water Bottle,Sports,2,9.99,19.98,Debit Card
C2401,O12401,2026-01-04,Brittany Vargas,Jersey City,Wireless Mouse,Electronics,4,19.99,79.96,Cash
C2402,O12402,2026-04-23,Gwendolyn Patrick,Woodbridge,Hair Dryer,Home Appliances,4,29.99,119.96,Cash
C2403,O12403,2026-05-24,Kayla Garner,Jersey City,Desk Organizer,Stationery,5,7.99,39.95,Cash
C2404,O12404,2025-08-02,Kelly Price,Woodbridge,Perfume,Fashion,5,29.99,149.95,Cash
C2405,O12405,2026-01-14,Jessica Williams,Woodbridge,Keyboard,Electronics,4,24.99,99.96,Credit Card
C2406,O12406,2026-03-03,Spencer Berry,Jersey City,Wireless Mouse,Electronics,4,19.99,79.96,Debit Card
C2407,O12407,2026-03-22,Amanda Davis,Iselin,Smartwatch,Electronics,1,149.99,149.99,Cash
C2408,O12408,2026-03-13,Dean Gardner,Jersey City,Hair Dryer,Home Appliances,5,29.99,149.95,Cash
C2409,O12409,2025-08-17,Michael English,Edison,Running Shoes,Fashion,2,59.99,119.98,Debit Card
C2410,O12410,2026-03-31,Mercedes Bray DDS,Jersey City,Treadmill,Sports,3,399.99,1199.97,Cash
C2411,O12411,2025-10-10,Robin Bailey,Edison,Office Chair,Furniture,3,89.99,269.97,Debit Card
C2412,O12412,2026-04-21,Kerry Kennedy,Jersey City,Running Shoes,Fashion,4,59.99,239.96,Credit Card
C2413,O12413,2026-04-03,Bruce Johnson,Woodbridge,Cricket Bat,Sports,4,79.99,319.96,UPI
C2414,O12414,2026-05-11,Lawrence Bean,Iselin,Hair Dryer,Home Appliances,4,29.99,119.96,Debit Card
C2415,O12415,2026-03-24,Alicia Hill,Edison,Water Bottle,Sports,1,9.99,9.99,Cash
C2416,O12416,2026-03-26,Tracey Bruce,Woodbridge,Table Lamp,Home Decor,3,14.99,44.97,Debit Card
C2417,O12417,2025-08-16,Denise Marshall,Iselin,Keyboard,Electronics,1,24.99,24.99,Cash
C2418,O12418,2026-01-07,Jill Campbell,Iselin,Perfume,Fashion,1,29.99,29.99,Cash
C2419,O12419,2025-10-31,Brandy Smith,Iselin,Blender,Home Appliances,2,49.99,99.98,Cash
C2420,O12420,2025-08-28,Kevin Wells,Newark,Table Lamp,Home Decor,4,14.99,59.96,UPI
C2421,O12421,2026-01-10,Corey Anderson,Iselin,Running Shoes,Fashion,3,59.99,179.97,Debit Card
C2422,O12422,2026-04-18,Lindsay Harris,Newark,Wall Clock,Home Decor,1,19.99,19.99,UPI
C2423,O12423,2025-11-22,Jessica Gallegos,Woodbridge,Treadmill,Sports,4,399.99,1599.96,Credit Card
C2424,O12424,2026-02-03,Bryan Haley,Edison,Notebook Pack,Stationery,3,3.99,11.97,Debit Card
C2425,O12425,2025-12-27,Amber Wilson,Edison,Wireless Earbuds,Electronics,1,49.99,49.99,Credit Card
C2426,O12426,2025-07-19,Kevin Warner,Woodbridge,Notebook Pack,Stationery,5,3.99,19.95,Debit Card
C2427,O12427,2025-09-11,Colton Quinn,Iselin,Office Chair,Furniture,3,89.99,269.97,Cash
C2428,O12428,2026-05-24,Tracy Morales,Woodbridge,Smartwatch,Electronics,5,149.99,749.95,UPI
C2429,O12429,2025-07-13,Emily Ferguson,Newark,Desk Organizer,Stationery,1,7.99,7.99,Debit Card
C2430,O12430,2026-05-27,Erica Garrison,Iselin,Blender,Home Appliances,5,49.99,249.95,Cash
C2431,O12431,2025-06-23,Abigail Riddle,Woodbridge,Coffee Maker,Home Appliances,3,79.99,239.97,Credit Card
C2432,O12432,2026-01-04,Pamela Young,Woodbridge,Coffee Maker,Home Appliances,2,79.99,159.98,Credit Card
C2433,O12433,2025-10-04,Craig Henderson,Edison,Blender,Home Appliances,2,49.99,99.98,Credit Card
C2434,O12434,2025-12-09,Kevin Cox,Newark,Backpack,Fashion,5,39.99,199.95,Cash
C2435,O12435,2025-10-19,Michael Bentley,Jersey City,Smartwatch,Electronics,4,149.99,599.96,Debit Card
C2436,O12436,2026-02-08,Cynthia Smith,Woodbridge,Treadmill,Sports,4,399.99,1599.96,Credit Card
C2437,O12437,2025-09-24,Amanda Bullock,Edison,Table Lamp,Home Decor,5,14.99,74.95,Cash
C2438,O12438,2025-12-26,James White,Iselin,Perfume,Fashion,4,29.99,119.96,Debit Card
C2439,O12439,2025-09-19,Joseph Weaver,Newark,Hair Dryer,Home Appliances,1,29.99,29.99,UPI
C2440,O12440,2026-04-26,Lori Hale,Iselin,Coffee Maker,Home Appliances,4,79.99,319.96,Cash
C2441,O12441,2026-04-18,Charles Smith,Iselin,Wireless Earbuds,Electronics,5,49.99,249.95,Cash
C2442,O12442,2025-06-19,Chad Schroeder,Woodbridge,Wall Clock,Home Decor,2,19.99,39.98,Debit Card
C2443,O12443,2025-10-16,Julia Kaufman,Iselin,Keyboard,Electronics,2,24.99,49.98,Cash
C2444,O12444,2026-04-18,Bryan Jacobson,Newark,Running Shoes,Fashion,2,59.99,119.98,UPI
C2445,O12445,2026-02-18,Shawn Moore,Iselin,Smartwatch,Electronics,5,149.99,749.95,Credit Card
C2446,O12446,2026-05-09,Jason Gates,Jersey City,LED Monitor,Electronics,2,129.99,259.98,Debit Card
C2447,O12447,2025-07-24,Paul Hayes,Woodbridge,Desk Organizer,Stationery,3,7.99,23.97,Debit Card
C2448,O12448,2025-09-01,Ashley Thomas,Iselin,Table Lamp,Home Decor,4,14.99,59.96,Credit Card
C2449,O12449,2026-03-15,Johnathan Chavez,Iselin,Water Bottle,Sports,1,9.99,9.99,Credit Card
C2450,O12450,2025-10-06,Susan Lowe,Edison,Hair Dryer,Home Appliances,3,29.99,89.97,UPI
C2451,O12451,2025-12-03,Miguel Thomas,Newark,Wall Clock,Home Decor,3,19.99,59.97,Cash
C2452,O12452,2025-07-28,Nichole Davis,Jersey City,Office Chair,Furniture,2,89.99,179.98,Credit Card
C2453,O12453,2026-06-13,James Downs,Woodbridge,Desk Organizer,Stationery,3,7.99,23.97,Debit Card
C2454,O12454,2026-04-21,Jermaine Ford,Woodbridge,Treadmill,Sports,3,399.99,1199.97,Cash
C2455,O12455,2025-10-21,Gregory Mcdonald,Edison,LED Monitor,Electronics,5,129.99,649.95,Cash
C2456,O12456,2025-09-08,Diana Mcdaniel,Jersey City,Wall Clock,Home Decor,5,19.99,99.95,Credit Card
C2457,O12457,2025-09-25,Kelly Goodwin,Iselin,Perfume,Fashion,4,29.99,119.96,Credit Card
C2458,O12458,2026-05-20,Ashley Moss,Woodbridge,Wireless Mouse,Electronics,4,19.99,79.96,UPI
C2459,O12459,2025-07-10,Carlos Wolf MD,Woodbridge,LED Monitor,Electronics,4,129.99,519.96,Credit Card
C2460,O12460,2026-01-02,Michele Mercado,Edison,Wireless Earbuds,Electronics,3,49.99,149.97,UPI
C2461,O12461,2026-05-21,Olivia Hayes,Woodbridge,Office Chair,Furniture,3,89.99,269.97,Debit Card
C2462,O12462,2025-08-26,Benjamin Johnston,Jersey City,Blender,Home Appliances,1,49.99,49.99,Credit Card
C2463,O12463,2025-08-03,Robert Vincent,Woodbridge,Backpack,Fashion,3,39.99,119.97,Cash
C2464,O12464,2026-02-24,James May,Woodbridge,Wireless Earbuds,Electronics,5,49.99,249.95,Cash
C2465,O12465,2026-04-02,Jason Thomas,Newark,Running Shoes,Fashion,5,59.99,299.95,Credit Card
C2466,O12466,2025-10-14,James Parker,Jersey City,Wall Clock,Home Decor,2,19.99,39.98,Debit Card
C2467,O12467,2025-09-19,Matthew Leach,Woodbridge,Perfume,Fashion,3,29.99,89.97,Cash
C2468,O12468,2025-08-25,Mitchell Castro,Jersey City,Treadmill,Sports,1,399.99,399.99,Credit Card
C2469,O12469,2026-03-08,Dawn Howe,Iselin,Wall Clock,Home Decor,1,19.99,19.99,Cash
C2470,O12470,2026-01-22,Kimberly Williams MD,Edison,Hair Dryer,Home Appliances,3,29.99,89.97,Credit Card
C2471,O12471,2025-11-11,Tabitha Morrow,Edison,Wireless Earbuds,Electronics,4,49.99,199.96,UPI
C2472,O12472,2026-03-09,Nicole Parrish,Edison,Notebook Pack,Stationery,5,3.99,19.95,Debit Card
C2473,O12473,2025-12-05,Phillip Phillips,Jersey City,Notebook Pack,Stationery,2,3.99,7.98,Cash
C2474,O12474,2026-01-23,Jeffrey Lloyd,Newark,Smartwatch,Electronics,4,149.99,599.96,Debit Card
C2475,O12475,2026-01-01,Alexis Lee,Woodbridge,Desk Organizer,Stationery,5,7.99,39.95,Cash
C2476,O12476,2026-05-14,Debra Salazar,Jersey City,Desk Organizer,Stationery,4,7.99,31.96,Credit Card
C2477,O12477,2026-05-17,Lisa Harris,Jersey City,Perfume,Fashion,1,29.99,29.99,Debit Card
C2478,O12478,2025-07-28,Edward Hernandez,Edison,Hair Dryer,Home Appliances,1,29.99,29.99,Cash
C2479,O12479,2026-01-09,Teresa Williams,Newark,Blender,Home Appliances,5,49.99,249.95,UPI
C2480,O12480,2025-07-25,Kyle Holland,Newark,Office Chair,Furniture,1,89.99,89.99,Cash
C2481,O12481,2025-06-16,Jessica Rodriguez,Edison,USB Cable,Electronics,4,5.99,23.96,UPI
C2482,O12482,2025-08-24,Wendy Lee,Jersey City,USB Cable,Electronics,1,5.99,5.99,Cash
C2483,O12483,2025-12-27,Michael Clay,Edison,Backpack,Fashion,5,39.99,199.95,Debit Card
C2484,O12484,2026-01-11,Kimberly Hicks,Edison,USB Cable,Electronics,1,5.99,5.99,Debit Card
C2485,O12485,2025-10-15,Anthony Jones,Woodbridge,Smartwatch,Electronics,1,149.99,149.99,Cash
C2486,O12486,2026-01-14,Eric Carter,Newark,Treadmill,Sports,4,399.99,1599.96,UPI
C2487,O12487,2025-11-16,Heather Greer,Jersey City,USB Cable,Electronics,4,5.99,23.96,Credit Card
C2488,O12488,2025-12-08,Sandra Obrien,Jersey City,Keyboard,Electronics,1,24.99,24.99,Cash
C2489,O12489,2026-01-03,Christopher Romero,Iselin,Backpack,Fashion,1,39.99,39.99,UPI
C2490,O12490,2025-10-29,Rachel Carr,Edison,Desk Organizer,Stationery,1,7.99,7.99,Credit Card
C2491,O12491,2025-11-25,Jacob Davenport,Woodbridge,Keyboard,Electronics,3,24.99,74.97,Cash
C2492,O12492,2025-10-24,Jennifer Thornton,Edison,Cricket Bat,Sports,2,79.99,159.98,Cash
C2493,O12493,2025-09-22,Daniel Johnson,Jersey City,Wireless Earbuds,Electronics,3,49.99,149.97,Cash
C2494,O12494,2026-02-03,Toni Castaneda,Edison,Office Chair,Furniture,4,89.99,359.96,Credit Card
C2495,O12495,2025-10-11,Michael Moses,Woodbridge,Notebook Pack,Stationery,1,3.99,3.99,Credit Card
C2496,O12496,2025-06-22,Mark Smith,Newark,LED Monitor,Electronics,5,129.99,649.95,UPI
C2497,O12497,2026-06-04,Ronald Coffey,Jersey City,Keyboard,Electronics,2,24.99,49.98,Credit Card
C2498,O12498,2025-11-12,Leonard Turner,Newark,Cricket Bat,Sports,3,79.99,239.97,UPI
C2499,O12499,2025-10-02,William Malone,Jersey City,Hair Dryer,Home Appliances,4,29.99,119.96,UPI
C2500,O12500,2025-07-12,Jose Tate,Jersey City,Smartwatch,Electronics,5,149.99,749.95,UPI
C2501,O12501,2025-11-27,Gregory Kelly,Edison,Water Bottle,Sports,1,9.99,9.99,Debit Card
C2502,O12502,2026-03-29,Whitney Smith,Jersey City,Water Bottle,Sports,2,9.99,19.98,Credit Card
C2503,O12503,2025-08-14,Shawn Duncan,Iselin,Cricket Bat,Sports,5,79.99,399.95,UPI
C2504,O12504,2026-02-20,Taylor Wilson,Edison,Wireless Earbuds,Electronics,2,49.99,99.98,Cash
C2505,O12505,2026-05-18,Tammy Miller,Iselin,Office Chair,Furniture,4,89.99,359.96,UPI
C2506,O12506,2026-02-09,Sara Goodwin,Edison,Backpack,Fashion,2,39.99,79.98,UPI
C2507,O12507,2025-08-01,David Todd,Iselin,Notebook Pack,Stationery,2,3.99,7.98,Debit Card
C2508,O12508,2025-07-20,Aaron Hamilton,Jersey City,Table Lamp,Home Decor,3,14.99,44.97,UPI
C2509,O12509,2025-11-11,Michael Wilson,Woodbridge,Wireless Earbuds,Electronics,2,49.99,99.98,Cash
C2510,O12510,2025-12-07,Matthew Mcclain,Woodbridge,Keyboard,Electronics,4,24.99,99.96,Credit Card
C2511,O12511,2025-12-09,Carl Wade,Woodbridge,Water Bottle,Sports,4,9.99,39.96,Cash
C2512,O12512,2025-12-25,Christina Holloway,Jersey City,Backpack,Fashion,2,39.99,79.98,Credit Card
C2513,O12513,2026-02-06,Kelly Hunter,Edison,Hair Dryer,Home Appliances,1,29.99,29.99,Cash
C2514,O12514,2025-08-20,Anne Cruz,Jersey City,LED Monitor,Electronics,1,129.99,129.99,Debit Card
C2515,O12515,2026-01-15,Matthew Willis,Jersey City,Desk Organizer,Stationery,1,7.99,7.99,Debit Card
C2516,O12516,2025-06-27,Richard Patel,Newark,Running Shoes,Fashion,3,59.99,179.97,Cash
C2517,O12517,2025-06-20,Ronald Rodriguez,Newark,Wall Clock,Home Decor,4,19.99,79.96,UPI
C2518,O12518,2025-08-14,Michele Taylor,Edison,Blender,Home Appliances,1,49.99,49.99,Debit Card
C2519,O12519,2026-04-13,William Baker,Jersey City,Smartwatch,Electronics,2,149.99,299.98,Credit Card
C2520,O12520,2026-02-26,John Anderson,Edison,Desk Organizer,Stationery,3,7.99,23.97,Cash
C2521,O12521,2025-07-18,Robert Anderson,Iselin,Wall Clock,Home Decor,2,19.99,39.98,Cash
C2522,O12522,2025-08-04,Jackson Baker,Woodbridge,Desk Organizer,Stationery,2,7.99,15.98,Cash
C2523,O12523,2025-09-17,Richard Davis,Jersey City,Keyboard,Electronics,2,24.99,49.98,Credit Card
C2524,O12524,2025-10-19,Troy Gentry,Jersey City,Wireless Mouse,Electronics,4,19.99,79.96,Cash
C2525,O12525,2026-01-16,Kenneth Moore,Jersey City,Smartwatch,Electronics,2,149.99,299.98,Cash
C2526,O12526,2026-01-24,Reginald Meadows,Iselin,Notebook Pack,Stationery,2,3.99,7.98,Credit Card
C2527,O12527,2025-08-03,Dana Solomon,Woodbridge,Wall Clock,Home Decor,5,19.99,99.95,Debit Card
C2528,O12528,2026-01-12,Jennifer Hays,Woodbridge,Water Bottle,Sports,4,9.99,39.96,Credit Card
C2529,O12529,2025-08-30,Shawn Wilson,Jersey City,Notebook Pack,Stationery,4,3.99,15.96,Debit Card
C2530,O12530,2025-11-26,Ms. Cheryl Black,Iselin,Perfume,Fashion,1,29.99,29.99,UPI
C2531,O12531,2026-01-09,Corey Buckley,Iselin,Cricket Bat,Sports,4,79.99,319.96,Credit Card
C2532,O12532,2025-06-17,David Oconnell,Newark,USB Cable,Electronics,3,5.99,17.97,Cash
C2533,O12533,2025-10-08,Heather Mcguire,Newark,Water Bottle,Sports,2,9.99,19.98,UPI
C2534,O12534,2026-02-17,Stephanie Harris,Edison,Hair Dryer,Home Appliances,5,29.99,149.95,Credit Card
C2535,O12535,2025-06-20,Harry Acosta,Woodbridge,Smartwatch,Electronics,5,149.99,749.95,Credit Card
C2536,O12536,2025-06-25,Linda Armstrong,Iselin,Cricket Bat,Sports,2,79.99,159.98,Cash
C2537,O12537,2026-02-09,Jason Clark,Iselin,Table Lamp,Home Decor,3,14.99,44.97,Cash
C2538,O12538,2026-01-15,Mary Arnold,Iselin,Office Chair,Furniture,3,89.99,269.97,Credit Card
C2539,O12539,2025-12-06,Lisa Rogers,Iselin,Hair Dryer,Home Appliances,2,29.99,59.98,UPI
C2540,O12540,2025-07-26,Angelica Church,Iselin,Wall Clock,Home Decor,2,19.99,39.98,Credit Card
C2541,O12541,2026-01-22,Steve Quinn,Jersey City,Running Shoes,Fashion,2,59.99,119.98,Debit Card
C2542,O12542,2026-03-10,Felicia Jones,Iselin,Wireless Earbuds,Electronics,5,49.99,249.95,Debit Card
C2543,O12543,2025-07-07,Kayla Bond,Newark,Wall Clock,Home Decor,2,19.99,39.98,Cash
C2544,O12544,2026-04-19,Ashley Goodman,Newark,Cricket Bat,Sports,3,79.99,239.97,Cash
C2545,O12545,2025-07-14,James Smith,Edison,Perfume,Fashion,5,29.99,149.95,UPI
C2546,O12546,2026-02-06,Veronica Romero,Jersey City,Perfume,Fashion,1,29.99,29.99,Debit Card
C2547,O12547,2026-06-12,Michelle Campbell,Jersey City,Water Bottle,Sports,3,9.99,29.97,Cash
C2548,O12548,2026-02-03,Casey Burns,Woodbridge,Cricket Bat,Sports,3,79.99,239.97,Credit Card
C2549,O12549,2025-06-23,Debra Bauer,Iselin,Wireless Earbuds,Electronics,5,49.99,249.95,Credit Card
C2550,O12550,2025-12-28,Edward Wright,Newark,Perfume,Fashion,2,29.99,59.98,Debit Card
C2551,O12551,2026-03-08,Lindsey Riley,Woodbridge,USB Cable,Electronics,1,5.99,5.99,Debit Card
C2552,O12552,2026-02-23,Katelyn Dougherty,Woodbridge,Water Bottle,Sports,2,9.99,19.98,Cash
C2553,O12553,2026-06-02,Dean Barton,Edison,LED Monitor,Electronics,4,129.99,519.96,Debit Card
C2554,O12554,2026-03-05,Denise Butler,Edison,Coffee Maker,Home Appliances,5,79.99,399.95,Debit Card
C2555,O12555,2025-08-24,Elizabeth Warner,Edison,Running Shoes,Fashion,1,59.99,59.99,Credit Card
C2556,O12556,2026-02-05,Justin Craig,Edison,USB Cable,Electronics,3,5.99,17.97,Debit Card
C2557,O12557,2025-10-30,David Potts,Iselin,Office Chair,Furniture,2,89.99,179.98,UPI
C2558,O12558,2025-11-27,Lawrence Simmons,Newark,Hair Dryer,Home Appliances,1,29.99,29.99,Cash
C2559,O12559,2026-06-09,Jennifer Cunningham,Edison,USB Cable,Electronics,4,5.99,23.96,Cash
C2560,O12560,2025-08-26,Michael Myers,Edison,LED Monitor,Electronics,4,129.99,519.96,Credit Card
C2561,O12561,2025-06-29,Sherri Stafford,Woodbridge,Hair Dryer,Home Appliances,2,29.99,59.98,Cash
C2562,O12562,2025-12-15,Brittany Horne,Newark,Wireless Earbuds,Electronics,5,49.99,249.95,Debit Card
C2563,O12563,2026-01-18,Tracey Robinson,Edison,Wireless Earbuds,Electronics,4,49.99,199.96,UPI
C2564,O12564,2025-08-15,Katie Gibson,Edison,Running Shoes,Fashion,5,59.99,299.95,UPI
C2565,O12565,2025-11-14,Lori Brown,Newark,Wall Clock,Home Decor,5,19.99,99.95,Debit Card
C2566,O12566,2025-07-18,Barry Cook,Newark,Wall Clock,Home Decor,5,19.99,99.95,UPI
C2567,O12567,2025-11-25,Judy Baker DDS,Edison,LED Monitor,Electronics,5,129.99,649.95,UPI
C2568,O12568,2026-02-28,Jonathan Smith,Newark,Water Bottle,Sports,2,9.99,19.98,Cash
C2569,O12569,2025-07-05,Jeremy Chavez,Newark,LED Monitor,Electronics,1,129.99,129.99,Cash
C2570,O12570,2026-01-04,Denise Bryan,Jersey City,LED Monitor,Electronics,5,129.99,649.95,Debit Card
C2571,O12571,2025-12-27,Dustin Perez,Edison,Keyboard,Electronics,4,24.99,99.96,Cash
C2572,O12572,2026-02-02,Robert Holmes,Jersey City,Keyboard,Electronics,5,24.99,124.95,Debit Card
C2573,O12573,2025-11-01,Holly Reyes,Jersey City,Water Bottle,Sports,4,9.99,39.96,UPI
C2574,O12574,2025-08-01,Emily Banks,Edison,Treadmill,Sports,3,399.99,1199.97,UPI
C2575,O12575,2025-07-31,Shannon Walters,Newark,Blender,Home Appliances,1,49.99,49.99,Credit Card
C2576,O12576,2025-08-27,Joshua Weaver,Newark,Office Chair,Furniture,2,89.99,179.98,UPI
C2577,O12577,2025-07-05,Alan Bruce,Iselin,Running Shoes,Fashion,1,59.99,59.99,UPI
C2578,O12578,2026-01-09,John Gibson,Woodbridge,Blender,Home Appliances,4,49.99,199.96,Credit Card
C2579,O12579,2025-11-30,Michael Rodriguez,Edison,Water Bottle,Sports,3,9.99,29.97,Credit Card
C2580,O12580,2025-09-20,Angela Mendez,Jersey City,Desk Organizer,Stationery,2,7.99,15.98,Credit Card
C2581,O12581,2025-12-19,Mark Morris,Edison,Wireless Mouse,Electronics,1,19.99,19.99,Credit Card
C2582,O12582,2025-11-20,Jennifer Miller,Iselin,Hair Dryer,Home Appliances,4,29.99,119.96,Credit Card
C2583,O12583,2026-04-01,Lori Kelly,Iselin,LED Monitor,Electronics,5,129.99,649.95,Credit Card
C2584,O12584,2025-06-18,Theresa Edwards,Edison,Water Bottle,Sports,2,9.99,19.98,Cash
C2585,O12585,2026-03-11,Jeremy Schmidt,Woodbridge,Office Chair,Furniture,5,89.99,449.95,Credit Card
C2586,O12586,2025-10-27,Matthew Salas,Newark,Table Lamp,Home Decor,2,14.99,29.98,Credit Card
C2587,O12587,2025-12-09,Brian Garcia,Newark,Keyboard,Electronics,5,24.99,124.95,Credit Card
C2588,O12588,2025-06-30,Mrs. Sharon Dean,Jersey City,Running Shoes,Fashion,3,59.99,179.97,Debit Card
C2589,O12589,2025-10-05,Julia Wallace,Jersey City,Wireless Mouse,Electronics,3,19.99,59.97,Debit Card
C2590,O12590,2025-07-01,Tamara Ruiz,Jersey City,Table Lamp,Home Decor,5,14.99,74.95,Cash
C2591,O12591,2025-07-04,Edwin Cain,Woodbridge,Running Shoes,Fashion,2,59.99,119.98,Cash
C2592,O12592,2025-11-30,Casey Harris,Edison,Backpack,Fashion,4,39.99,159.96,Cash
C2593,O12593,2025-07-10,Tonya Harris,Iselin,Office Chair,Furniture,4,89.99,359.96,Cash
C2594,O12594,2026-02-04,Autumn Garner,Jersey City,Wireless Earbuds,Electronics,1,49.99,49.99,Debit Card
C2595,O12595,2026-01-12,Gregory Miller,Iselin,Wall Clock,Home Decor,4,19.99,79.96,Credit Card
C2596,O12596,2025-08-15,Julie Riley,Iselin,Cricket Bat,Sports,4,79.99,319.96,Debit Card
C2597,O12597,2026-01-04,Ian Lewis,Jersey City,Backpack,Fashion,2,39.99,79.98,Cash
C2598,O12598,2025-10-03,Kenneth Ferguson,Jersey City,Coffee Maker,Home Appliances,1,79.99,79.99,Credit Card
C2599,O12599,2026-06-11,Laurie Huber,Newark,Cricket Bat,Sports,2,79.99,159.98,Debit Card
C2600,O12600,2026-03-21,William Goodman,Woodbridge,Water Bottle,Sports,1,9.99,9.99,UPI
C2601,O12601,2025-12-09,Brandon Valdez,Edison,Notebook Pack,Stationery,3,3.99,11.97,Debit Card
C2602,O12602,2026-02-12,Richard Martin,Iselin,Desk Organizer,Stationery,5,7.99,39.95,Cash
C2603,O12603,2026-01-31,Jordan Mayer,Edison,Keyboard,Electronics,1,24.99,24.99,UPI
C2604,O12604,2025-09-09,Alexandra Stokes,Iselin,Smartwatch,Electronics,3,149.99,449.97,Cash
C2605,O12605,2026-04-19,Dr. Brian Green,Edison,Wireless Mouse,Electronics,2,19.99,39.98,Cash
C2606,O12606,2026-04-17,Joshua Thomas,Jersey City,Wireless Mouse,Electronics,1,19.99,19.99,UPI
C2607,O12607,2026-03-24,Natalie Miller,Woodbridge,USB Cable,Electronics,4,5.99,23.96,Debit Card
C2608,O12608,2026-02-23,Eric Browning,Newark,Perfume,Fashion,5,29.99,149.95,UPI
C2609,O12609,2025-10-08,Breanna Bell,Woodbridge,Smartwatch,Electronics,1,149.99,149.99,Credit Card
C2610,O12610,2025-09-29,Katherine White,Woodbridge,Treadmill,Sports,1,399.99,399.99,Cash
C2611,O12611,2026-01-04,Sarah Holt,Iselin,Water Bottle,Sports,5,9.99,49.95,Debit Card
C2612,O12612,2026-05-29,William Morrison,Edison,Cricket Bat,Sports,3,79.99,239.97,Cash
C2613,O12613,2025-09-26,Jeremy Ramirez,Iselin,Cricket Bat,Sports,1,79.99,79.99,Debit Card
C2614,O12614,2025-07-23,Kevin Mcgee,Iselin,Smartwatch,Electronics,2,149.99,299.98,Debit Card
C2615,O12615,2025-12-11,William Chambers,Jersey City,Cricket Bat,Sports,1,79.99,79.99,Debit Card
C2616,O12616,2026-02-15,Mary Bowman,Edison,Wall Clock,Home Decor,3,19.99,59.97,UPI
C2617,O12617,2026-01-20,Lydia Goodman,Iselin,Keyboard,Electronics,4,24.99,99.96,Cash
C2618,O12618,2025-06-17,James Lowe,Jersey City,Hair Dryer,Home Appliances,2,29.99,59.98,Debit Card
C2619,O12619,2025-06-25,Faith Fernandez,Jersey City,LED Monitor,Electronics,5,129.99,649.95,Debit Card
C2620,O12620,2025-12-11,Amanda Diaz,Jersey City,Treadmill,Sports,3,399.99,1199.97,Debit Card
C2621,O12621,2025-10-16,Chad Wall,Newark,Wall Clock,Home Decor,5,19.99,99.95,Debit Card
C2622,O12622,2026-02-15,Michael Jones,Jersey City,Blender,Home Appliances,4,49.99,199.96,Cash
C2623,O12623,2025-07-21,Ashley Hale,Woodbridge,LED Monitor,Electronics,5,129.99,649.95,Debit Card
C2624,O12624,2025-08-10,Sarah Wilson,Edison,Wireless Earbuds,Electronics,1,49.99,49.99,Cash
C2625,O12625,2025-12-27,Steve Long,Edison,Running Shoes,Fashion,5,59.99,299.95,Cash
C2626,O12626,2025-06-17,Cynthia Johnson,Woodbridge,Running Shoes,Fashion,5,59.99,299.95,Cash
C2627,O12627,2026-03-17,Jacob Hunt,Newark,Blender,Home Appliances,5,49.99,249.95,UPI
C2628,O12628,2026-06-11,Stephanie Bennett,Edison,Cricket Bat,Sports,2,79.99,159.98,Credit Card
C2629,O12629,2026-05-14,Karen Page,Woodbridge,Cricket Bat,Sports,4,79.99,319.96,Credit Card
C2630,O12630,2026-02-13,Robert Rocha,Woodbridge,Blender,Home Appliances,3,49.99,149.97,Debit Card
C2631,O12631,2025-09-27,Amber Hahn,Woodbridge,Cricket Bat,Sports,4,79.99,319.96,Debit Card
C2632,O12632,2025-07-08,Amanda Bray,Jersey City,Office Chair,Furniture,3,89.99,269.97,Credit Card
C2633,O12633,2026-01-15,Erika Robinson,Newark,Wireless Mouse,Electronics,1,19.99,19.99,Credit Card
C2634,O12634,2026-04-15,Mary Robinson,Woodbridge,USB Cable,Electronics,5,5.99,29.95,Credit Card
C2635,O12635,2025-07-09,Ashley Shaffer,Iselin,Wall Clock,Home Decor,1,19.99,19.99,Debit Card
C2636,O12636,2025-12-20,Marvin Griffin,Newark,Blender,Home Appliances,4,49.99,199.96,Cash
C2637,O12637,2026-03-14,Derek Lewis,Woodbridge,USB Cable,Electronics,1,5.99,5.99,Credit Card
C2638,O12638,2025-10-28,Robert Wright,Woodbridge,USB Cable,Electronics,3,5.99,17.97,UPI
C2639,O12639,2025-10-18,Ashley Pearson,Iselin,Perfume,Fashion,1,29.99,29.99,UPI
C2640,O12640,2025-08-28,Curtis Cox,Woodbridge,Wall Clock,Home Decor,3,19.99,59.97,Debit Card
C2641,O12641,2025-09-17,Courtney Gibson,Jersey City,Running Shoes,Fashion,4,59.99,239.96,Debit Card
C2642,O12642,2025-06-26,Charles Turner,Jersey City,Wireless Mouse,Electronics,3,19.99,59.97,Cash
C2643,O12643,2026-05-20,Eduardo Perry,Woodbridge,Office Chair,Furniture,2,89.99,179.98,Cash
C2644,O12644,2025-07-08,Amber Robbins,Jersey City,Notebook Pack,Stationery,1,3.99,3.99,Debit Card
C2645,O12645,2025-12-20,Joseph Fritz,Edison,Notebook Pack,Stationery,1,3.99,3.99,Cash
C2646,O12646,2026-05-04,Cody Flores,Jersey City,Treadmill,Sports,2,399.99,799.98,UPI
C2647,O12647,2025-11-21,Chris Dixon,Iselin,Wireless Mouse,Electronics,2,19.99,39.98,Debit Card
C2648,O12648,2025-11-20,Mrs. Cynthia Hill,Iselin,Office Chair,Furniture,5,89.99,449.95,UPI
C2649,O12649,2026-03-19,Ronnie Adams,Edison,Wireless Earbuds,Electronics,3,49.99,149.97,Debit Card
C2650,O12650,2026-02-01,Michael Gamble,Jersey City,Water Bottle,Sports,5,9.99,49.95,Cash
C2651,O12651,2025-12-06,Matthew Phillips,Edison,Running Shoes,Fashion,2,59.99,119.98,UPI
C2652,O12652,2025-10-30,Tina Lawrence,Jersey City,Hair Dryer,Home Appliances,4,29.99,119.96,UPI
C2653,O12653,2026-05-26,David Collins,Iselin,Treadmill,Sports,5,399.99,1999.95,UPI
C2654,O12654,2025-07-01,Brian Brown,Jersey City,Keyboard,Electronics,1,24.99,24.99,Cash
C2655,O12655,2025-11-09,Elizabeth Deleon,Woodbridge,Wireless Earbuds,Electronics,4,49.99,199.96,Credit Card
C2656,O12656,2025-07-21,Hunter Davis,Jersey City,Smartwatch,Electronics,2,149.99,299.98,Debit Card
C2657,O12657,2026-04-15,Mary Mclaughlin,Jersey City,Keyboard,Electronics,4,24.99,99.96,Debit Card
C2658,O12658,2026-01-27,Monica Hubbard,Newark,Keyboard,Electronics,3,24.99,74.97,UPI
C2659,O12659,2026-03-06,Jessica Rios,Newark,Water Bottle,Sports,5,9.99,49.95,UPI
C2660,O12660,2025-10-23,Emily Cook,Iselin,Cricket Bat,Sports,4,79.99,319.96,Debit Card
C2661,O12661,2026-02-17,Nicole Rodriguez,Jersey City,Perfume,Fashion,4,29.99,119.96,Debit Card
C2662,O12662,2025-08-01,Austin Roberson,Edison,Table Lamp,Home Decor,5,14.99,74.95,Cash
C2663,O12663,2026-03-23,Valerie Brown,Woodbridge,Notebook Pack,Stationery,1,3.99,3.99,Credit Card
C2664,O12664,2025-11-19,Anthony Tyler,Woodbridge,Desk Organizer,Stationery,3,7.99,23.97,UPI
C2665,O12665,2025-08-30,Thomas Rodriguez,Jersey City,USB Cable,Electronics,2,5.99,11.98,Credit Card
C2666,O12666,2025-11-14,Sarah Thomas,Newark,Perfume,Fashion,1,29.99,29.99,Credit Card
C2667,O12667,2026-05-20,Juan Smith,Iselin,Hair Dryer,Home Appliances,3,29.99,89.97,Debit Card
C2668,O12668,2026-01-12,Deborah Jacobs,Woodbridge,Blender,Home Appliances,4,49.99,199.96,Debit Card
C2669,O12669,2026-06-13,Stacy Diaz,Jersey City,Table Lamp,Home Decor,2,14.99,29.98,Cash
C2670,O12670,2025-08-20,Jack Mullins,Jersey City,Backpack,Fashion,2,39.99,79.98,UPI
C2671,O12671,2025-08-29,Kathy Frey,Newark,Treadmill,Sports,5,399.99,1999.95,UPI
C2672,O12672,2026-01-04,Patrick Dodson,Edison,Cricket Bat,Sports,3,79.99,239.97,Cash
C2673,O12673,2026-05-16,Jacqueline Howard,Jersey City,Treadmill,Sports,3,399.99,1199.97,Debit Card
C2674,O12674,2025-10-16,Brandon Scott,Edison,Running Shoes,Fashion,1,59.99,59.99,UPI
C2675,O12675,2025-07-27,Helen Crane,Jersey City,LED Monitor,Electronics,3,129.99,389.97,Cash
C2676,O12676,2025-07-16,Erin Nguyen,Jersey City,Cricket Bat,Sports,5,79.99,399.95,UPI
C2677,O12677,2025-08-10,Karen Hayes,Newark,LED Monitor,Electronics,1,129.99,129.99,Debit Card
C2678,O12678,2026-05-02,Matthew Ramirez,Iselin,Office Chair,Furniture,1,89.99,89.99,Debit Card
C2679,O12679,2025-10-20,Kelly Rodriguez,Newark,Blender,Home Appliances,1,49.99,49.99,Debit Card
C2680,O12680,2026-05-23,Angel Lynch,Woodbridge,Wireless Earbuds,Electronics,5,49.99,249.95,Credit Card
C2681,O12681,2026-01-12,Jessica Graves,Iselin,Perfume,Fashion,4,29.99,119.96,Cash
C2682,O12682,2026-03-19,William Rasmussen,Edison,Wireless Mouse,Electronics,2,19.99,39.98,Cash
C2683,O12683,2025-10-27,Meagan Miller,Newark,Wireless Mouse,Electronics,4,19.99,79.96,Debit Card
C2684,O12684,2026-05-08,Heather Cantrell,Jersey City,Smartwatch,Electronics,1,149.99,149.99,Credit Card
C2685,O12685,2025-11-09,Mrs. Joyce Moody,Iselin,Smartwatch,Electronics,2,149.99,299.98,UPI
C2686,O12686,2025-11-22,Christopher Brock,Newark,Treadmill,Sports,2,399.99,799.98,UPI
C2687,O12687,2025-07-07,Kellie Rodriguez,Woodbridge,Smartwatch,Electronics,3,149.99,449.97,Debit Card
C2688,O12688,2025-09-03,Steven Parker,Newark,Water Bottle,Sports,1,9.99,9.99,Cash
C2689,O12689,2026-01-14,Richard Richardson,Woodbridge,Office Chair,Furniture,5,89.99,449.95,Cash
C2690,O12690,2026-03-05,Richard Williams,Iselin,Wireless Earbuds,Electronics,4,49.99,199.96,UPI
C2691,O12691,2026-04-08,Bruce Stanley,Iselin,LED Monitor,Electronics,1,129.99,129.99,Cash
C2692,O12692,2026-04-05,Kaitlyn Miller,Woodbridge,Blender,Home Appliances,3,49.99,149.97,Debit Card
C2693,O12693,2026-01-31,Annette Blackwell,Woodbridge,Cricket Bat,Sports,4,79.99,319.96,Debit Card
C2694,O12694,2025-12-09,Randy Huffman,Woodbridge,Wall Clock,Home Decor,3,19.99,59.97,Cash
C2695,O12695,2026-05-08,Nathan Crawford,Woodbridge,Smartwatch,Electronics,3,149.99,449.97,Debit Card
C2696,O12696,2025-11-26,Carol Black,Edison,Cricket Bat,Sports,3,79.99,239.97,Cash
C2697,O12697,2026-03-15,Crystal Davis,Newark,Blender,Home Appliances,1,49.99,49.99,Debit Card
C2698,O12698,2025-07-09,Peter Gomez,Newark,Running Shoes,Fashion,2,59.99,119.98,Credit Card
C2699,O12699,2026-06-14,Kimberly Mccoy,Jersey City,Wireless Earbuds,Electronics,5,49.99,249.95,Debit Card
C2700,O12700,2026-01-24,Austin Brown,Woodbridge,Desk Organizer,Stationery,2,7.99,15.98,Cash
C2701,O12701,2026-03-22,Zachary Peters,Newark,Perfume,Fashion,1,29.99,29.99,UPI
C2702,O12702,2026-05-13,Raymond Griffin,Jersey City,Wireless Mouse,Electronics,1,19.99,19.99,Debit Card
C2703,O12703,2026-02-15,Anthony Hood,Jersey City,USB Cable,Electronics,5,5.99,29.95,Cash
C2704,O12704,2025-07-28,Michelle Solomon,Woodbridge,Treadmill,Sports,3,399.99,1199.97,Credit Card
C2705,O12705,2026-06-14,Tyler Haney,Edison,Office Chair,Furniture,2,89.99,179.98,UPI
C2706,O12706,2025-10-20,Krista Gillespie,Newark,Running Shoes,Fashion,2,59.99,119.98,Cash
C2707,O12707,2026-01-29,Sean Fuentes,Edison,Table Lamp,Home Decor,5,14.99,74.95,Debit Card
C2708,O12708,2026-01-24,Jared Rodgers,Newark,Treadmill,Sports,5,399.99,1999.95,UPI
C2709,O12709,2025-11-11,Sarah Tapia,Iselin,Office Chair,Furniture,3,89.99,269.97,Cash
C2710,O12710,2026-03-05,Julie Arnold,Iselin,Running Shoes,Fashion,4,59.99,239.96,UPI
C2711,O12711,2025-09-07,Mary Christian,Jersey City,Smartwatch,Electronics,2,149.99,299.98,Debit Card
C2712,O12712,2025-12-06,Theresa Wolfe,Edison,Notebook Pack,Stationery,4,3.99,15.96,Cash
C2713,O12713,2025-12-21,Rose Krueger,Iselin,Blender,Home Appliances,4,49.99,199.96,UPI
C2714,O12714,2025-11-13,Michael Callahan,Iselin,Smartwatch,Electronics,3,149.99,449.97,Credit Card
C2715,O12715,2026-04-17,Elizabeth Long,Edison,Water Bottle,Sports,2,9.99,19.98,UPI
C2716,O12716,2025-11-11,Chad Goodman,Iselin,Desk Organizer,Stationery,4,7.99,31.96,UPI
C2717,O12717,2025-10-17,Timothy Mason,Jersey City,Treadmill,Sports,5,399.99,1999.95,UPI
C2718,O12718,2025-09-14,Joel Galloway,Jersey City,Smartwatch,Electronics,4,149.99,599.96,Cash
C2719,O12719,2025-12-05,Jessica Vargas,Woodbridge,Cricket Bat,Sports,4,79.99,319.96,Credit Card
C2720,O12720,2025-08-26,Joshua Palmer,Edison,Wall Clock,Home Decor,4,19.99,79.96,Credit Card
C2721,O12721,2026-01-29,Jeffrey Gomez,Jersey City,Running Shoes,Fashion,4,59.99,239.96,Debit Card
C2722,O12722,2026-01-19,Richard Richardson,Iselin,Running Shoes,Fashion,3,59.99,179.97,Credit Card
C2723,O12723,2026-04-18,Brenda Aguilar,Woodbridge,Desk Organizer,Stationery,5,7.99,39.95,Credit Card
C2724,O12724,2025-08-04,Tricia Williams,Jersey City,Wall Clock,Home Decor,2,19.99,39.98,UPI
C2725,O12725,2026-04-22,Chase Tapia,Jersey City,Table Lamp,Home Decor,4,14.99,59.96,Cash
C2726,O12726,2025-10-04,Joe Barnes,Jersey City,Smartwatch,Electronics,2,149.99,299.98,Credit Card
C2727,O12727,2026-01-20,Rachel Young,Woodbridge,Water Bottle,Sports,1,9.99,9.99,Credit Card
C2728,O12728,2025-09-28,Kenneth Miller,Jersey City,Coffee Maker,Home Appliances,5,79.99,399.95,Debit Card
C2729,O12729,2026-04-26,Anthony Cruz,Iselin,Backpack,Fashion,1,39.99,39.99,UPI
C2730,O12730,2026-03-30,Kyle Higgins,Woodbridge,Smartwatch,Electronics,1,149.99,149.99,Debit Card
C2731,O12731,2026-01-24,Ryan Mosley,Edison,Wall Clock,Home Decor,2,19.99,39.98,UPI
C2732,O12732,2026-01-16,Janice Myers,Newark,Office Chair,Furniture,1,89.99,89.99,Cash
C2733,O12733,2026-04-26,Olivia Smith,Newark,Water Bottle,Sports,2,9.99,19.98,Credit Card
C2734,O12734,2025-06-16,Ryan Clarke,Iselin,Smartwatch,Electronics,5,149.99,749.95,UPI
C2735,O12735,2025-08-21,Alexander Austin,Woodbridge,Office Chair,Furniture,1,89.99,89.99,Credit Card
C2736,O12736,2026-04-20,Alexander Johnson,Iselin,Smartwatch,Electronics,3,149.99,449.97,Credit Card
C2737,O12737,2025-12-23,Joshua Burke,Edison,Desk Organizer,Stationery,3,7.99,23.97,Cash
C2738,O12738,2025-11-22,Timothy Cox,Iselin,USB Cable,Electronics,2,5.99,11.98,Credit Card
C2739,O12739,2025-06-25,Kenneth Escobar,Newark,Coffee Maker,Home Appliances,4,79.99,319.96,Debit Card
C2740,O12740,2025-07-23,Jessica Mercado,Newark,Desk Organizer,Stationery,2,7.99,15.98,UPI
C2741,O12741,2025-11-07,Jonathan Johnston,Woodbridge,Coffee Maker,Home Appliances,5,79.99,399.95,Cash
C2742,O12742,2026-05-29,Danielle Andrews,Woodbridge,Blender,Home Appliances,5,49.99,249.95,Credit Card
C2743,O12743,2026-04-05,Justin Jacobson,Edison,Backpack,Fashion,3,39.99,119.97,Debit Card
C2744,O12744,2025-11-09,Jennifer Rush,Newark,Notebook Pack,Stationery,2,3.99,7.98,Cash
C2745,O12745,2025-08-10,Rebecca Barr,Edison,Keyboard,Electronics,3,24.99,74.97,Credit Card
C2746,O12746,2025-06-20,Emily King,Woodbridge,Water Bottle,Sports,2,9.99,19.98,Cash
C2747,O12747,2025-06-18,Jason Jones,Iselin,Table Lamp,Home Decor,4,14.99,59.96,UPI
C2748,O12748,2025-12-29,Julian Harrison,Newark,Office Chair,Furniture,3,89.99,269.97,Cash
C2749,O12749,2026-06-06,Kenneth Rich,Iselin,Desk Organizer,Stationery,2,7.99,15.98,Credit Card
C2750,O12750,2025-06-23,Mr. Mark Huffman,Jersey City,LED Monitor,Electronics,3,129.99,389.97,UPI
C2751,O12751,2025-11-01,Jenna Stewart,Edison,Hair Dryer,Home Appliances,5,29.99,149.95,Debit Card
C2752,O12752,2026-02-17,Patricia Cobb,Edison,Wireless Earbuds,Electronics,3,49.99,149.97,Cash
C2753,O12753,2025-07-19,Thomas Patton,Jersey City,Cricket Bat,Sports,5,79.99,399.95,Debit Card
C2754,O12754,2026-05-14,Joshua Davis,Newark,Perfume,Fashion,5,29.99,149.95,Credit Card
C2755,O12755,2026-05-26,Christopher Bonilla,Woodbridge,Table Lamp,Home Decor,5,14.99,74.95,UPI
C2756,O12756,2026-02-24,Jennifer Rodriguez,Jersey City,Table Lamp,Home Decor,4,14.99,59.96,Cash
C2757,O12757,2026-04-26,Susan Robinson,Iselin,Wall Clock,Home Decor,4,19.99,79.96,UPI
C2758,O12758,2025-11-25,Jane Hill,Iselin,Hair Dryer,Home Appliances,4,29.99,119.96,Cash
C2759,O12759,2025-09-03,Wendy Griffith,Newark,Perfume,Fashion,5,29.99,149.95,Credit Card
C2760,O12760,2025-12-01,Maria Pierce,Iselin,Hair Dryer,Home Appliances,1,29.99,29.99,Debit Card
C2761,O12761,2026-04-14,Allison Mays,Edison,Cricket Bat,Sports,1,79.99,79.99,Credit Card
C2762,O12762,2026-02-19,Christine Pacheco,Newark,Treadmill,Sports,1,399.99,399.99,Debit Card
C2763,O12763,2025-11-11,Mary Rollins,Edison,Backpack,Fashion,3,39.99,119.97,Credit Card
C2764,O12764,2026-04-26,David Barrett,Edison,Office Chair,Furniture,2,89.99,179.98,UPI
C2765,O12765,2026-03-02,Angela Murphy,Edison,Treadmill,Sports,3,399.99,1199.97,Credit Card
C2766,O12766,2026-06-01,Anthony Walton,Iselin,Keyboard,Electronics,5,24.99,124.95,Cash
C2767,O12767,2025-09-30,Jessica Jordan,Edison,Treadmill,Sports,2,399.99,799.98,Debit Card
C2768,O12768,2026-02-06,Norma Daugherty,Iselin,Cricket Bat,Sports,4,79.99,319.96,UPI
C2769,O12769,2026-01-28,Gary Fleming,Jersey City,Desk Organizer,Stationery,4,7.99,31.96,UPI
C2770,O12770,2025-08-24,Morgan Collins,Edison,Notebook Pack,Stationery,2,3.99,7.98,UPI
C2771,O12771,2025-06-20,Joseph Hernandez,Iselin,Perfume,Fashion,2,29.99,59.98,UPI
C2772,O12772,2025-08-14,Jamie Perez,Newark,Office Chair,Furniture,2,89.99,179.98,Debit Card
C2773,O12773,2026-05-08,Rhonda Hess,Edison,Treadmill,Sports,3,399.99,1199.97,Cash
C2774,O12774,2025-09-07,Ashley Miller,Iselin,Smartwatch,Electronics,2,149.99,299.98,Debit Card
C2775,O12775,2026-05-14,Jeffrey Pitts,Newark,Backpack,Fashion,4,39.99,159.96,UPI
C2776,O12776,2026-05-18,Angela Mcintosh,Newark,Treadmill,Sports,3,399.99,1199.97,UPI
C2777,O12777,2025-10-28,Sarah Greer,Jersey City,Water Bottle,Sports,3,9.99,29.97,UPI
C2778,O12778,2026-03-31,Charlene Murphy,Woodbridge,Notebook Pack,Stationery,3,3.99,11.97,UPI
C2779,O12779,2025-09-22,Regina Anderson,Woodbridge,Table Lamp,Home Decor,2,14.99,29.98,Cash
C2780,O12780,2025-07-16,Sandy Melendez,Newark,Cricket Bat,Sports,5,79.99,399.95,Credit Card
C2781,O12781,2026-03-17,Diane Smith,Woodbridge,Perfume,Fashion,2,29.99,59.98,Cash
C2782,O12782,2025-09-28,Catherine Johnson,Woodbridge,Cricket Bat,Sports,4,79.99,319.96,UPI
C2783,O12783,2026-04-29,David Arias,Edison,LED Monitor,Electronics,2,129.99,259.98,Credit Card
C2784,O12784,2025-11-13,Ricardo Mason,Woodbridge,Keyboard,Electronics,1,24.99,24.99,Debit Card
C2785,O12785,2026-03-12,Michelle Carroll,Woodbridge,Keyboard,Electronics,4,24.99,99.96,UPI
C2786,O12786,2025-10-27,Julia Mendoza,Jersey City,Office Chair,Furniture,3,89.99,269.97,Cash
C2787,O12787,2025-06-17,Brandy Stevenson,Woodbridge,Wireless Earbuds,Electronics,5,49.99,249.95,UPI
C2788,O12788,2026-03-28,Willie Thomas,Edison,Keyboard,Electronics,3,24.99,74.97,Debit Card
C2789,O12789,2026-02-08,Kelly Johnson,Edison,Hair Dryer,Home Appliances,3,29.99,89.97,Cash
C2790,O12790,2026-05-30,Bradley Johnson,Iselin,USB Cable,Electronics,4,5.99,23.96,Cash
C2791,O12791,2026-02-04,Dawn Roman,Edison,Cricket Bat,Sports,4,79.99,319.96,Credit Card
C2792,O12792,2025-12-27,Gary Dixon,Edison,Wireless Earbuds,Electronics,5,49.99,249.95,Credit Card
C2793,O12793,2025-11-17,Sarah Boyd,Newark,Backpack,Fashion,3,39.99,119.97,Cash
C2794,O12794,2026-05-05,Linda May,Jersey City,Treadmill,Sports,4,399.99,1599.96,UPI
C2795,O12795,2026-06-14,Daniel Hodge,Newark,Desk Organizer,Stationery,4,7.99,31.96,Cash
C2796,O12796,2025-12-20,Amanda Garrison,Newark,Treadmill,Sports,5,399.99,1999.95,Cash
C2797,O12797,2026-02-12,Craig Johnson,Jersey City,Coffee Maker,Home Appliances,2,79.99,159.98,UPI
C2798,O12798,2025-07-25,Isaac Williams,Iselin,Blender,Home Appliances,2,49.99,99.98,Debit Card
C2799,O12799,2026-03-11,Paul Walter,Newark,Table Lamp,Home Decor,4,14.99,59.96,UPI
C2800,O12800,2026-02-10,Jacob Henson,Woodbridge,Running Shoes,Fashion,4,59.99,239.96,Cash
C2801,O12801,2025-11-17,Jill Atkinson,Jersey City,Backpack,Fashion,4,39.99,159.96,Debit Card
C2802,O12802,2026-03-12,James Dickson,Newark,Wireless Earbuds,Electronics,2,49.99,99.98,Debit Card
C2803,O12803,2025-12-22,Jake Hernandez,Edison,Backpack,Fashion,5,39.99,199.95,Cash
C2804,O12804,2026-02-17,Donna Downs,Newark,Office Chair,Furniture,3,89.99,269.97,Cash
C2805,O12805,2025-06-17,Tiffany Todd,Iselin,Wireless Mouse,Electronics,3,19.99,59.97,UPI
C2806,O12806,2025-06-14,Michaela Martin,Iselin,LED Monitor,Electronics,3,129.99,389.97,Credit Card
C2807,O12807,2026-02-03,Shelly Nguyen,Jersey City,Blender,Home Appliances,1,49.99,49.99,Debit Card
C2808,O12808,2026-02-21,Jordan Gonzalez,Iselin,Cricket Bat,Sports,1,79.99,79.99,Credit Card
C2809,O12809,2025-12-03,Steven Perkins,Iselin,Smartwatch,Electronics,2,149.99,299.98,Credit Card
C2810,O12810,2026-05-31,Jim Ray,Woodbridge,Wall Clock,Home Decor,3,19.99,59.97,Credit Card
C2811,O12811,2025-09-29,Timothy Allison,Jersey City,Keyboard,Electronics,5,24.99,124.95,UPI
C2812,O12812,2025-06-15,James Green,Woodbridge,Running Shoes,Fashion,5,59.99,299.95,Cash
C2813,O12813,2026-06-09,Henry Manning,Newark,Running Shoes,Fashion,2,59.99,119.98,Debit Card
C2814,O12814,2026-04-16,Rebecca Burgess,Woodbridge,Notebook Pack,Stationery,3,3.99,11.97,UPI
C2815,O12815,2025-06-23,Bradley Brown,Newark,Backpack,Fashion,3,39.99,119.97,Debit Card
C2816,O12816,2026-01-23,Mrs. Summer Luna,Edison,Treadmill,Sports,5,399.99,1999.95,UPI
C2817,O12817,2026-03-23,Morgan Shaw,Iselin,Hair Dryer,Home Appliances,1,29.99,29.99,Credit Card
C2818,O12818,2025-11-23,Beth Williams,Edison,Coffee Maker,Home Appliances,4,79.99,319.96,Cash
C2819,O12819,2026-01-13,Haley Johnson,Newark,Coffee Maker,Home Appliances,4,79.99,319.96,Cash
C2820,O12820,2025-12-10,William Alexander,Iselin,Table Lamp,Home Decor,1,14.99,14.99,Credit Card
C2821,O12821,2025-08-29,Kelly Brooks,Edison,Keyboard,Electronics,5,24.99,124.95,Cash
C2822,O12822,2025-12-09,Daniel Barber,Woodbridge,Hair Dryer,Home Appliances,4,29.99,119.96,Cash
C2823,O12823,2025-12-21,Rachel Lewis,Woodbridge,Smartwatch,Electronics,2,149.99,299.98,Cash
C2824,O12824,2026-01-31,Summer Gibbs,Newark,Backpack,Fashion,3,39.99,119.97,Cash
C2825,O12825,2025-08-11,Wanda Stuart,Woodbridge,Office Chair,Furniture,3,89.99,269.97,Debit Card
C2826,O12826,2025-12-19,Felicia Vasquez,Iselin,Cricket Bat,Sports,2,79.99,159.98,Cash
C2827,O12827,2025-06-15,Jessica Mccann,Jersey City,Backpack,Fashion,2,39.99,79.98,Debit Card
C2828,O12828,2026-03-29,Julie Lawson MD,Jersey City,Blender,Home Appliances,3,49.99,149.97,UPI
C2829,O12829,2026-02-27,Teresa Davis,Newark,Coffee Maker,Home Appliances,3,79.99,239.97,UPI
C2830,O12830,2025-08-11,Lori Dunn,Jersey City,Coffee Maker,Home Appliances,3,79.99,239.97,Credit Card
C2831,O12831,2026-05-06,Jason Thomas,Edison,Desk Organizer,Stationery,2,7.99,15.98,Credit Card
C2832,O12832,2026-02-28,Heather Hatfield,Newark,Treadmill,Sports,5,399.99,1999.95,Credit Card
C2833,O12833,2025-10-01,Megan Williams,Woodbridge,Wireless Earbuds,Electronics,2,49.99,99.98,Debit Card
C2834,O12834,2025-08-11,Cheryl Chavez,Woodbridge,Wall Clock,Home Decor,3,19.99,59.97,Credit Card
C2835,O12835,2026-01-09,Andrew White,Woodbridge,Keyboard,Electronics,3,24.99,74.97,UPI
C2836,O12836,2025-12-23,Robert Peters,Edison,Desk Organizer,Stationery,3,7.99,23.97,UPI
C2837,O12837,2026-01-02,Kayla Steele,Iselin,Table Lamp,Home Decor,5,14.99,74.95,Debit Card
C2838,O12838,2025-09-30,Jeffrey Dawson,Edison,Keyboard,Electronics,4,24.99,99.96,Debit Card
C2839,O12839,2026-04-28,Barbara Cook,Woodbridge,Smartwatch,Electronics,2,149.99,299.98,UPI
C2840,O12840,2026-06-10,Megan Barajas,Jersey City,Cricket Bat,Sports,2,79.99,159.98,Cash
C2841,O12841,2025-06-15,Jordan Murphy,Newark,Treadmill,Sports,5,399.99,1999.95,UPI
C2842,O12842,2026-04-05,Anthony Fuller,Iselin,Office Chair,Furniture,2,89.99,179.98,Debit Card
C2843,O12843,2025-08-28,Carolyn James,Edison,USB Cable,Electronics,3,5.99,17.97,Credit Card
C2844,O12844,2026-01-04,Kimberly Lee MD,Jersey City,Treadmill,Sports,5,399.99,1999.95,UPI
C2845,O12845,2025-07-05,Jennifer Taylor,Edison,Perfume,Fashion,3,29.99,89.97,UPI
C2846,O12846,2026-04-26,Jennifer Fisher,Woodbridge,LED Monitor,Electronics,5,129.99,649.95,Cash
C2847,O12847,2026-06-07,Scott Perry,Newark,Running Shoes,Fashion,1,59.99,59.99,UPI
C2848,O12848,2025-11-19,Jacqueline Torres,Newark,Notebook Pack,Stationery,3,3.99,11.97,UPI
C2849,O12849,2026-01-27,Daniel Smith III,Newark,Cricket Bat,Sports,3,79.99,239.97,Debit Card
C2850,O12850,2026-05-23,Jessica Morris,Iselin,Water Bottle,Sports,2,9.99,19.98,Credit Card
C2851,O12851,2025-08-22,Shawn Black,Jersey City,Wall Clock,Home Decor,1,19.99,19.99,Cash
C2852,O12852,2026-04-11,Sharon York,Newark,Perfume,Fashion,1,29.99,29.99,Credit Card
C2853,O12853,2026-03-07,Andrew Benton,Woodbridge,Table Lamp,Home Decor,5,14.99,74.95,Credit Card
C2854,O12854,2025-07-29,Mary Terry,Iselin,Desk Organizer,Stationery,2,7.99,15.98,Debit Card
C2855,O12855,2026-03-13,Amy Burgess,Iselin,Smartwatch,Electronics,2,149.99,299.98,Credit Card
C2856,O12856,2026-04-27,Pamela Smith,Newark,Desk Organizer,Stationery,1,7.99,7.99,Cash
C2857,O12857,2026-06-12,Christopher Ward,Jersey City,Water Bottle,Sports,4,9.99,39.96,Debit Card
C2858,O12858,2026-03-22,Jeffrey Kerr,Jersey City,Coffee Maker,Home Appliances,2,79.99,159.98,Credit Card
C2859,O12859,2025-09-29,Susan Lewis,Jersey City,Water Bottle,Sports,2,9.99,19.98,Debit Card
C2860,O12860,2025-08-02,Mary Baker,Iselin,Office Chair,Furniture,2,89.99,179.98,Credit Card
C2861,O12861,2025-11-07,Patty Bishop,Iselin,Hair Dryer,Home Appliances,2,29.99,59.98,Cash
C2862,O12862,2025-10-27,Angela Davis,Newark,Cricket Bat,Sports,5,79.99,399.95,Credit Card
C2863,O12863,2026-01-23,Meredith Stanton,Iselin,USB Cable,Electronics,1,5.99,5.99,Cash
C2864,O12864,2025-08-27,Mrs. Sherri Brown,Iselin,Desk Organizer,Stationery,2,7.99,15.98,Cash
C2865,O12865,2025-10-08,Allen Davis,Edison,Wireless Earbuds,Electronics,2,49.99,99.98,UPI
C2866,O12866,2025-09-24,Brandon Crawford,Woodbridge,Table Lamp,Home Decor,2,14.99,29.98,UPI
C2867,O12867,2025-11-24,Bruce Wang,Iselin,Cricket Bat,Sports,3,79.99,239.97,Cash
C2868,O12868,2025-10-20,Kurt Parker,Jersey City,Table Lamp,Home Decor,3,14.99,44.97,Debit Card
C2869,O12869,2026-05-13,Monica Morton,Iselin,LED Monitor,Electronics,3,129.99,389.97,UPI
C2870,O12870,2025-12-26,Anne Villegas,Edison,Desk Organizer,Stationery,5,7.99,39.95,UPI
C2871,O12871,2026-06-12,Megan Aguilar,Jersey City,Coffee Maker,Home Appliances,1,79.99,79.99,Cash
C2872,O12872,2025-08-28,Regina Young,Newark,LED Monitor,Electronics,3,129.99,389.97,Cash
C2873,O12873,2025-06-27,Christopher Olson,Edison,Table Lamp,Home Decor,4,14.99,59.96,UPI
C2874,O12874,2025-11-05,Tina Conner,Edison,USB Cable,Electronics,4,5.99,23.96,Cash
C2875,O12875,2026-02-01,Dennis Sherman,Newark,Keyboard,Electronics,4,24.99,99.96,Debit Card
C2876,O12876,2025-07-27,Thomas Snyder,Jersey City,Wireless Mouse,Electronics,2,19.99,39.98,Debit Card
C2877,O12877,2026-03-08,Joy Bryant,Woodbridge,Wireless Earbuds,Electronics,2,49.99,99.98,Debit Card
C2878,O12878,2025-10-21,Jennifer Copeland,Edison,Cricket Bat,Sports,2,79.99,159.98,Credit Card
C2879,O12879,2026-05-25,Allen Walls,Newark,Wall Clock,Home Decor,3,19.99,59.97,Credit Card
C2880,O12880,2026-02-11,Scott Smith,Iselin,Water Bottle,Sports,2,9.99,19.98,Debit Card
C2881,O12881,2025-12-19,Rachel Johnson,Newark,Office Chair,Furniture,3,89.99,269.97,Debit Card
C2882,O12882,2026-02-20,Tim Gibson,Woodbridge,Smartwatch,Electronics,4,149.99,599.96,Debit Card
C2883,O12883,2026-06-09,Alexander Davis,Newark,Hair Dryer,Home Appliances,4,29.99,119.96,Cash
C2884,O12884,2025-12-19,Thomas Garcia,Jersey City,Smartwatch,Electronics,4,149.99,599.96,Credit Card
C2885,O12885,2026-05-12,Donald Harrison,Iselin,Office Chair,Furniture,5,89.99,449.95,UPI
C2886,O12886,2026-05-08,Gina Buchanan,Woodbridge,Running Shoes,Fashion,3,59.99,179.97,Cash
C2887,O12887,2025-06-20,Christina Ross,Iselin,Desk Organizer,Stationery,4,7.99,31.96,Credit Card
C2888,O12888,2025-12-28,Craig Johnson,Edison,Wireless Earbuds,Electronics,5,49.99,249.95,UPI
C2889,O12889,2026-01-24,Jessica Robinson,Edison,Notebook Pack,Stationery,5,3.99,19.95,Credit Card
C2890,O12890,2025-08-02,George Harrison,Woodbridge,Cricket Bat,Sports,1,79.99,79.99,Debit Card
C2891,O12891,2025-12-27,Thomas Lee,Jersey City,Notebook Pack,Stationery,3,3.99,11.97,UPI
C2892,O12892,2025-12-20,Patricia Torres,Woodbridge,Cricket Bat,Sports,4,79.99,319.96,Cash
C2893,O12893,2025-07-21,Eric Velazquez,Edison,Keyboard,Electronics,3,24.99,74.97,UPI
C2894,O12894,2025-11-18,Matthew Williams,Jersey City,Perfume,Fashion,1,29.99,29.99,Credit Card
C2895,O12895,2025-07-17,Michael Wood,Woodbridge,Office Chair,Furniture,2,89.99,179.98,Debit Card
C2896,O12896,2025-11-13,Kylie Soto,Edison,Desk Organizer,Stationery,2,7.99,15.98,Debit Card
C2897,O12897,2026-04-09,Brent Shah,Jersey City,Perfume,Fashion,5,29.99,149.95,Credit Card
C2898,O12898,2025-11-05,Brittany Cantu,Jersey City,LED Monitor,Electronics,4,129.99,519.96,UPI
C2899,O12899,2026-03-09,Jennifer Lewis,Jersey City,Perfume,Fashion,4,29.99,119.96,UPI
C2900,O12900,2025-08-30,Dwayne Brown,Woodbridge,Cricket Bat,Sports,2,79.99,159.98,Debit Card
C2901,O12901,2025-11-13,Stephanie Hill,Jersey City,Treadmill,Sports,5,399.99,1999.95,UPI
C2902,O12902,2025-07-06,Sarah Mann,Jersey City,Treadmill,Sports,2,399.99,799.98,Cash
C2903,O12903,2026-05-21,Alan Reid,Jersey City,Perfume,Fashion,5,29.99,149.95,Credit Card
C2904,O12904,2025-09-26,Justin Williamson,Woodbridge,Wireless Earbuds,Electronics,1,49.99,49.99,Credit Card
C2905,O12905,2026-04-13,Dawn Richards,Jersey City,Running Shoes,Fashion,5,59.99,299.95,Cash
C2906,O12906,2026-05-07,Leslie James,Woodbridge,Hair Dryer,Home Appliances,2,29.99,59.98,UPI
C2907,O12907,2025-09-19,Hannah Smith,Woodbridge,Cricket Bat,Sports,4,79.99,319.96,Credit Card
C2908,O12908,2026-03-14,Mitchell Lopez,Iselin,Water Bottle,Sports,3,9.99,29.97,UPI
C2909,O12909,2025-09-04,Donald Ali,Jersey City,Cricket Bat,Sports,3,79.99,239.97,Credit Card
C2910,O12910,2025-12-07,Jonathan Carlson,Jersey City,Keyboard,Electronics,4,24.99,99.96,Debit Card
C2911,O12911,2025-09-09,Jeremy Nguyen,Woodbridge,Office Chair,Furniture,1,89.99,89.99,Debit Card
C2912,O12912,2025-12-19,Gail Lucas,Jersey City,Office Chair,Furniture,4,89.99,359.96,Cash
C2913,O12913,2026-01-09,Robert Vang,Newark,Smartwatch,Electronics,1,149.99,149.99,Credit Card
C2914,O12914,2025-07-22,Robert Cardenas,Jersey City,Desk Organizer,Stationery,4,7.99,31.96,Credit Card
C2915,O12915,2026-05-23,Maxwell Jones,Edison,Blender,Home Appliances,4,49.99,199.96,Cash
C2916,O12916,2025-08-23,Jordan Atkinson,Iselin,Notebook Pack,Stationery,2,3.99,7.98,Credit Card
C2917,O12917,2026-03-12,Angela Myers,Iselin,USB Cable,Electronics,1,5.99,5.99,UPI
C2918,O12918,2025-08-24,Miguel Hernandez,Newark,Keyboard,Electronics,1,24.99,24.99,Cash
C2919,O12919,2025-10-01,Ariana Ross,Iselin,Water Bottle,Sports,1,9.99,9.99,Cash
C2920,O12920,2026-05-04,Zachary Lee,Woodbridge,Water Bottle,Sports,5,9.99,49.95,Debit Card
C2921,O12921,2025-12-09,Elizabeth Brooks,Iselin,USB Cable,Electronics,1,5.99,5.99,UPI
C2922,O12922,2025-09-23,Donald Castillo,Jersey City,Perfume,Fashion,3,29.99,89.97,UPI
C2923,O12923,2026-02-23,Cody Lowe,Edison,Smartwatch,Electronics,3,149.99,449.97,Cash
C2924,O12924,2026-04-03,Paul Clark,Jersey City,LED Monitor,Electronics,1,129.99,129.99,Credit Card
C2925,O12925,2026-03-22,Amanda Cannon,Edison,USB Cable,Electronics,2,5.99,11.98,Cash
C2926,O12926,2025-09-04,Michele Davis,Newark,Keyboard,Electronics,3,24.99,74.97,Cash
C2927,O12927,2026-05-07,Stacy Simpson,Iselin,Wireless Mouse,Electronics,5,19.99,99.95,Debit Card
C2928,O12928,2025-11-10,Morgan Holt,Newark,Keyboard,Electronics,2,24.99,49.98,Debit Card
C2929,O12929,2026-05-27,Andrea Booth,Iselin,Keyboard,Electronics,2,24.99,49.98,Debit Card
C2930,O12930,2025-07-23,Judy Wilson,Edison,Desk Organizer,Stationery,5,7.99,39.95,UPI
C2931,O12931,2025-09-30,Barry Parsons,Newark,Wireless Mouse,Electronics,2,19.99,39.98,Debit Card
C2932,O12932,2025-12-07,Joanne Russell,Edison,Perfume,Fashion,1,29.99,29.99,Cash
C2933,O12933,2025-07-07,Cassandra Graham,Woodbridge,Water Bottle,Sports,3,9.99,29.97,Cash
C2934,O12934,2026-05-16,Stephen Nichols,Iselin,Hair Dryer,Home Appliances,5,29.99,149.95,Credit Card
C2935,O12935,2025-12-23,Nicholas Wood,Jersey City,Treadmill,Sports,3,399.99,1199.97,UPI
C2936,O12936,2025-09-04,Peggy Liu,Edison,Perfume,Fashion,5,29.99,149.95,Debit Card
C2937,O12937,2026-06-07,Joshua Maynard,Newark,Running Shoes,Fashion,3,59.99,179.97,Credit Card
C2938,O12938,2025-06-15,Shane Hamilton,Jersey City,Coffee Maker,Home Appliances,2,79.99,159.98,UPI
C2939,O12939,2026-02-25,Jennifer Murphy,Iselin,Blender,Home Appliances,1,49.99,49.99,UPI
C2940,O12940,2025-08-12,Richard Hernandez,Iselin,Running Shoes,Fashion,2,59.99,119.98,UPI
C2941,O12941,2025-07-20,Shane Flores,Iselin,Backpack,Fashion,3,39.99,119.97,Cash
C2942,O12942,2025-12-20,Edward Hernandez,Woodbridge,Water Bottle,Sports,4,9.99,39.96,Debit Card
C2943,O12943,2025-10-21,Joseph Allen,Jersey City,LED Monitor,Electronics,5,129.99,649.95,Cash
C2944,O12944,2026-01-07,Jonathan Newman,Iselin,Perfume,Fashion,1,29.99,29.99,Credit Card
C2945,O12945,2026-04-11,Hayden Reynolds,Iselin,Wall Clock,Home Decor,5,19.99,99.95,Debit Card
C2946,O12946,2025-11-09,Kevin Ray,Woodbridge,Notebook Pack,Stationery,5,3.99,19.95,Credit Card
C2947,O12947,2026-05-23,Kimberly Hernandez DVM,Newark,Water Bottle,Sports,4,9.99,39.96,Credit Card
C2948,O12948,2025-11-18,Karen Stokes,Edison,Backpack,Fashion,2,39.99,79.98,Cash
C2949,O12949,2025-07-20,Joseph Jones PhD,Woodbridge,LED Monitor,Electronics,5,129.99,649.95,Credit Card
C2950,O12950,2025-12-29,Kimberly Soto,Iselin,Perfume,Fashion,4,29.99,119.96,UPI
C2951,O12951,2026-03-28,Barbara Jackson,Edison,Wireless Mouse,Electronics,3,19.99,59.97,Credit Card
C2952,O12952,2026-02-25,Donna Estrada,Edison,Notebook Pack,Stationery,4,3.99,15.96,Credit Card
C2953,O12953,2026-02-12,Victoria Esparza,Woodbridge,Running Shoes,Fashion,5,59.99,299.95,Credit Card
C2954,O12954,2026-06-05,Theresa Perez,Newark,Wireless Mouse,Electronics,3,19.99,59.97,UPI
C2955,O12955,2025-07-23,Roger Dean,Woodbridge,Desk Organizer,Stationery,3,7.99,23.97,Credit Card
C2956,O12956,2026-01-27,Doris Rodriguez,Newark,Smartwatch,Electronics,5,149.99,749.95,Credit Card
C2957,O12957,2025-12-02,Karen Lewis,Edison,Treadmill,Sports,1,399.99,399.99,Cash
C2958,O12958,2026-03-18,Jessica Leonard,Newark,Smartwatch,Electronics,5,149.99,749.95,Debit Card
C2959,O12959,2025-10-02,Eric Walker,Edison,Perfume,Fashion,4,29.99,119.96,UPI
C2960,O12960,2025-06-25,Albert Hernandez,Iselin,Cricket Bat,Sports,5,79.99,399.95,Cash
C2961,O12961,2025-09-19,Timothy Wilson,Edison,Smartwatch,Electronics,1,149.99,149.99,Cash
C2962,O12962,2025-07-30,Kelly Higgins,Woodbridge,Perfume,Fashion,2,29.99,59.98,Debit Card
C2963,O12963,2026-04-07,Rebecca Vang,Jersey City,USB Cable,Electronics,5,5.99,29.95,UPI
C2964,O12964,2025-09-20,Jennifer Skinner,Woodbridge,Wireless Earbuds,Electronics,3,49.99,149.97,UPI
C2965,O12965,2026-01-17,Thomas Young,Jersey City,Smartwatch,Electronics,3,149.99,449.97,Debit Card
C2966,O12966,2026-01-23,Stephen King,Jersey City,Perfume,Fashion,1,29.99,29.99,UPI
C2967,O12967,2025-06-16,Andrea Rodriguez,Newark,Notebook Pack,Stationery,4,3.99,15.96,UPI
C2968,O12968,2026-01-27,Eric Russell,Newark,Notebook Pack,Stationery,3,3.99,11.97,Debit Card
C2969,O12969,2025-11-23,Mr. Daniel Beard II,Newark,Office Chair,Furniture,5,89.99,449.95,Debit Card
C2970,O12970,2025-11-20,Dylan Hatfield,Edison,Cricket Bat,Sports,1,79.99,79.99,UPI
C2971,O12971,2025-12-03,Andrew Floyd MD,Jersey City,Coffee Maker,Home Appliances,5,79.99,399.95,Credit Card
C2972,O12972,2025-07-21,Abigail Leblanc,Woodbridge,LED Monitor,Electronics,5,129.99,649.95,Debit Card
C2973,O12973,2025-11-24,Joshua Sparks,Edison,Backpack,Fashion,5,39.99,199.95,Cash
C2974,O12974,2025-07-22,Matthew Barnes,Jersey City,Table Lamp,Home Decor,3,14.99,44.97,Debit Card
C2975,O12975,2026-01-31,Barbara Lamb,Jersey City,Office Chair,Furniture,1,89.99,89.99,UPI
C2976,O12976,2026-01-17,Robert Hunt,Jersey City,Water Bottle,Sports,2,9.99,19.98,Credit Card
C2977,O12977,2025-12-16,Jennifer Ho,Edison,Wireless Mouse,Electronics,1,19.99,19.99,Cash
C2978,O12978,2025-09-26,Jacqueline Dunn,Newark,Wireless Earbuds,Electronics,4,49.99,199.96,Credit Card
C2979,O12979,2026-05-30,Ryan Carey,Newark,Cricket Bat,Sports,1,79.99,79.99,Debit Card
C2980,O12980,2025-09-25,Jeffery Johnson,Jersey City,Wireless Earbuds,Electronics,2,49.99,99.98,Debit Card
C2981,O12981,2025-06-28,Andrew Rollins,Woodbridge,Notebook Pack,Stationery,4,3.99,15.96,Cash
C2982,O12982,2025-08-03,Joanna James,Newark,Wireless Mouse,Electronics,5,19.99,99.95,Credit Card
C2983,O12983,2025-09-03,William Cochran,Jersey City,Smartwatch,Electronics,4,149.99,599.96,UPI
C2984,O12984,2026-04-10,Troy Grant,Woodbridge,Wireless Mouse,Electronics,3,19.99,59.97,Debit Card
C2985,O12985,2026-05-09,Nicole Gallagher,Iselin,Hair Dryer,Home Appliances,5,29.99,149.95,Cash
C2986,O12986,2025-06-27,Sarah Morales,Jersey City,Water Bottle,Sports,3,9.99,29.97,Cash
C2987,O12987,2025-12-21,Patty Sanchez,Newark,Notebook Pack,Stationery,2,3.99,7.98,Debit Card
C2988,O12988,2025-10-11,Stephen Navarro,Iselin,Coffee Maker,Home Appliances,1,79.99,79.99,Cash
C2989,O12989,2025-10-30,Tony Yoder,Woodbridge,Hair Dryer,Home Appliances,4,29.99,119.96,Debit Card
C2990,O12990,2026-02-21,Jennifer Smith,Woodbridge,Wall Clock,Home Decor,4,19.99,79.96,Debit Card
C2991,O12991,2026-05-01,Steven Simpson,Iselin,Water Bottle,Sports,4,9.99,39.96,Debit Card
C2992,O12992,2026-05-23,Brianna Williams,Woodbridge,Backpack,Fashion,4,39.99,159.96,Debit Card
C2993,O12993,2025-08-27,Darren White,Jersey City,Running Shoes,Fashion,4,59.99,239.96,Debit Card
C2994,O12994,2025-12-01,Teresa Sandoval,Iselin,LED Monitor,Electronics,2,129.99,259.98,Credit Card
C2995,O12995,2025-07-02,Kimberly Morrison,Edison,Smartwatch,Electronics,1,149.99,149.99,Cash
C2996,O12996,2026-06-13,Jennifer Chavez,Newark,Wireless Mouse,Electronics,4,19.99,79.96,UPI
C2997,O12997,2025-08-07,Benjamin Quinn,Jersey City,Table Lamp,Home Decor,1,14.99,14.99,Credit Card
C2998,O12998,2026-04-18,Kristopher Burns,Jersey City,Wireless Earbuds,Electronics,1,49.99,49.99,Cash
C2999,O12999,2025-07-15,David Hood,Newark,Table Lamp,Home Decor,5,14.99,74.95,Debit Card
C3000,O13000,2025-12-05,Nicole Banks,Jersey City,Perfume,Fashion,4,29.99,119.96,Cash
C3001,O13001,2025-07-20,Joanna Warren,Jersey City,Hair Dryer,Home Appliances,4,29.99,119.96,Cash
C3002,O13002,2025-07-25,Marcus Campbell,Newark,Wireless Earbuds,Electronics,2,49.99,99.98,Credit Card
C3003,O13003,2025-08-25,Carol Jennings,Newark,Blender,Home Appliances,5,49.99,249.95,Credit Card
C3004,O13004,2025-11-21,Elizabeth Dennis,Edison,Notebook Pack,Stationery,2,3.99,7.98,Debit Card
C3005,O13005,2025-07-01,Kara Fitzgerald,Jersey City,Wireless Earbuds,Electronics,3,49.99,149.97,UPI
C3006,O13006,2026-06-08,Joshua Williams,Jersey City,Cricket Bat,Sports,4,79.99,319.96,Cash
C3007,O13007,2025-07-15,Annette Becker,Jersey City,Keyboard,Electronics,5,24.99,124.95,Cash
C3008,O13008,2026-04-24,Kaitlin Ross,Newark,Wireless Earbuds,Electronics,3,49.99,149.97,Debit Card
C3009,O13009,2025-08-04,Patricia Brooks,Newark,Wireless Earbuds,Electronics,1,49.99,49.99,Credit Card
C3010,O13010,2025-07-16,Jason Kennedy,Jersey City,Notebook Pack,Stationery,2,3.99,7.98,UPI
C3011,O13011,2026-01-15,Jacob Hawkins,Woodbridge,Water Bottle,Sports,2,9.99,19.98,Debit Card
C3012,O13012,2025-12-07,James Bradford Jr.,Edison,Keyboard,Electronics,1,24.99,24.99,Credit Card
C3013,O13013,2025-10-27,Linda Smith,Jersey City,Smartwatch,Electronics,1,149.99,149.99,Credit Card
C3014,O13014,2026-03-18,Brenda Edwards,Newark,Blender,Home Appliances,1,49.99,49.99,Debit Card
C3015,O13015,2026-05-04,Alan Miller,Edison,Desk Organizer,Stationery,5,7.99,39.95,UPI
C3016,O13016,2025-11-18,Anita Rivera,Jersey City,Backpack,Fashion,5,39.99,199.95,Debit Card
C3017,O13017,2025-09-10,Peter Hudson,Newark,USB Cable,Electronics,4,5.99,23.96,Debit Card
C3018,O13018,2025-08-16,Zachary Goodwin,Edison,Cricket Bat,Sports,4,79.99,319.96,Debit Card
C3019,O13019,2026-01-19,Steven Myers,Iselin,Wall Clock,Home Decor,2,19.99,39.98,UPI
C3020,O13020,2025-10-02,Ashley Rodriguez,Jersey City,Wall Clock,Home Decor,1,19.99,19.99,UPI
C3021,O13021,2026-05-16,Erik Macias,Jersey City,Water Bottle,Sports,4,9.99,39.96,Debit Card
C3022,O13022,2025-10-31,James Moore,Woodbridge,Notebook Pack,Stationery,4,3.99,15.96,Debit Card
C3023,O13023,2025-08-24,Brian Perez,Edison,USB Cable,Electronics,5,5.99,29.95,Debit Card
C3024,O13024,2025-12-31,Ian Floyd,Newark,Smartwatch,Electronics,5,149.99,749.95,Credit Card
C3025,O13025,2026-04-29,Jessica Hawkins,Woodbridge,Backpack,Fashion,3,39.99,119.97,Credit Card
C3026,O13026,2026-06-11,Rachael Chapman,Newark,Keyboard,Electronics,5,24.99,124.95,Credit Card
C3027,O13027,2025-11-27,Alyssa Moody,Woodbridge,Treadmill,Sports,1,399.99,399.99,Cash
C3028,O13028,2026-04-21,Andrea Smith,Woodbridge,Wall Clock,Home Decor,3,19.99,59.97,UPI
C3029,O13029,2025-10-21,Wesley Evans,Edison,Wireless Mouse,Electronics,2,19.99,39.98,UPI
C3030,O13030,2025-08-07,Jacqueline Sherman,Edison,Desk Organizer,Stationery,3,7.99,23.97,Cash
C3031,O13031,2026-04-27,Ryan Hill,Edison,Hair Dryer,Home Appliances,4,29.99,119.96,Debit Card
C3032,O13032,2026-02-24,Samantha Jones,Woodbridge,Keyboard,Electronics,2,24.99,49.98,Credit Card
C3033,O13033,2025-10-29,Kaitlyn Martinez,Jersey City,Wireless Mouse,Electronics,3,19.99,59.97,Debit Card
C3034,O13034,2026-01-25,Mallory Mullen,Edison,Keyboard,Electronics,1,24.99,24.99,Credit Card
C3035,O13035,2026-05-18,Angela Mata,Newark,Wall Clock,Home Decor,3,19.99,59.97,Credit Card
C3036,O13036,2025-08-22,Matthew Graham,Edison,Office Chair,Furniture,4,89.99,359.96,UPI
C3037,O13037,2026-01-28,Caroline Thornton,Woodbridge,Perfume,Fashion,2,29.99,59.98,Credit Card
C3038,O13038,2026-02-03,Cassandra Lynch,Jersey City,Table Lamp,Home Decor,2,14.99,29.98,Debit Card
C3039,O13039,2025-11-03,Justin Newman,Edison,Wall Clock,Home Decor,4,19.99,79.96,Credit Card
C3040,O13040,2026-02-14,Kelly Kim,Woodbridge,Hair Dryer,Home Appliances,5,29.99,149.95,Credit Card
C3041,O13041,2026-01-03,Ariana Chavez,Iselin,Smartwatch,Electronics,2,149.99,299.98,Cash
C3042,O13042,2026-05-02,Pamela Medina,Iselin,LED Monitor,Electronics,1,129.99,129.99,Credit Card
C3043,O13043,2025-10-07,Matthew Lawrence,Iselin,Wireless Earbuds,Electronics,3,49.99,149.97,Cash
C3044,O13044,2026-06-05,Jeff Freeman,Jersey City,Cricket Bat,Sports,4,79.99,319.96,UPI
C3045,O13045,2025-10-26,Craig Bowen,Jersey City,Table Lamp,Home Decor,5,14.99,74.95,Debit Card
C3046,O13046,2026-03-01,Erika Romero,Iselin,Water Bottle,Sports,3,9.99,29.97,Debit Card
C3047,O13047,2025-10-12,Joshua Holt,Newark,Perfume,Fashion,2,29.99,59.98,Debit Card
C3048,O13048,2025-11-11,Dominique Roberson,Jersey City,Blender,Home Appliances,2,49.99,99.98,Credit Card
C3049,O13049,2025-11-26,Kelly Reid,Newark,Perfume,Fashion,4,29.99,119.96,Cash
C3050,O13050,2025-10-06,Cheryl Lee,Iselin,Coffee Maker,Home Appliances,1,79.99,79.99,UPI
C3051,O13051,2025-10-07,Megan Macdonald,Iselin,LED Monitor,Electronics,4,129.99,519.96,Credit Card
C3052,O13052,2025-07-17,Jennifer Bradley,Iselin,Smartwatch,Electronics,1,149.99,149.99,Credit Card
C3053,O13053,2025-10-18,Samantha Johnson,Jersey City,Water Bottle,Sports,1,9.99,9.99,Debit Card
C3054,O13054,2025-11-06,Michael Bruce,Newark,Notebook Pack,Stationery,2,3.99,7.98,Cash
C3055,O13055,2025-08-31,William Clark,Jersey City,Desk Organizer,Stationery,1,7.99,7.99,Credit Card
C3056,O13056,2026-03-22,Laura Livingston,Newark,Wall Clock,Home Decor,4,19.99,79.96,UPI
C3057,O13057,2025-09-29,Patrick Davis,Newark,Water Bottle,Sports,5,9.99,49.95,Credit Card
C3058,O13058,2025-10-17,Jose Sanchez,Newark,Treadmill,Sports,3,399.99,1199.97,Debit Card
C3059,O13059,2025-07-11,Thomas Finley,Newark,Perfume,Fashion,3,29.99,89.97,Cash
C3060,O13060,2025-09-16,Barry Young,Woodbridge,Backpack,Fashion,3,39.99,119.97,Credit Card
C3061,O13061,2025-09-15,Robin Lee,Woodbridge,Wireless Mouse,Electronics,1,19.99,19.99,Credit Card
C3062,O13062,2025-07-19,Michele Herrera,Jersey City,USB Cable,Electronics,4,5.99,23.96,Cash
C3063,O13063,2025-12-31,Mario Williams,Woodbridge,Office Chair,Furniture,4,89.99,359.96,UPI
C3064,O13064,2026-04-08,Melissa Ramos,Iselin,Smartwatch,Electronics,1,149.99,149.99,Debit Card
C3065,O13065,2025-09-15,Amber Hahn,Newark,Office Chair,Furniture,2,89.99,179.98,Credit Card
C3066,O13066,2026-04-07,John Brown,Jersey City,Notebook Pack,Stationery,3,3.99,11.97,Credit Card
C3067,O13067,2026-03-14,William Dawson,Woodbridge,Blender,Home Appliances,4,49.99,199.96,Credit Card
C3068,O13068,2025-09-12,Gabriel Phillips,Woodbridge,Smartwatch,Electronics,1,149.99,149.99,UPI
C3069,O13069,2026-02-05,Arthur Hernandez,Edison,Backpack,Fashion,2,39.99,79.98,Debit Card
C3070,O13070,2025-09-18,Kyle Fowler,Edison,Running Shoes,Fashion,4,59.99,239.96,Debit Card
C3071,O13071,2026-02-23,Thomas Clay,Edison,Coffee Maker,Home Appliances,5,79.99,399.95,UPI
C3072,O13072,2025-08-10,Laura Cardenas,Woodbridge,Wireless Mouse,Electronics,5,19.99,99.95,Credit Card
C3073,O13073,2026-04-10,Mr. Justin Cabrera,Woodbridge,LED Monitor,Electronics,2,129.99,259.98,UPI
C3074,O13074,2025-07-29,Randy Taylor,Edison,Wireless Earbuds,Electronics,4,49.99,199.96,Cash
C3075,O13075,2025-07-22,Lori Murillo,Iselin,Running Shoes,Fashion,5,59.99,299.95,Cash
C3076,O13076,2026-06-09,James Cunningham,Iselin,Treadmill,Sports,4,399.99,1599.96,UPI
C3077,O13077,2025-11-07,Jeffrey Oconnell,Edison,Perfume,Fashion,1,29.99,29.99,Cash
C3078,O13078,2025-12-24,Adriana Webb,Woodbridge,Cricket Bat,Sports,4,79.99,319.96,Debit Card
C3079,O13079,2026-02-03,Tiffany Humphrey,Jersey City,Smartwatch,Electronics,5,149.99,749.95,Credit Card
C3080,O13080,2025-12-19,Christina Smith,Newark,LED Monitor,Electronics,2,129.99,259.98,Credit Card
C3081,O13081,2026-02-11,Douglas Herring,Jersey City,Notebook Pack,Stationery,5,3.99,19.95,UPI
C3082,O13082,2025-11-27,Samuel Clark,Edison,Keyboard,Electronics,3,24.99,74.97,Cash
C3083,O13083,2026-02-08,Caroline Johnson,Jersey City,Wireless Mouse,Electronics,2,19.99,39.98,Cash
C3084,O13084,2026-03-13,Emily Burnett,Iselin,LED Monitor,Electronics,1,129.99,129.99,Cash
C3085,O13085,2026-05-23,Autumn Boyer,Woodbridge,Wireless Earbuds,Electronics,3,49.99,149.97,Credit Card
C3086,O13086,2025-12-21,Lauren Tyler,Woodbridge,Notebook Pack,Stationery,3,3.99,11.97,Credit Card
C3087,O13087,2026-01-18,Nathaniel Martin,Newark,Backpack,Fashion,2,39.99,79.98,Debit Card
C3088,O13088,2026-01-26,Andrew Miller,Jersey City,Table Lamp,Home Decor,5,14.99,74.95,Debit Card
C3089,O13089,2026-03-11,James Ford,Jersey City,Perfume,Fashion,2,29.99,59.98,Credit Card
C3090,O13090,2025-09-22,Dr. Michael Hughes,Edison,Office Chair,Furniture,1,89.99,89.99,UPI
C3091,O13091,2025-09-01,Judy Webb,Iselin,Hair Dryer,Home Appliances,1,29.99,29.99,Credit Card
C3092,O13092,2025-09-05,Ian Johnson,Newark,Coffee Maker,Home Appliances,5,79.99,399.95,Credit Card
C3093,O13093,2025-11-08,Thomas Shaffer PhD,Woodbridge,Cricket Bat,Sports,4,79.99,319.96,UPI
C3094,O13094,2026-03-22,Angela Davis,Jersey City,Keyboard,Electronics,2,24.99,49.98,Debit Card
C3095,O13095,2025-11-18,Angela Rodgers,Edison,Cricket Bat,Sports,4,79.99,319.96,Cash
C3096,O13096,2025-08-21,William Joseph,Iselin,Office Chair,Furniture,3,89.99,269.97,UPI
C3097,O13097,2026-02-02,Kelsey Foster,Edison,Wireless Earbuds,Electronics,1,49.99,49.99,Debit Card
C3098,O13098,2025-10-29,Danielle Williams,Jersey City,Backpack,Fashion,2,39.99,79.98,Cash
C3099,O13099,2025-08-24,Cynthia Hawkins,Newark,Office Chair,Furniture,4,89.99,359.96,Debit Card
C3100,O13100,2025-07-13,Patricia Rich,Edison,Coffee Maker,Home Appliances,2,79.99,159.98,Cash
C3101,O13101,2026-03-13,Jacob Bates,Newark,Running Shoes,Fashion,4,59.99,239.96,Credit Card
C3102,O13102,2026-05-22,Christopher Valenzuela,Edison,Coffee Maker,Home Appliances,3,79.99,239.97,Cash
C3103,O13103,2026-03-29,Richard Conley,Woodbridge,Notebook Pack,Stationery,3,3.99,11.97,Credit Card
C3104,O13104,2026-03-15,Megan Reyes,Iselin,Coffee Maker,Home Appliances,1,79.99,79.99,Credit Card
C3105,O13105,2026-03-17,Steven Simmons,Edison,Wireless Mouse,Electronics,3,19.99,59.97,Credit Card
C3106,O13106,2026-06-14,Stanley Hurst,Edison,Notebook Pack,Stationery,3,3.99,11.97,UPI
C3107,O13107,2025-09-06,Samantha Shepherd,Iselin,Wall Clock,Home Decor,1,19.99,19.99,Cash
C3108,O13108,2026-03-12,Shelby Bell,Woodbridge,Wireless Earbuds,Electronics,1,49.99,49.99,Credit Card
C3109,O13109,2026-04-14,David Ferguson,Jersey City,Treadmill,Sports,5,399.99,1999.95,UPI
C3110,O13110,2026-03-19,Karen Stanley,Jersey City,Running Shoes,Fashion,2,59.99,119.98,Cash
C3111,O13111,2025-12-29,Meghan Gomez,Newark,Notebook Pack,Stationery,3,3.99,11.97,UPI
C3112,O13112,2026-03-27,Maria Evans,Edison,USB Cable,Electronics,5,5.99,29.95,Credit Card
C3113,O13113,2026-01-06,Wanda Garcia,Woodbridge,Backpack,Fashion,3,39.99,119.97,Cash
C3114,O13114,2026-03-31,Albert Collins,Jersey City,Wireless Earbuds,Electronics,2,49.99,99.98,Cash
C3115,O13115,2026-02-20,Kelsey Newman,Jersey City,Water Bottle,Sports,1,9.99,9.99,UPI
C3116,O13116,2025-10-18,John Peterson,Newark,USB Cable,Electronics,2,5.99,11.98,Debit Card
C3117,O13117,2025-12-31,Edward Hernandez,Jersey City,Blender,Home Appliances,3,49.99,149.97,Cash
C3118,O13118,2026-05-03,Angela Sanchez,Jersey City,Water Bottle,Sports,4,9.99,39.96,UPI
C3119,O13119,2025-07-09,Kimberly Gould,Woodbridge,Cricket Bat,Sports,5,79.99,399.95,Cash
C3120,O13120,2025-07-22,Eric Jones,Iselin,Backpack,Fashion,1,39.99,39.99,Debit Card
C3121,O13121,2025-06-26,Denise Davis,Woodbridge,Smartwatch,Electronics,4,149.99,599.96,UPI
C3122,O13122,2026-06-10,Christine Bennett,Edison,Coffee Maker,Home Appliances,4,79.99,319.96,Debit Card
C3123,O13123,2025-06-15,Shane Mcdowell,Edison,Blender,Home Appliances,5,49.99,249.95,Cash
C3124,O13124,2025-12-14,Mr. Walter Anderson,Edison,Blender,Home Appliances,2,49.99,99.98,Cash
C3125,O13125,2025-07-12,Lucas Boyle,Woodbridge,Running Shoes,Fashion,5,59.99,299.95,Credit Card
C3126,O13126,2025-09-01,Erica Ramirez,Jersey City,Running Shoes,Fashion,2,59.99,119.98,Credit Card
C3127,O13127,2025-07-07,Kristopher Martinez,Woodbridge,Wireless Mouse,Electronics,5,19.99,99.95,Credit Card
C3128,O13128,2025-10-14,Keith Rodriguez,Woodbridge,Office Chair,Furniture,3,89.99,269.97,Cash
C3129,O13129,2026-03-28,Sherry Buckley,Woodbridge,Keyboard,Electronics,3,24.99,74.97,Cash
C3130,O13130,2025-08-30,Ryan Sims,Woodbridge,Table Lamp,Home Decor,2,14.99,29.98,Cash
C3131,O13131,2026-03-15,John Mitchell,Edison,Smartwatch,Electronics,3,149.99,449.97,Debit Card
C3132,O13132,2025-12-17,Laura Brown,Newark,Keyboard,Electronics,2,24.99,49.98,Debit Card
C3133,O13133,2025-10-15,Scott Burnett,Edison,Treadmill,Sports,4,399.99,1599.96,Credit Card
C3134,O13134,2025-11-03,Judith Kline,Newark,Wall Clock,Home Decor,1,19.99,19.99,Cash
C3135,O13135,2025-06-26,Christine Alvarez,Iselin,Running Shoes,Fashion,4,59.99,239.96,UPI
C3136,O13136,2025-07-26,Ronald Brown,Newark,Perfume,Fashion,2,29.99,59.98,UPI
C3137,O13137,2025-07-25,Robert Carson,Woodbridge,USB Cable,Electronics,2,5.99,11.98,Credit Card
C3138,O13138,2025-10-08,Mary Shaw,Woodbridge,USB Cable,Electronics,2,5.99,11.98,Cash
C3139,O13139,2026-02-28,Jacqueline Vazquez,Jersey City,Coffee Maker,Home Appliances,4,79.99,319.96,Debit Card
C3140,O13140,2026-06-12,Jeffrey Cochran,Woodbridge,Backpack,Fashion,2,39.99,79.98,Cash
C3141,O13141,2026-01-03,Timothy Knight,Jersey City,USB Cable,Electronics,4,5.99,23.96,Credit Card
C3142,O13142,2026-05-21,Kristen Stevens,Iselin,Table Lamp,Home Decor,3,14.99,44.97,Debit Card
C3143,O13143,2025-10-23,Logan Berry,Jersey City,Smartwatch,Electronics,2,149.99,299.98,Cash
C3144,O13144,2026-04-30,Darryl Gonzales,Jersey City,Notebook Pack,Stationery,1,3.99,3.99,Cash
C3145,O13145,2025-08-29,Jamie Lowe,Woodbridge,Treadmill,Sports,3,399.99,1199.97,Credit Card
C3146,O13146,2026-01-20,Garrett Lutz,Jersey City,Wall Clock,Home Decor,4,19.99,79.96,Cash
C3147,O13147,2026-01-10,Timothy Williams,Woodbridge,Treadmill,Sports,4,399.99,1599.96,Cash
C3148,O13148,2026-05-25,Amy Reed,Newark,Notebook Pack,Stationery,2,3.99,7.98,Cash
C3149,O13149,2026-03-21,Daniel Williams,Woodbridge,Wireless Earbuds,Electronics,3,49.99,149.97,Debit Card
C3150,O13150,2025-09-13,Tony Moreno,Woodbridge,USB Cable,Electronics,4,5.99,23.96,Credit Card
C3151,O13151,2026-04-02,Carl Anderson,Edison,Notebook Pack,Stationery,1,3.99,3.99,UPI
C3152,O13152,2026-05-07,Thomas Vargas,Jersey City,Office Chair,Furniture,1,89.99,89.99,Cash
C3153,O13153,2026-03-06,Mark Boyd,Iselin,Treadmill,Sports,2,399.99,799.98,Credit Card
C3154,O13154,2025-06-24,Nicholas Kennedy,Newark,Wireless Mouse,Electronics,4,19.99,79.96,UPI
C3155,O13155,2025-11-07,Laura Green,Woodbridge,Table Lamp,Home Decor,3,14.99,44.97,Credit Card
C3156,O13156,2026-04-12,Joshua Cobb,Iselin,Notebook Pack,Stationery,5,3.99,19.95,Cash
C3157,O13157,2025-07-17,Fred Mitchell,Newark,LED Monitor,Electronics,1,129.99,129.99,Debit Card
C3158,O13158,2025-12-14,Robin Kirk,Newark,LED Monitor,Electronics,4,129.99,519.96,Credit Card
C3159,O13159,2025-12-02,Marcus Johnson,Jersey City,Coffee Maker,Home Appliances,1,79.99,79.99,Debit Card
C3160,O13160,2026-05-15,Colleen Mccall,Iselin,LED Monitor,Electronics,4,129.99,519.96,Credit Card
C3161,O13161,2025-09-21,Dawn Meza,Newark,Wireless Earbuds,Electronics,2,49.99,99.98,Debit Card
C3162,O13162,2025-08-02,Dr. Patricia Stewart MD,Edison,Keyboard,Electronics,2,24.99,49.98,UPI
C3163,O13163,2025-09-06,Vanessa Garcia,Woodbridge,USB Cable,Electronics,5,5.99,29.95,Credit Card
C3164,O13164,2026-02-17,Robert Kennedy,Jersey City,Notebook Pack,Stationery,2,3.99,7.98,Debit Card
C3165,O13165,2026-04-05,Elizabeth Herrera,Edison,Hair Dryer,Home Appliances,1,29.99,29.99,Debit Card
C3166,O13166,2026-01-29,Russell Montgomery,Newark,Table Lamp,Home Decor,1,14.99,14.99,Cash
C3167,O13167,2026-04-12,Emily Gonzalez,Newark,Running Shoes,Fashion,2,59.99,119.98,Cash
C3168,O13168,2026-01-06,Hannah Garza,Iselin,Notebook Pack,Stationery,2,3.99,7.98,UPI
C3169,O13169,2026-03-29,William Perez DVM,Woodbridge,Blender,Home Appliances,5,49.99,249.95,UPI
C3170,O13170,2025-09-03,Daniel Mclaughlin,Woodbridge,Smartwatch,Electronics,5,149.99,749.95,Credit Card
C3171,O13171,2026-05-11,Richard Adams,Woodbridge,Keyboard,Electronics,2,24.99,49.98,Credit Card
C3172,O13172,2025-10-27,Derrick Ballard,Woodbridge,Wall Clock,Home Decor,4,19.99,79.96,Debit Card
C3173,O13173,2026-03-08,Joanna Johnson,Edison,Running Shoes,Fashion,2,59.99,119.98,Debit Card
C3174,O13174,2025-12-23,Bradley Ferguson,Woodbridge,Treadmill,Sports,5,399.99,1999.95,UPI
C3175,O13175,2025-07-28,Alyssa Vega,Woodbridge,Perfume,Fashion,3,29.99,89.97,Cash
C3176,O13176,2025-06-28,Natalie Hamilton,Jersey City,Notebook Pack,Stationery,3,3.99,11.97,Cash
C3177,O13177,2026-01-15,Samantha Jacobs,Newark,Table Lamp,Home Decor,4,14.99,59.96,Credit Card
C3178,O13178,2026-06-03,Daniel Beck,Woodbridge,Wall Clock,Home Decor,4,19.99,79.96,Credit Card
C3179,O13179,2025-08-31,Gregory Andrews,Edison,Cricket Bat,Sports,5,79.99,399.95,Debit Card
C3180,O13180,2025-06-19,Susan Stevens,Woodbridge,Cricket Bat,Sports,5,79.99,399.95,Cash
C3181,O13181,2025-11-21,Matthew Hubbard,Woodbridge,Hair Dryer,Home Appliances,3,29.99,89.97,UPI
C3182,O13182,2025-08-23,Hannah Price,Edison,Cricket Bat,Sports,4,79.99,319.96,Cash
C3183,O13183,2026-06-14,David Boyd,Newark,Notebook Pack,Stationery,4,3.99,15.96,Debit Card
C3184,O13184,2025-08-31,Robert Marshall,Woodbridge,Water Bottle,Sports,5,9.99,49.95,Credit Card
C3185,O13185,2026-04-22,Eric Rhodes,Edison,Running Shoes,Fashion,2,59.99,119.98,UPI
C3186,O13186,2026-04-17,Hannah Wallace,Newark,Smartwatch,Electronics,4,149.99,599.96,Cash
C3187,O13187,2026-03-01,Savannah Reyes,Woodbridge,Water Bottle,Sports,1,9.99,9.99,Debit Card
C3188,O13188,2025-10-27,Mark Hicks,Iselin,USB Cable,Electronics,2,5.99,11.98,Credit Card
C3189,O13189,2025-08-27,Emily Moreno,Edison,LED Monitor,Electronics,3,129.99,389.97,Credit Card
C3190,O13190,2025-12-29,James Payne,Newark,Water Bottle,Sports,5,9.99,49.95,Debit Card
C3191,O13191,2025-08-25,Mario Shaffer,Newark,USB Cable,Electronics,4,5.99,23.96,Cash
C3192,O13192,2025-09-29,Jill Bauer,Iselin,Keyboard,Electronics,1,24.99,24.99,Debit Card
C3193,O13193,2025-10-29,James Anderson,Edison,Water Bottle,Sports,2,9.99,19.98,Debit Card
C3194,O13194,2025-06-27,Levi Davidson,Iselin,Blender,Home Appliances,2,49.99,99.98,Credit Card
C3195,O13195,2025-12-20,Monica Stanton,Newark,LED Monitor,Electronics,1,129.99,129.99,UPI
C3196,O13196,2025-12-24,Jessica Shepherd,Woodbridge,Treadmill,Sports,3,399.99,1199.97,Debit Card
C3197,O13197,2026-02-13,George Fox,Newark,Cricket Bat,Sports,4,79.99,319.96,Debit Card
C3198,O13198,2025-07-05,Jennifer White,Woodbridge,Running Shoes,Fashion,2,59.99,119.98,Cash
C3199,O13199,2026-01-11,Dominic Flores,Edison,Backpack,Fashion,2,39.99,79.98,UPI
C3200,O13200,2026-03-04,Benjamin Jordan,Newark,Coffee Maker,Home Appliances,1,79.99,79.99,Credit Card
C3201,O13201,2025-12-17,Jason Ingram,Jersey City,Hair Dryer,Home Appliances,2,29.99,59.98,UPI
C3202,O13202,2025-06-24,Larry Herman,Iselin,Notebook Pack,Stationery,5,3.99,19.95,Credit Card
C3203,O13203,2025-09-04,Nicholas Saunders,Edison,Cricket Bat,Sports,3,79.99,239.97,Debit Card
C3204,O13204,2026-06-10,Alexander Carpenter,Newark,USB Cable,Electronics,1,5.99,5.99,Debit Card
C3205,O13205,2025-09-29,Patricia Marquez,Jersey City,Coffee Maker,Home Appliances,2,79.99,159.98,UPI
C3206,O13206,2026-02-11,Heather Snyder,Newark,Blender,Home Appliances,4,49.99,199.96,UPI
C3207,O13207,2025-12-15,Elizabeth Stone,Woodbridge,Smartwatch,Electronics,1,149.99,149.99,Debit Card
C3208,O13208,2025-11-03,Latoya Clark,Edison,USB Cable,Electronics,4,5.99,23.96,UPI
C3209,O13209,2026-02-02,Mandy Leblanc,Jersey City,Office Chair,Furniture,4,89.99,359.96,UPI
C3210,O13210,2025-12-26,Michael Torres,Woodbridge,Table Lamp,Home Decor,5,14.99,74.95,Cash
C3211,O13211,2026-05-03,Laura Mitchell,Jersey City,Running Shoes,Fashion,1,59.99,59.99,Debit Card
C3212,O13212,2026-03-01,William Walls,Newark,Desk Organizer,Stationery,5,7.99,39.95,UPI
C3213,O13213,2026-04-02,Lisa Moore,Woodbridge,Desk Organizer,Stationery,1,7.99,7.99,Debit Card
C3214,O13214,2025-07-20,Henry Clark,Woodbridge,Wireless Earbuds,Electronics,5,49.99,249.95,Credit Card
C3215,O13215,2026-03-04,Amanda Jackson,Iselin,Desk Organizer,Stationery,3,7.99,23.97,UPI
C3216,O13216,2026-04-19,Taylor Gordon,Edison,Water Bottle,Sports,1,9.99,9.99,Cash
C3217,O13217,2025-09-22,Michael Rose,Edison,USB Cable,Electronics,1,5.99,5.99,UPI
C3218,O13218,2026-03-06,Thomas Bell,Edison,Treadmill,Sports,2,399.99,799.98,UPI
C3219,O13219,2025-09-29,Daniel Singh,Iselin,Cricket Bat,Sports,5,79.99,399.95,UPI
C3220,O13220,2025-09-23,Tanya Johnson,Edison,Coffee Maker,Home Appliances,1,79.99,79.99,Credit Card
C3221,O13221,2025-11-21,Margaret Deleon,Jersey City,Water Bottle,Sports,1,9.99,9.99,Credit Card
C3222,O13222,2025-08-24,Amy Rosales,Iselin,Water Bottle,Sports,1,9.99,9.99,Debit Card
C3223,O13223,2025-11-30,Ian Morse,Iselin,Smartwatch,Electronics,5,149.99,749.95,UPI
C3224,O13224,2025-09-20,Emma Davis,Iselin,Smartwatch,Electronics,2,149.99,299.98,Cash
C3225,O13225,2025-09-13,Jonathan Gonzalez,Jersey City,Keyboard,Electronics,1,24.99,24.99,UPI
C3226,O13226,2026-01-18,Christopher Garrett,Newark,Desk Organizer,Stationery,5,7.99,39.95,Debit Card
C3227,O13227,2026-05-06,Timothy Tyler,Newark,Cricket Bat,Sports,4,79.99,319.96,Cash
C3228,O13228,2026-01-10,Laurie Patel,Edison,Water Bottle,Sports,1,9.99,9.99,UPI
C3229,O13229,2026-01-18,Christopher Lee,Woodbridge,Backpack,Fashion,4,39.99,159.96,Cash
C3230,O13230,2026-04-15,David Mack,Newark,Wall Clock,Home Decor,2,19.99,39.98,UPI
C3231,O13231,2025-11-09,Miss Brandi Dunlap,Edison,Table Lamp,Home Decor,2,14.99,29.98,Cash
C3232,O13232,2025-07-08,Valerie Brown,Iselin,Hair Dryer,Home Appliances,5,29.99,149.95,Cash
C3233,O13233,2026-03-07,Chelsea Smith,Newark,Water Bottle,Sports,3,9.99,29.97,Cash
C3234,O13234,2026-03-28,Kimberly French,Newark,Keyboard,Electronics,2,24.99,49.98,Cash
C3235,O13235,2026-04-17,Jessica Anderson,Newark,USB Cable,Electronics,4,5.99,23.96,Debit Card
C3236,O13236,2025-11-04,Michael Moon,Edison,Smartwatch,Electronics,2,149.99,299.98,Cash
C3237,O13237,2026-02-15,Earl Thompson,Jersey City,Backpack,Fashion,1,39.99,39.99,Debit Card
C3238,O13238,2025-09-12,Crystal Kim,Jersey City,Wall Clock,Home Decor,1,19.99,19.99,Debit Card
C3239,O13239,2026-05-11,Kevin Bowen,Jersey City,Keyboard,Electronics,4,24.99,99.96,Debit Card
C3240,O13240,2026-01-02,John Bell,Iselin,Coffee Maker,Home Appliances,3,79.99,239.97,Credit Card
C3241,O13241,2026-05-24,Mr. Damon Henson,Woodbridge,Cricket Bat,Sports,5,79.99,399.95,Debit Card
C3242,O13242,2025-09-19,John Crawford,Iselin,Treadmill,Sports,2,399.99,799.98,Credit Card
C3243,O13243,2025-12-15,John Ramirez,Jersey City,Keyboard,Electronics,3,24.99,74.97,Credit Card
C3244,O13244,2026-03-07,Brian Boyd,Jersey City,Water Bottle,Sports,5,9.99,49.95,Cash
C3245,O13245,2025-12-04,Tracy Figueroa,Edison,Wireless Earbuds,Electronics,4,49.99,199.96,Cash
C3246,O13246,2025-12-01,Cindy Johnson,Newark,Wireless Mouse,Electronics,4,19.99,79.96,Credit Card
C3247,O13247,2025-11-15,Jennifer Mendez,Edison,Backpack,Fashion,3,39.99,119.97,Cash
C3248,O13248,2026-03-14,Jonathan Pitts,Newark,Notebook Pack,Stationery,2,3.99,7.98,Credit Card
C3249,O13249,2026-03-28,Gavin Clark,Edison,Water Bottle,Sports,1,9.99,9.99,UPI
C3250,O13250,2025-06-27,Gwendolyn Roberts,Woodbridge,Desk Organizer,Stationery,3,7.99,23.97,Credit Card
C3251,O13251,2025-07-27,Elizabeth Jones,Newark,Wireless Mouse,Electronics,5,19.99,99.95,Credit Card
C3252,O13252,2025-09-21,Elizabeth Morris,Woodbridge,Office Chair,Furniture,5,89.99,449.95,Credit Card
C3253,O13253,2025-07-09,Tricia Parks,Newark,LED Monitor,Electronics,5,129.99,649.95,Cash
C3254,O13254,2026-05-21,Mark Wagner,Newark,Table Lamp,Home Decor,2,14.99,29.98,Debit Card
C3255,O13255,2026-02-08,Carol Valdez,Iselin,Office Chair,Furniture,5,89.99,449.95,Debit Card
C3256,O13256,2026-01-13,Jason Castro,Woodbridge,Blender,Home Appliances,2,49.99,99.98,Debit Card
C3257,O13257,2025-12-27,Tara Hensley,Iselin,Smartwatch,Electronics,2,149.99,299.98,Cash
C3258,O13258,2026-03-17,Christopher Cunningham,Woodbridge,Office Chair,Furniture,3,89.99,269.97,Credit Card
C3259,O13259,2026-01-23,Joshua Lewis Jr.,Newark,Treadmill,Sports,3,399.99,1199.97,Cash
C3260,O13260,2025-09-27,Lori Williams,Iselin,Wireless Mouse,Electronics,1,19.99,19.99,Credit Card
C3261,O13261,2025-12-30,Emily Small,Jersey City,Coffee Maker,Home Appliances,3,79.99,239.97,UPI
C3262,O13262,2026-05-06,Angela Kim,Edison,Wall Clock,Home Decor,4,19.99,79.96,Debit Card
C3263,O13263,2025-08-10,Albert Ashley,Edison,Coffee Maker,Home Appliances,4,79.99,319.96,Credit Card
C3264,O13264,2025-11-21,Amy Russo,Newark,Wireless Earbuds,Electronics,2,49.99,99.98,Cash
C3265,O13265,2026-05-16,Paul Huang,Woodbridge,Treadmill,Sports,2,399.99,799.98,Cash
C3266,O13266,2025-06-28,Jeffrey Young,Woodbridge,Wireless Mouse,Electronics,1,19.99,19.99,Credit Card
C3267,O13267,2026-06-10,Jennifer Burnett,Edison,Keyboard,Electronics,5,24.99,124.95,Debit Card
C3268,O13268,2026-05-01,Michael Hill,Newark,Coffee Maker,Home Appliances,5,79.99,399.95,UPI
C3269,O13269,2026-02-21,Erica King,Edison,Running Shoes,Fashion,4,59.99,239.96,UPI
C3270,O13270,2025-11-13,Chris Tate,Iselin,Treadmill,Sports,2,399.99,799.98,UPI
C3271,O13271,2026-04-18,Aaron Lowe,Woodbridge,Water Bottle,Sports,2,9.99,19.98,UPI
C3272,O13272,2025-06-19,John Franklin,Iselin,Coffee Maker,Home Appliances,2,79.99,159.98,Cash
C3273,O13273,2026-05-24,Monica Smith,Woodbridge,Treadmill,Sports,1,399.99,399.99,UPI
C3274,O13274,2025-08-27,Craig Miranda,Woodbridge,Backpack,Fashion,2,39.99,79.98,Cash
C3275,O13275,2026-03-12,Cheryl Smith,Edison,LED Monitor,Electronics,3,129.99,389.97,Credit Card
C3276,O13276,2025-09-17,Paula Henry,Jersey City,Notebook Pack,Stationery,3,3.99,11.97,UPI
C3277,O13277,2026-02-04,Ryan Jones,Edison,Keyboard,Electronics,3,24.99,74.97,Cash
C3278,O13278,2026-04-29,Krystal Patton MD,Newark,Blender,Home Appliances,4,49.99,199.96,Cash
C3279,O13279,2026-06-04,Cheryl Henry,Woodbridge,Coffee Maker,Home Appliances,3,79.99,239.97,Debit Card
C3280,O13280,2025-09-12,Karen Figueroa,Woodbridge,Office Chair,Furniture,4,89.99,359.96,Debit Card
C3281,O13281,2025-08-29,George Gordon,Iselin,Notebook Pack,Stationery,1,3.99,3.99,Credit Card
C3282,O13282,2026-06-14,Kathleen Blackburn,Woodbridge,LED Monitor,Electronics,4,129.99,519.96,Cash
C3283,O13283,2026-05-11,Elijah Murray,Newark,Keyboard,Electronics,4,24.99,99.96,Cash
C3284,O13284,2025-12-19,Brian Parker,Woodbridge,Table Lamp,Home Decor,1,14.99,14.99,UPI
C3285,O13285,2026-03-13,Sophia Parrish,Jersey City,LED Monitor,Electronics,3,129.99,389.97,UPI
C3286,O13286,2025-08-05,Christopher Baker,Iselin,USB Cable,Electronics,5,5.99,29.95,Cash
C3287,O13287,2025-09-25,Mrs. Rhonda Brennan DDS,Woodbridge,Water Bottle,Sports,3,9.99,29.97,Credit Card
C3288,O13288,2026-04-30,Brian Curry,Edison,Perfume,Fashion,5,29.99,149.95,Debit Card
C3289,O13289,2026-04-07,Micheal Juarez,Edison,LED Monitor,Electronics,2,129.99,259.98,Cash
C3290,O13290,2025-10-18,Shawn Allen,Newark,Office Chair,Furniture,2,89.99,179.98,Debit Card
C3291,O13291,2025-09-14,John Miranda,Edison,Treadmill,Sports,4,399.99,1599.96,UPI
C3292,O13292,2025-10-28,William Stone,Newark,Notebook Pack,Stationery,5,3.99,19.95,Cash
C3293,O13293,2026-01-09,Jon Russo,Edison,Coffee Maker,Home Appliances,1,79.99,79.99,Credit Card
C3294,O13294,2026-05-28,Jennifer Richards,Jersey City,Running Shoes,Fashion,1,59.99,59.99,Debit Card
C3295,O13295,2025-12-18,Sandra Tate,Woodbridge,LED Monitor,Electronics,5,129.99,649.95,Credit Card
C3296,O13296,2026-01-07,Adriana Beltran,Newark,Backpack,Fashion,4,39.99,159.96,Credit Card
C3297,O13297,2025-09-17,Troy Dawson,Edison,Notebook Pack,Stationery,4,3.99,15.96,UPI
C3298,O13298,2026-03-17,Dawn Bush,Woodbridge,Blender,Home Appliances,4,49.99,199.96,Credit Card
C3299,O13299,2026-06-02,Christopher Johnson,Jersey City,Wireless Mouse,Electronics,5,19.99,99.95,Debit Card
C3300,O13300,2025-09-23,Kelly King,Newark,Office Chair,Furniture,3,89.99,269.97,Credit Card
C3301,O13301,2025-08-23,Kathryn Navarro,Newark,Backpack,Fashion,1,39.99,39.99,Debit Card
C3302,O13302,2026-02-12,Tiffany Anderson,Newark,Running Shoes,Fashion,1,59.99,59.99,UPI
C3303,O13303,2025-11-22,Cindy Schmidt,Newark,Wall Clock,Home Decor,3,19.99,59.97,Cash
C3304,O13304,2026-06-03,Melissa Coleman,Edison,Perfume,Fashion,5,29.99,149.95,Cash
C3305,O13305,2025-08-13,Sean Hawkins,Jersey City,Smartwatch,Electronics,4,149.99,599.96,Credit Card
C3306,O13306,2026-04-27,Caleb Wood,Edison,Wireless Earbuds,Electronics,5,49.99,249.95,Credit Card
C3307,O13307,2026-06-05,Mary Ortega,Newark,Running Shoes,Fashion,4,59.99,239.96,Credit Card
C3308,O13308,2025-10-15,Jamie Taylor,Woodbridge,Wireless Earbuds,Electronics,4,49.99,199.96,UPI
C3309,O13309,2025-10-26,Austin Barnes,Edison,Blender,Home Appliances,2,49.99,99.98,Debit Card
C3310,O13310,2025-09-27,Robert Dalton,Jersey City,Backpack,Fashion,2,39.99,79.98,Debit Card
C3311,O13311,2026-03-22,James Richard,Iselin,Wireless Earbuds,Electronics,2,49.99,99.98,UPI
C3312,O13312,2026-01-11,Mary Wheeler,Woodbridge,Water Bottle,Sports,1,9.99,9.99,UPI
C3313,O13313,2025-07-20,Luis Roberts,Woodbridge,Wall Clock,Home Decor,5,19.99,99.95,Credit Card
C3314,O13314,2025-06-24,Samantha Doyle,Newark,Coffee Maker,Home Appliances,4,79.99,319.96,UPI
C3315,O13315,2025-08-15,Ashley Bishop,Woodbridge,LED Monitor,Electronics,4,129.99,519.96,Cash
C3316,O13316,2025-12-15,Caleb Robles,Newark,Backpack,Fashion,4,39.99,159.96,Credit Card
C3317,O13317,2026-06-10,Kevin Fields,Jersey City,Wireless Earbuds,Electronics,1,49.99,49.99,Debit Card
C3318,O13318,2025-10-18,Robert Wheeler,Newark,LED Monitor,Electronics,2,129.99,259.98,Debit Card
C3319,O13319,2025-06-15,Jessica Potter,Edison,Blender,Home Appliances,4,49.99,199.96,Debit Card
C3320,O13320,2025-12-06,Daniel Wheeler,Newark,Water Bottle,Sports,3,9.99,29.97,UPI
C3321,O13321,2025-07-30,Thomas Goodman,Edison,Backpack,Fashion,4,39.99,159.96,Credit Card
C3322,O13322,2025-12-05,Ashley Baker,Woodbridge,Table Lamp,Home Decor,3,14.99,44.97,Cash
C3323,O13323,2026-06-14,Victoria Olson,Iselin,Wireless Mouse,Electronics,1,19.99,19.99,Credit Card
C3324,O13324,2026-06-07,Joseph Wright,Iselin,Hair Dryer,Home Appliances,2,29.99,59.98,Cash
C3325,O13325,2025-06-14,Tracy Lewis,Woodbridge,Backpack,Fashion,5,39.99,199.95,UPI
C3326,O13326,2026-05-29,Ashley Reyes,Edison,Hair Dryer,Home Appliances,4,29.99,119.96,Credit Card
C3327,O13327,2026-04-07,Misty Moran,Jersey City,Cricket Bat,Sports,3,79.99,239.97,Cash
C3328,O13328,2025-09-04,David Valenzuela,Woodbridge,Treadmill,Sports,5,399.99,1999.95,Credit Card
C3329,O13329,2025-07-31,Theresa Salazar,Woodbridge,Desk Organizer,Stationery,4,7.99,31.96,Cash
C3330,O13330,2025-11-23,Daniel Jones,Edison,Coffee Maker,Home Appliances,2,79.99,159.98,UPI
C3331,O13331,2025-07-29,Heather Thomas,Newark,Keyboard,Electronics,1,24.99,24.99,UPI
C3332,O13332,2025-07-15,Joseph Lamb,Jersey City,Hair Dryer,Home Appliances,5,29.99,149.95,UPI
C3333,O13333,2025-10-19,Michele Murray,Edison,Cricket Bat,Sports,4,79.99,319.96,Credit Card
C3334,O13334,2026-01-25,Russell Long,Jersey City,Cricket Bat,Sports,4,79.99,319.96,Credit Card
C3335,O13335,2025-12-23,Jose Wilson,Newark,Backpack,Fashion,5,39.99,199.95,Cash
C3336,O13336,2026-02-09,Destiny Ramos,Iselin,Desk Organizer,Stationery,1,7.99,7.99,UPI
C3337,O13337,2025-09-06,Connor Horn,Iselin,Wireless Mouse,Electronics,1,19.99,19.99,UPI
C3338,O13338,2026-04-19,Nicholas Baldwin,Iselin,LED Monitor,Electronics,2,129.99,259.98,Credit Card
C3339,O13339,2025-06-30,Kimberly Hernandez,Jersey City,Perfume,Fashion,5,29.99,149.95,Debit Card
C3340,O13340,2026-05-13,Christopher Brown,Newark,Perfume,Fashion,3,29.99,89.97,Debit Card
C3341,O13341,2026-01-14,Joshua Durham,Newark,USB Cable,Electronics,5,5.99,29.95,UPI
C3342,O13342,2026-03-13,Derek Morris,Woodbridge,Cricket Bat,Sports,4,79.99,319.96,Cash
C3343,O13343,2025-07-03,Charles Ho,Iselin,Wireless Earbuds,Electronics,1,49.99,49.99,UPI
C3344,O13344,2025-06-22,Lisa Gibbs,Edison,Wireless Earbuds,Electronics,1,49.99,49.99,Credit Card
C3345,O13345,2026-06-12,Shannon Brewer,Jersey City,Desk Organizer,Stationery,2,7.99,15.98,UPI
C3346,O13346,2025-09-04,Amber May,Iselin,Keyboard,Electronics,4,24.99,99.96,UPI
C3347,O13347,2026-01-12,Michael Cunningham,Woodbridge,Coffee Maker,Home Appliances,1,79.99,79.99,UPI
C3348,O13348,2026-05-16,Ernest Mccoy,Woodbridge,Coffee Maker,Home Appliances,5,79.99,399.95,UPI
C3349,O13349,2025-11-16,Nicholas Barajas,Newark,Table Lamp,Home Decor,3,14.99,44.97,Debit Card
C3350,O13350,2025-10-09,Don Summers,Iselin,Keyboard,Electronics,2,24.99,49.98,Debit Card
C3351,O13351,2026-05-07,Joseph Summers,Jersey City,Hair Dryer,Home Appliances,3,29.99,89.97,UPI
C3352,O13352,2025-08-27,Joshua Payne,Woodbridge,Cricket Bat,Sports,3,79.99,239.97,Cash
C3353,O13353,2025-10-05,Shawn Weber,Jersey City,Coffee Maker,Home Appliances,1,79.99,79.99,Debit Card
C3354,O13354,2025-12-11,Austin Parrish,Newark,Notebook Pack,Stationery,4,3.99,15.96,Credit Card
C3355,O13355,2026-05-09,Sydney Gibson,Jersey City,Smartwatch,Electronics,5,149.99,749.95,Cash
C3356,O13356,2026-04-22,Sean Gilbert,Edison,Perfume,Fashion,5,29.99,149.95,Credit Card
C3357,O13357,2025-08-28,Kayla Oliver,Woodbridge,Keyboard,Electronics,4,24.99,99.96,Debit Card
C3358,O13358,2026-03-27,Rebecca Watson,Jersey City,Smartwatch,Electronics,3,149.99,449.97,Debit Card
C3359,O13359,2026-03-30,Susan Harris,Jersey City,Cricket Bat,Sports,1,79.99,79.99,UPI
C3360,O13360,2025-08-06,Karla Gomez,Woodbridge,Desk Organizer,Stationery,1,7.99,7.99,Cash
C3361,O13361,2025-10-23,Mikayla Evans,Edison,Backpack,Fashion,2,39.99,79.98,Debit Card
C3362,O13362,2026-05-11,Michelle Curtis,Edison,Backpack,Fashion,3,39.99,119.97,Credit Card
C3363,O13363,2026-02-09,Larry Johnson,Newark,Treadmill,Sports,5,399.99,1999.95,Debit Card
C3364,O13364,2026-01-11,Maurice Munoz,Woodbridge,Blender,Home Appliances,2,49.99,99.98,Debit Card
C3365,O13365,2026-03-16,Michael Harmon,Jersey City,USB Cable,Electronics,5,5.99,29.95,Debit Card
C3366,O13366,2025-08-21,Heather Butler,Iselin,Water Bottle,Sports,4,9.99,39.96,Debit Card
C3367,O13367,2026-06-12,Molly Castillo,Edison,Blender,Home Appliances,2,49.99,99.98,Debit Card
C3368,O13368,2025-10-19,David Hernandez,Woodbridge,Wall Clock,Home Decor,1,19.99,19.99,Cash
C3369,O13369,2026-05-26,Ashley Rich,Iselin,Office Chair,Furniture,4,89.99,359.96,Credit Card
C3370,O13370,2026-05-09,Meagan Brewer,Newark,Smartwatch,Electronics,1,149.99,149.99,UPI
C3371,O13371,2026-04-14,Evan Ward,Edison,Perfume,Fashion,4,29.99,119.96,Cash
C3372,O13372,2025-08-26,Rebecca Young,Newark,LED Monitor,Electronics,1,129.99,129.99,Credit Card
C3373,O13373,2026-04-15,Joseph Lam,Newark,USB Cable,Electronics,5,5.99,29.95,Credit Card
C3374,O13374,2025-08-12,Sean Garrison,Newark,Hair Dryer,Home Appliances,3,29.99,89.97,Debit Card
C3375,O13375,2025-07-31,Scott Lester,Edison,Treadmill,Sports,1,399.99,399.99,Cash
C3376,O13376,2025-09-11,Levi Curtis,Woodbridge,USB Cable,Electronics,5,5.99,29.95,Debit Card
C3377,O13377,2026-02-06,William Harris,Newark,Perfume,Fashion,2,29.99,59.98,Debit Card
C3378,O13378,2026-01-22,Stacy Miller,Woodbridge,Wall Clock,Home Decor,5,19.99,99.95,Debit Card
C3379,O13379,2026-05-29,Shawn Herring,Jersey City,Perfume,Fashion,2,29.99,59.98,UPI
C3380,O13380,2025-10-03,Lisa Holloway,Edison,Water Bottle,Sports,5,9.99,49.95,Credit Card
C3381,O13381,2026-06-07,Patricia Patterson,Jersey City,LED Monitor,Electronics,5,129.99,649.95,Debit Card
C3382,O13382,2026-04-04,Sarah Gould,Woodbridge,Keyboard,Electronics,2,24.99,49.98,Debit Card
C3383,O13383,2025-08-01,Ashlee Taylor,Jersey City,Cricket Bat,Sports,2,79.99,159.98,Credit Card
C3384,O13384,2025-10-06,Mr. Joe Gordon,Jersey City,Water Bottle,Sports,1,9.99,9.99,UPI
C3385,O13385,2025-09-12,Caitlin Robinson,Woodbridge,Office Chair,Furniture,3,89.99,269.97,Cash
C3386,O13386,2026-01-15,Taylor Edwards,Jersey City,Wall Clock,Home Decor,4,19.99,79.96,Credit Card
C3387,O13387,2025-10-28,Valerie Brock,Edison,Coffee Maker,Home Appliances,3,79.99,239.97,Cash
C3388,O13388,2025-08-04,Jacqueline Page,Jersey City,Backpack,Fashion,1,39.99,39.99,Cash
C3389,O13389,2026-04-27,Shawn Sharp,Newark,Cricket Bat,Sports,2,79.99,159.98,UPI
C3390,O13390,2025-12-14,James Davidson,Newark,USB Cable,Electronics,2,5.99,11.98,Cash
C3391,O13391,2025-09-10,Megan Vasquez,Woodbridge,Table Lamp,Home Decor,2,14.99,29.98,UPI
C3392,O13392,2026-01-31,April Pennington,Iselin,Office Chair,Furniture,5,89.99,449.95,UPI
C3393,O13393,2025-11-06,Jennifer Jones,Edison,Wall Clock,Home Decor,3,19.99,59.97,Cash
C3394,O13394,2026-03-22,Justin Bowen,Woodbridge,Smartwatch,Electronics,5,149.99,749.95,UPI
C3395,O13395,2025-12-04,Kimberly Werner,Iselin,Table Lamp,Home Decor,5,14.99,74.95,UPI
C3396,O13396,2026-01-03,Sharon Daniel,Edison,Backpack,Fashion,5,39.99,199.95,UPI
C3397,O13397,2025-08-02,Toni Johnson,Jersey City,Wireless Earbuds,Electronics,3,49.99,149.97,Debit Card
C3398,O13398,2026-02-26,Trevor Hill,Woodbridge,Wall Clock,Home Decor,2,19.99,39.98,UPI
C3399,O13399,2026-05-15,Mike Parks,Jersey City,LED Monitor,Electronics,2,129.99,259.98,UPI
C3400,O13400,2025-12-07,Dana Waller,Jersey City,Office Chair,Furniture,2,89.99,179.98,Credit Card
C3401,O13401,2025-07-11,Mrs. Rhonda Fox,Newark,Blender,Home Appliances,4,49.99,199.96,UPI
C3402,O13402,2025-10-17,Danielle Edwards,Iselin,USB Cable,Electronics,1,5.99,5.99,Debit Card
C3403,O13403,2025-07-14,Ann Phillips,Newark,Notebook Pack,Stationery,1,3.99,3.99,Debit Card
C3404,O13404,2026-05-07,Michelle Marquez,Edison,Notebook Pack,Stationery,4,3.99,15.96,Cash
C3405,O13405,2025-06-24,Sarah Harrison,Jersey City,Desk Organizer,Stationery,3,7.99,23.97,Credit Card
C3406,O13406,2025-08-26,Joshua Cain,Jersey City,Keyboard,Electronics,3,24.99,74.97,Credit Card
C3407,O13407,2026-04-29,Jessica Lin,Woodbridge,Blender,Home Appliances,1,49.99,49.99,Credit Card
C3408,O13408,2026-06-09,Arthur Cook,Woodbridge,Notebook Pack,Stationery,3,3.99,11.97,UPI
C3409,O13409,2026-06-04,Angela Ortiz,Jersey City,Hair Dryer,Home Appliances,2,29.99,59.98,Credit Card
C3410,O13410,2026-06-09,Helen Baxter,Jersey City,Cricket Bat,Sports,5,79.99,399.95,Debit Card
C3411,O13411,2026-04-14,Andrew Dillon,Edison,Backpack,Fashion,1,39.99,39.99,Debit Card
C3412,O13412,2025-07-01,Darius Wise,Woodbridge,Wireless Earbuds,Electronics,3,49.99,149.97,UPI
C3413,O13413,2026-01-04,Andrew Lane,Woodbridge,Wireless Earbuds,Electronics,3,49.99,149.97,Credit Card
C3414,O13414,2026-05-26,Kevin James,Iselin,Keyboard,Electronics,1,24.99,24.99,Debit Card
C3415,O13415,2026-03-02,Erika Smith,Edison,Coffee Maker,Home Appliances,2,79.99,159.98,UPI
C3416,O13416,2025-07-25,Brandy Frederick,Iselin,Keyboard,Electronics,3,24.99,74.97,Cash
C3417,O13417,2025-07-06,William Brown,Jersey City,Table Lamp,Home Decor,5,14.99,74.95,UPI
C3418,O13418,2025-07-26,Andrew Howard,Jersey City,Running Shoes,Fashion,5,59.99,299.95,Credit Card
C3419,O13419,2025-11-10,Donna Baker,Edison,Keyboard,Electronics,5,24.99,124.95,Debit Card
C3420,O13420,2026-05-21,Caitlin Howell,Jersey City,Running Shoes,Fashion,1,59.99,59.99,UPI
C3421,O13421,2025-09-08,Craig Duran,Jersey City,LED Monitor,Electronics,5,129.99,649.95,Debit Card
C3422,O13422,2025-09-25,Joshua Martinez,Woodbridge,Table Lamp,Home Decor,4,14.99,59.96,UPI
C3423,O13423,2025-07-14,Amber Willis,Iselin,Keyboard,Electronics,1,24.99,24.99,Credit Card
C3424,O13424,2025-11-27,Amy Phillips,Woodbridge,Running Shoes,Fashion,3,59.99,179.97,Debit Card
C3425,O13425,2026-01-17,Mrs. Melissa Lang,Jersey City,Backpack,Fashion,1,39.99,39.99,Credit Card
C3426,O13426,2026-03-30,Alicia Hamilton,Newark,Perfume,Fashion,5,29.99,149.95,Credit Card
C3427,O13427,2025-10-25,Kimberly Rivera,Edison,Notebook Pack,Stationery,3,3.99,11.97,Credit Card
C3428,O13428,2026-05-02,Chad Osborne,Edison,Smartwatch,Electronics,5,149.99,749.95,UPI
C3429,O13429,2025-06-25,Brian Barrett,Newark,Coffee Maker,Home Appliances,5,79.99,399.95,UPI
C3430,O13430,2025-08-05,Deborah Love,Edison,Office Chair,Furniture,2,89.99,179.98,Debit Card
C3431,O13431,2026-03-17,Brittany Wallace,Iselin,Cricket Bat,Sports,1,79.99,79.99,UPI
C3432,O13432,2025-08-10,Margaret Miller,Woodbridge,Desk Organizer,Stationery,5,7.99,39.95,Credit Card
C3433,O13433,2025-09-14,Roy Hicks,Woodbridge,Hair Dryer,Home Appliances,4,29.99,119.96,UPI
C3434,O13434,2025-08-21,Melissa Sexton,Jersey City,Coffee Maker,Home Appliances,1,79.99,79.99,Credit Card
C3435,O13435,2025-10-28,Ms. Michelle Potter,Edison,Cricket Bat,Sports,1,79.99,79.99,Cash
C3436,O13436,2025-09-14,Richard Smith,Iselin,Treadmill,Sports,5,399.99,1999.95,Debit Card
C3437,O13437,2025-07-27,Michael Wilkinson,Iselin,Desk Organizer,Stationery,1,7.99,7.99,Cash
C3438,O13438,2026-05-12,Nichole Choi,Woodbridge,Wireless Earbuds,Electronics,1,49.99,49.99,UPI
C3439,O13439,2026-03-20,Lindsay Snyder,Edison,Table Lamp,Home Decor,5,14.99,74.95,Debit Card
C3440,O13440,2025-09-12,Timothy Riley,Jersey City,Table Lamp,Home Decor,1,14.99,14.99,Credit Card
C3441,O13441,2025-12-16,April King,Edison,Table Lamp,Home Decor,5,14.99,74.95,UPI
C3442,O13442,2025-06-18,Robert Johnston,Iselin,Coffee Maker,Home Appliances,1,79.99,79.99,Credit Card
C3443,O13443,2026-02-27,John Johnson,Jersey City,Running Shoes,Fashion,1,59.99,59.99,UPI
C3444,O13444,2025-07-26,Thomas Curtis,Newark,Keyboard,Electronics,4,24.99,99.96,UPI
C3445,O13445,2025-09-04,David Perez,Iselin,Backpack,Fashion,4,39.99,159.96,UPI
C3446,O13446,2025-08-12,Jennifer Nelson,Jersey City,Smartwatch,Electronics,2,149.99,299.98,Debit Card
C3447,O13447,2025-08-23,Timothy Maddox,Edison,Cricket Bat,Sports,4,79.99,319.96,UPI
C3448,O13448,2026-05-31,Michelle Bartlett,Iselin,Treadmill,Sports,2,399.99,799.98,Credit Card
C3449,O13449,2025-06-18,Jacob Rivera,Woodbridge,Blender,Home Appliances,3,49.99,149.97,Credit Card
C3450,O13450,2026-04-24,Valerie Ferrell,Edison,Treadmill,Sports,1,399.99,399.99,UPI
C3451,O13451,2026-01-08,Michael Crane,Edison,Water Bottle,Sports,2,9.99,19.98,Credit Card
C3452,O13452,2026-03-24,Molly Curtis,Woodbridge,Running Shoes,Fashion,5,59.99,299.95,Debit Card
C3453,O13453,2025-10-06,Kimberly Williams,Newark,Blender,Home Appliances,1,49.99,49.99,Cash
C3454,O13454,2025-08-01,Mark Klein,Newark,Running Shoes,Fashion,3,59.99,179.97,UPI
C3455,O13455,2025-10-01,Kevin Perez,Jersey City,Table Lamp,Home Decor,3,14.99,44.97,Cash
C3456,O13456,2026-04-01,Robert Sanchez,Iselin,Wall Clock,Home Decor,5,19.99,99.95,Cash
C3457,O13457,2026-04-30,Abigail Sparks,Newark,Keyboard,Electronics,3,24.99,74.97,Cash
C3458,O13458,2026-02-20,Evelyn Wu,Iselin,Smartwatch,Electronics,4,149.99,599.96,UPI
C3459,O13459,2026-01-10,Dylan Strickland,Edison,Cricket Bat,Sports,3,79.99,239.97,Cash
C3460,O13460,2025-10-13,Lisa Reed,Jersey City,Wireless Earbuds,Electronics,2,49.99,99.98,UPI
C3461,O13461,2025-06-25,Taylor Lewis,Woodbridge,Water Bottle,Sports,5,9.99,49.95,UPI
C3462,O13462,2025-11-13,Jennifer Le,Jersey City,Wall Clock,Home Decor,1,19.99,19.99,Debit Card
C3463,O13463,2026-05-16,Kathleen Stevens,Jersey City,Water Bottle,Sports,4,9.99,39.96,Credit Card
C3464,O13464,2026-03-31,Carlos Shaffer,Jersey City,Hair Dryer,Home Appliances,1,29.99,29.99,UPI
C3465,O13465,2025-09-29,Cheryl Bennett,Jersey City,Wireless Mouse,Electronics,3,19.99,59.97,Debit Card
C3466,O13466,2025-10-05,Christopher Horton,Iselin,Keyboard,Electronics,4,24.99,99.96,UPI
C3467,O13467,2025-12-03,Brian White,Woodbridge,LED Monitor,Electronics,3,129.99,389.97,UPI
C3468,O13468,2026-03-31,Nicole Miller,Newark,Water Bottle,Sports,4,9.99,39.96,UPI
C3469,O13469,2026-05-16,Matthew Hanna,Jersey City,Office Chair,Furniture,3,89.99,269.97,UPI
C3470,O13470,2026-03-11,Monica Moore,Iselin,Hair Dryer,Home Appliances,2,29.99,59.98,Debit Card
C3471,O13471,2025-08-31,Kimberly Lewis,Jersey City,USB Cable,Electronics,3,5.99,17.97,Cash
C3472,O13472,2026-03-19,Stephanie Higgins,Woodbridge,Hair Dryer,Home Appliances,2,29.99,59.98,Debit Card
C3473,O13473,2026-05-06,Sandra Mcguire,Jersey City,Hair Dryer,Home Appliances,5,29.99,149.95,Debit Card
C3474,O13474,2026-02-22,Mark Wood,Jersey City,Running Shoes,Fashion,4,59.99,239.96,Cash
C3475,O13475,2025-08-13,Arthur Kennedy,Newark,Wireless Earbuds,Electronics,2,49.99,99.98,UPI
C3476,O13476,2025-06-26,Pamela Mclaughlin,Jersey City,Running Shoes,Fashion,1,59.99,59.99,Credit Card
C3477,O13477,2025-07-04,Billy Phelps,Edison,Smartwatch,Electronics,5,149.99,749.95,Debit Card
C3478,O13478,2025-10-09,William Sharp,Iselin,Cricket Bat,Sports,5,79.99,399.95,UPI
C3479,O13479,2026-01-09,Maria James,Woodbridge,Table Lamp,Home Decor,3,14.99,44.97,UPI
C3480,O13480,2025-10-19,Alexander Ramirez,Jersey City,Wall Clock,Home Decor,1,19.99,19.99,UPI
C3481,O13481,2025-08-29,Deborah Gomez DDS,Jersey City,Coffee Maker,Home Appliances,2,79.99,159.98,Cash
C3482,O13482,2026-06-08,Michael Ochoa,Jersey City,Perfume,Fashion,2,29.99,59.98,Debit Card
C3483,O13483,2025-08-17,Tracey Humphrey,Edison,Office Chair,Furniture,3,89.99,269.97,UPI
C3484,O13484,2025-11-23,Terri Wilkerson,Edison,Wireless Mouse,Electronics,3,19.99,59.97,Debit Card
C3485,O13485,2025-10-30,Joseph Hogan,Jersey City,Cricket Bat,Sports,2,79.99,159.98,Debit Card
C3486,O13486,2026-01-06,Aaron Nelson,Newark,USB Cable,Electronics,4,5.99,23.96,Debit Card
C3487,O13487,2025-08-14,Melissa Vargas,Newark,Perfume,Fashion,5,29.99,149.95,Cash
C3488,O13488,2025-11-05,Timothy Hunter,Edison,Water Bottle,Sports,2,9.99,19.98,UPI
C3489,O13489,2025-09-23,Sabrina Ponce,Woodbridge,Blender,Home Appliances,4,49.99,199.96,UPI
C3490,O13490,2025-12-28,Jason Acosta,Iselin,Wall Clock,Home Decor,1,19.99,19.99,Cash
C3491,O13491,2026-02-05,Shawna Perez,Edison,Wall Clock,Home Decor,5,19.99,99.95,Cash
C3492,O13492,2026-03-09,Christina Jones,Woodbridge,Coffee Maker,Home Appliances,3,79.99,239.97,Debit Card
C3493,O13493,2025-10-21,Rebecca Cole,Jersey City,Smartwatch,Electronics,2,149.99,299.98,Cash
C3494,O13494,2025-08-07,Mr. Charles Garcia DDS,Newark,Coffee Maker,Home Appliances,4,79.99,319.96,Cash
C3495,O13495,2025-12-18,Kelly Harmon,Iselin,Perfume,Fashion,1,29.99,29.99,Cash
C3496,O13496,2026-05-21,Jessica Martin,Iselin,Notebook Pack,Stationery,5,3.99,19.95,Credit Card
C3497,O13497,2026-02-15,Katie Smith,Edison,Wireless Earbuds,Electronics,3,49.99,149.97,Credit Card
C3498,O13498,2025-10-01,Philip Collins,Iselin,Smartwatch,Electronics,1,149.99,149.99,Cash
C3499,O13499,2025-11-12,Tammy Moore,Woodbridge,Perfume,Fashion,2,29.99,59.98,Debit Card
C3500,O13500,2025-12-12,Leslie Thomas,Jersey City,Smartwatch,Electronics,4,149.99,599.96,Debit Card
C3501,O13501,2026-05-26,Samantha Weaver,Iselin,Wireless Mouse,Electronics,1,19.99,19.99,UPI
C3502,O13502,2025-09-10,Steven Mccullough,Jersey City,Running Shoes,Fashion,4,59.99,239.96,Cash
C3503,O13503,2026-06-05,Dawn Wells,Iselin,USB Cable,Electronics,2,5.99,11.98,Credit Card
C3504,O13504,2026-03-20,Paul Thomas,Newark,Table Lamp,Home Decor,1,14.99,14.99,Cash
C3505,O13505,2025-09-24,Tonya James,Newark,Office Chair,Furniture,3,89.99,269.97,Debit Card
C3506,O13506,2026-04-01,Jamie Thomas,Jersey City,Desk Organizer,Stationery,4,7.99,31.96,UPI
C3507,O13507,2025-12-05,Katie Bryant,Iselin,Wireless Earbuds,Electronics,4,49.99,199.96,Cash
C3508,O13508,2025-06-30,Heather Petersen,Jersey City,Desk Organizer,Stationery,1,7.99,7.99,UPI
C3509,O13509,2026-05-18,Tiffany Oneal,Edison,Hair Dryer,Home Appliances,4,29.99,119.96,Cash
C3510,O13510,2026-02-05,Deborah Short,Iselin,Notebook Pack,Stationery,3,3.99,11.97,Credit Card
C3511,O13511,2025-09-19,James Ingram,Edison,Office Chair,Furniture,2,89.99,179.98,Credit Card
C3512,O13512,2025-07-06,Amanda Jones,Newark,USB Cable,Electronics,5,5.99,29.95,Debit Card
C3513,O13513,2025-08-25,Karen Warren,Edison,Desk Organizer,Stationery,4,7.99,31.96,Credit Card
C3514,O13514,2026-01-24,Andrew Beasley,Iselin,Wireless Earbuds,Electronics,1,49.99,49.99,Debit Card
C3515,O13515,2025-10-01,Charles Sullivan,Newark,Desk Organizer,Stationery,3,7.99,23.97,UPI
C3516,O13516,2025-06-29,Julie Adams,Newark,Notebook Pack,Stationery,4,3.99,15.96,UPI
C3517,O13517,2025-11-06,Amy Santos,Jersey City,Backpack,Fashion,2,39.99,79.98,Cash
C3518,O13518,2026-02-21,Joseph Henry,Edison,Wireless Mouse,Electronics,4,19.99,79.96,Credit Card
C3519,O13519,2025-10-03,Joseph Griffin,Jersey City,Backpack,Fashion,2,39.99,79.98,UPI
C3520,O13520,2025-09-09,Kenneth Baker,Jersey City,Keyboard,Electronics,5,24.99,124.95,Cash
C3521,O13521,2026-06-01,Carlos Frazier,Newark,Wall Clock,Home Decor,4,19.99,79.96,Credit Card
C3522,O13522,2026-02-06,Lawrence Mullins,Jersey City,Water Bottle,Sports,5,9.99,49.95,Cash
C3523,O13523,2026-03-16,Kenneth Osborne,Woodbridge,Running Shoes,Fashion,4,59.99,239.96,Cash
C3524,O13524,2025-07-09,Margaret Larsen,Jersey City,Office Chair,Furniture,3,89.99,269.97,Cash
C3525,O13525,2025-10-21,Pamela Short,Newark,Backpack,Fashion,3,39.99,119.97,Debit Card
C3526,O13526,2026-04-26,Matthew Richards,Woodbridge,Smartwatch,Electronics,2,149.99,299.98,Credit Card
C3527,O13527,2026-01-05,Veronica Walker,Newark,Wall Clock,Home Decor,3,19.99,59.97,Cash
C3528,O13528,2026-01-30,Michael Watson,Woodbridge,Wireless Mouse,Electronics,3,19.99,59.97,Credit Card
C3529,O13529,2025-10-18,Brian Yang,Jersey City,Running Shoes,Fashion,5,59.99,299.95,Cash
C3530,O13530,2026-02-15,Dillon Mckee,Jersey City,Desk Organizer,Stationery,1,7.99,7.99,UPI
C3531,O13531,2025-10-11,Jamie Gordon,Edison,Notebook Pack,Stationery,3,3.99,11.97,Credit Card
C3532,O13532,2025-12-05,Jack Shaw,Edison,Desk Organizer,Stationery,1,7.99,7.99,Credit Card
C3533,O13533,2026-02-11,Victor Lopez,Woodbridge,USB Cable,Electronics,3,5.99,17.97,UPI
C3534,O13534,2025-11-13,Catherine Simon,Newark,Wireless Earbuds,Electronics,2,49.99,99.98,Credit Card
C3535,O13535,2025-07-20,Allison Spencer,Edison,Smartwatch,Electronics,4,149.99,599.96,UPI
C3536,O13536,2026-01-01,Randy Simmons,Jersey City,Desk Organizer,Stationery,3,7.99,23.97,UPI
C3537,O13537,2025-06-27,Willie Mahoney,Jersey City,Coffee Maker,Home Appliances,2,79.99,159.98,UPI
C3538,O13538,2026-03-24,Kyle Sherman,Newark,Hair Dryer,Home Appliances,3,29.99,89.97,Debit Card
C3539,O13539,2025-08-22,Jaime Flores,Newark,Treadmill,Sports,5,399.99,1999.95,Debit Card
C3540,O13540,2025-09-17,Mario Gonzalez,Newark,Treadmill,Sports,4,399.99,1599.96,Cash
C3541,O13541,2026-01-02,Mrs. Angela Patrick,Newark,Office Chair,Furniture,1,89.99,89.99,Debit Card
C3542,O13542,2026-01-17,Jeffery Roberson,Jersey City,Running Shoes,Fashion,2,59.99,119.98,UPI
C3543,O13543,2026-05-09,Jeanette Shields,Woodbridge,Treadmill,Sports,4,399.99,1599.96,Credit Card
C3544,O13544,2026-03-21,Benjamin Archer,Newark,Notebook Pack,Stationery,5,3.99,19.95,Debit Card
C3545,O13545,2025-09-15,Kelly Cunningham,Edison,Wireless Earbuds,Electronics,4,49.99,199.96,UPI
C3546,O13546,2025-10-16,David Guerrero II,Woodbridge,Blender,Home Appliances,4,49.99,199.96,Credit Card
C3547,O13547,2026-01-19,Carlos Combs,Edison,Hair Dryer,Home Appliances,1,29.99,29.99,Debit Card
C3548,O13548,2025-07-09,Matthew Mayer,Newark,Keyboard,Electronics,3,24.99,74.97,Credit Card
C3549,O13549,2026-03-05,Carol Adams MD,Woodbridge,LED Monitor,Electronics,3,129.99,389.97,UPI
C3550,O13550,2025-11-08,Deborah Hayes,Newark,Backpack,Fashion,2,39.99,79.98,Debit Card
C3551,O13551,2025-09-26,Patricia Reyes,Edison,Blender,Home Appliances,5,49.99,249.95,Credit Card
C3552,O13552,2025-10-27,Melody Wolf MD,Newark,Backpack,Fashion,4,39.99,159.96,Debit Card
C3553,O13553,2026-02-12,Ryan Middleton,Jersey City,Perfume,Fashion,3,29.99,89.97,Cash
C3554,O13554,2025-07-28,Adam Stone,Iselin,Hair Dryer,Home Appliances,5,29.99,149.95,UPI
C3555,O13555,2025-09-16,Gary Huang,Iselin,Water Bottle,Sports,2,9.99,19.98,Debit Card
C3556,O13556,2025-09-24,Paul Roberts,Newark,Smartwatch,Electronics,2,149.99,299.98,Debit Card
C3557,O13557,2025-08-30,Kevin Phelps,Edison,Cricket Bat,Sports,2,79.99,159.98,UPI
C3558,O13558,2025-06-29,Joe Hanna,Woodbridge,Coffee Maker,Home Appliances,3,79.99,239.97,Debit Card
C3559,O13559,2025-09-24,Barbara Jordan,Jersey City,Cricket Bat,Sports,5,79.99,399.95,UPI
C3560,O13560,2026-01-02,Alyssa Morgan,Iselin,Notebook Pack,Stationery,3,3.99,11.97,Debit Card
C3561,O13561,2025-08-15,Randy Ross,Newark,Backpack,Fashion,2,39.99,79.98,UPI
C3562,O13562,2025-10-02,Jacob Hicks,Newark,Wireless Earbuds,Electronics,4,49.99,199.96,Debit Card
C3563,O13563,2025-09-13,Derek Morales,Jersey City,Coffee Maker,Home Appliances,5,79.99,399.95,UPI
C3564,O13564,2026-05-26,Benjamin Hawkins,Jersey City,Coffee Maker,Home Appliances,4,79.99,319.96,Cash
C3565,O13565,2025-10-22,Amy Coleman,Edison,Perfume,Fashion,5,29.99,149.95,UPI
C3566,O13566,2026-05-11,Julia Garrett,Jersey City,LED Monitor,Electronics,3,129.99,389.97,UPI
C3567,O13567,2026-03-22,Breanna Pierce,Iselin,Wireless Mouse,Electronics,2,19.99,39.98,UPI
C3568,O13568,2025-06-25,Michele Flores DDS,Newark,Table Lamp,Home Decor,3,14.99,44.97,Cash
C3569,O13569,2026-03-27,Anthony Williams,Jersey City,Smartwatch,Electronics,2,149.99,299.98,Cash
C3570,O13570,2026-03-14,Jim Brooks,Iselin,Office Chair,Furniture,4,89.99,359.96,Cash
C3571,O13571,2025-11-26,Bradley Aguilar,Edison,LED Monitor,Electronics,3,129.99,389.97,UPI
C3572,O13572,2026-06-12,Peggy Klein,Woodbridge,LED Monitor,Electronics,3,129.99,389.97,UPI
C3573,O13573,2025-12-14,Nathaniel Villa,Jersey City,Notebook Pack,Stationery,2,3.99,7.98,Cash
C3574,O13574,2025-12-21,Linda Lyons,Iselin,Hair Dryer,Home Appliances,3,29.99,89.97,Debit Card
C3575,O13575,2025-10-03,Christine Mckay,Edison,Office Chair,Furniture,5,89.99,449.95,Cash
C3576,O13576,2026-06-13,Austin Ruiz,Iselin,Smartwatch,Electronics,3,149.99,449.97,UPI
C3577,O13577,2025-07-12,Sara Chapman PhD,Jersey City,USB Cable,Electronics,2,5.99,11.98,Debit Card
C3578,O13578,2026-05-03,Michael Horton,Iselin,Notebook Pack,Stationery,2,3.99,7.98,Credit Card
C3579,O13579,2025-07-12,Nicole Chaney,Iselin,Keyboard,Electronics,3,24.99,74.97,UPI
C3580,O13580,2026-01-30,Mikayla Garcia,Edison,Wireless Earbuds,Electronics,5,49.99,249.95,Cash
C3581,O13581,2026-03-21,Michael Arnold,Newark,Hair Dryer,Home Appliances,4,29.99,119.96,Debit Card
C3582,O13582,2025-07-08,Anthony Moreno,Edison,USB Cable,Electronics,1,5.99,5.99,Credit Card
C3583,O13583,2025-06-21,Barry Powell,Woodbridge,Notebook Pack,Stationery,1,3.99,3.99,Debit Card
C3584,O13584,2025-06-22,James Mccall,Woodbridge,Desk Organizer,Stationery,5,7.99,39.95,Cash
C3585,O13585,2026-03-19,Allen Mason,Woodbridge,Wireless Mouse,Electronics,5,19.99,99.95,Credit Card
C3586,O13586,2025-10-14,Angela Acevedo,Woodbridge,USB Cable,Electronics,1,5.99,5.99,Credit Card
C3587,O13587,2025-10-05,Charles Kelly,Iselin,Wireless Earbuds,Electronics,3,49.99,149.97,Credit Card
C3588,O13588,2026-03-03,Denise Potter,Edison,Running Shoes,Fashion,5,59.99,299.95,Cash
C3589,O13589,2026-03-11,Michael Carpenter,Newark,LED Monitor,Electronics,4,129.99,519.96,Debit Card
C3590,O13590,2025-10-23,Daniel Johns,Edison,Coffee Maker,Home Appliances,2,79.99,159.98,Cash
C3591,O13591,2026-02-24,Alexandra Thomas,Iselin,Hair Dryer,Home Appliances,2,29.99,59.98,Cash
C3592,O13592,2025-10-13,Brittany Maldonado,Woodbridge,Perfume,Fashion,2,29.99,59.98,Debit Card
C3593,O13593,2026-02-07,Robert Scott,Newark,Office Chair,Furniture,5,89.99,449.95,UPI
C3594,O13594,2026-05-06,Roberto Miller,Newark,Table Lamp,Home Decor,1,14.99,14.99,Debit Card
C3595,O13595,2026-03-07,Taylor Wilson,Woodbridge,Cricket Bat,Sports,5,79.99,399.95,Debit Card
C3596,O13596,2025-08-25,Thomas Willis,Newark,Desk Organizer,Stationery,4,7.99,31.96,Credit Card
C3597,O13597,2026-01-17,Mary Rodgers,Edison,Wall Clock,Home Decor,2,19.99,39.98,Cash
C3598,O13598,2025-10-19,Melissa Vazquez,Jersey City,LED Monitor,Electronics,4,129.99,519.96,UPI
C3599,O13599,2025-09-01,Brittany Miller,Jersey City,Wall Clock,Home Decor,2,19.99,39.98,Cash
C3600,O13600,2026-01-17,Jason Hayes,Jersey City,Wall Clock,Home Decor,5,19.99,99.95,Credit Card
C3601,O13601,2025-10-18,John Garrison,Edison,Blender,Home Appliances,4,49.99,199.96,Cash
C3602,O13602,2025-11-05,Madeline Ortega,Jersey City,Hair Dryer,Home Appliances,5,29.99,149.95,Cash
C3603,O13603,2025-07-04,Mary Li,Newark,Wireless Earbuds,Electronics,1,49.99,49.99,Credit Card
C3604,O13604,2025-12-14,Ashley Herrera,Woodbridge,Running Shoes,Fashion,2,59.99,119.98,UPI
C3605,O13605,2026-01-11,Sharon Coleman,Woodbridge,Coffee Maker,Home Appliances,2,79.99,159.98,UPI
C3606,O13606,2025-07-29,Shawn Adams,Jersey City,Keyboard,Electronics,4,24.99,99.96,Debit Card
C3607,O13607,2026-02-23,Kevin Brown,Newark,Wall Clock,Home Decor,1,19.99,19.99,Credit Card
C3608,O13608,2025-06-26,Christopher Martin,Newark,Office Chair,Furniture,1,89.99,89.99,Cash
C3609,O13609,2025-06-26,Michael Lee,Jersey City,Water Bottle,Sports,5,9.99,49.95,UPI
C3610,O13610,2025-09-23,Tina Perkins,Jersey City,LED Monitor,Electronics,3,129.99,389.97,UPI
C3611,O13611,2026-03-16,Ashley Phelps,Newark,Treadmill,Sports,5,399.99,1999.95,Credit Card
C3612,O13612,2025-08-20,Katherine Frazier,Iselin,Wall Clock,Home Decor,5,19.99,99.95,Credit Card
C3613,O13613,2025-12-16,Mr. Joshua Reeves,Newark,Wall Clock,Home Decor,3,19.99,59.97,UPI
C3614,O13614,2026-04-26,John Patterson,Iselin,Smartwatch,Electronics,3,149.99,449.97,Cash
C3615,O13615,2026-03-22,Lori Clark,Iselin,Wireless Earbuds,Electronics,3,49.99,149.97,Credit Card
C3616,O13616,2025-09-19,Thomas Combs,Newark,Perfume,Fashion,4,29.99,119.96,Credit Card
C3617,O13617,2025-09-26,Mr. Eric Watkins MD,Jersey City,Office Chair,Furniture,5,89.99,449.95,Cash
C3618,O13618,2025-10-23,Sara Taylor,Woodbridge,Desk Organizer,Stationery,5,7.99,39.95,Credit Card
C3619,O13619,2026-01-07,Michael White,Newark,Running Shoes,Fashion,5,59.99,299.95,Credit Card
C3620,O13620,2025-11-23,Samantha Dawson,Newark,Office Chair,Furniture,2,89.99,179.98,Credit Card
C3621,O13621,2025-07-04,Shannon Knight,Newark,Notebook Pack,Stationery,2,3.99,7.98,Cash
C3622,O13622,2026-03-10,Christopher Roberson,Jersey City,Keyboard,Electronics,3,24.99,74.97,Credit Card
C3623,O13623,2025-10-21,Kevin Edwards,Edison,Running Shoes,Fashion,1,59.99,59.99,Debit Card
C3624,O13624,2026-02-27,Mr. Mark Williams DVM,Iselin,Wall Clock,Home Decor,1,19.99,19.99,Cash
C3625,O13625,2025-11-20,Frances Anderson,Iselin,Running Shoes,Fashion,1,59.99,59.99,UPI
C3626,O13626,2026-04-26,Laura Williams,Woodbridge,Desk Organizer,Stationery,2,7.99,15.98,Debit Card
C3627,O13627,2025-12-15,Dustin Berger,Woodbridge,Wireless Mouse,Electronics,4,19.99,79.96,Cash
C3628,O13628,2026-04-01,Eric Jones,Woodbridge,Hair Dryer,Home Appliances,5,29.99,149.95,Debit Card
C3629,O13629,2026-03-24,Victor Hammond,Newark,Blender,Home Appliances,2,49.99,99.98,Debit Card
C3630,O13630,2025-08-18,Lindsay Brown,Edison,USB Cable,Electronics,1,5.99,5.99,UPI
C3631,O13631,2025-07-07,Larry Yates,Edison,Perfume,Fashion,4,29.99,119.96,UPI
C3632,O13632,2026-05-04,Joshua Beck,Woodbridge,Wireless Earbuds,Electronics,5,49.99,249.95,Credit Card
C3633,O13633,2025-10-12,David Lee,Edison,Desk Organizer,Stationery,2,7.99,15.98,UPI
C3634,O13634,2026-01-14,Nancy Ortiz,Newark,Hair Dryer,Home Appliances,2,29.99,59.98,Cash
C3635,O13635,2025-09-10,Alejandra Ramsey,Edison,Smartwatch,Electronics,4,149.99,599.96,UPI
C3636,O13636,2025-12-16,Logan Price,Edison,Table Lamp,Home Decor,1,14.99,14.99,Credit Card
C3637,O13637,2025-11-04,Eric Thompson,Newark,Table Lamp,Home Decor,4,14.99,59.96,Debit Card
C3638,O13638,2025-06-30,Amy Boyd,Edison,Desk Organizer,Stationery,1,7.99,7.99,Debit Card
C3639,O13639,2025-12-22,Kelsey Horn,Iselin,Wall Clock,Home Decor,5,19.99,99.95,Credit Card
C3640,O13640,2025-07-11,Sara Bennett,Edison,Table Lamp,Home Decor,1,14.99,14.99,UPI
C3641,O13641,2026-01-04,Sara Robinson,Newark,LED Monitor,Electronics,3,129.99,389.97,Cash
C3642,O13642,2025-12-16,Sharon Krause,Edison,Office Chair,Furniture,5,89.99,449.95,Debit Card
C3643,O13643,2025-08-15,Bobby Villarreal,Edison,Desk Organizer,Stationery,4,7.99,31.96,Credit Card
C3644,O13644,2026-03-12,Robert Robinson,Jersey City,Table Lamp,Home Decor,3,14.99,44.97,Cash
C3645,O13645,2025-06-14,Barry Simpson,Iselin,Running Shoes,Fashion,2,59.99,119.98,Credit Card
C3646,O13646,2025-11-23,Rebekah Henry,Newark,USB Cable,Electronics,4,5.99,23.96,Credit Card
C3647,O13647,2025-12-18,Lisa Black,Woodbridge,LED Monitor,Electronics,2,129.99,259.98,Cash
C3648,O13648,2025-12-13,Robert Williams,Iselin,Notebook Pack,Stationery,3,3.99,11.97,Debit Card
C3649,O13649,2026-04-13,Christine Vaughn,Newark,Wireless Earbuds,Electronics,4,49.99,199.96,Credit Card
C3650,O13650,2026-02-01,Stephanie Barnett,Woodbridge,Desk Organizer,Stationery,1,7.99,7.99,Credit Card
C3651,O13651,2026-02-04,Jennifer Singh,Jersey City,Wall Clock,Home Decor,5,19.99,99.95,Credit Card
C3652,O13652,2025-11-10,Andrew Garcia,Edison,Keyboard,Electronics,1,24.99,24.99,UPI
C3653,O13653,2026-03-08,Bobby Martinez,Iselin,Perfume,Fashion,2,29.99,59.98,UPI
C3654,O13654,2025-11-27,Shane Wallace,Jersey City,Table Lamp,Home Decor,4,14.99,59.96,UPI
C3655,O13655,2026-03-29,Vincent Fisher,Edison,Hair Dryer,Home Appliances,2,29.99,59.98,Cash
C3656,O13656,2025-11-10,Angela Downs,Iselin,Coffee Maker,Home Appliances,4,79.99,319.96,Debit Card
C3657,O13657,2025-10-15,Sean Richardson,Newark,Water Bottle,Sports,5,9.99,49.95,Debit Card
C3658,O13658,2026-02-11,Alisha Gay,Woodbridge,Coffee Maker,Home Appliances,4,79.99,319.96,Credit Card
C3659,O13659,2025-10-22,Tyler Costa,Jersey City,Wall Clock,Home Decor,2,19.99,39.98,Credit Card
C3660,O13660,2026-02-13,Tina Robinson,Iselin,LED Monitor,Electronics,2,129.99,259.98,UPI
C3661,O13661,2025-12-19,Paula Porter,Woodbridge,Smartwatch,Electronics,2,149.99,299.98,UPI
C3662,O13662,2025-11-14,Michele Reynolds,Jersey City,Desk Organizer,Stationery,1,7.99,7.99,Cash
C3663,O13663,2025-06-15,Paul Meza,Edison,Wireless Mouse,Electronics,5,19.99,99.95,UPI
C3664,O13664,2026-01-18,Kim Brooks,Newark,Table Lamp,Home Decor,5,14.99,74.95,UPI
C3665,O13665,2026-03-24,Timothy Adams,Woodbridge,Wireless Mouse,Electronics,2,19.99,39.98,Credit Card
C3666,O13666,2025-08-19,Jerry Brown,Iselin,Treadmill,Sports,5,399.99,1999.95,Cash
C3667,O13667,2026-01-24,Juan Church,Edison,Wireless Earbuds,Electronics,2,49.99,99.98,Debit Card
C3668,O13668,2025-07-31,Christopher Robinson,Iselin,Running Shoes,Fashion,5,59.99,299.95,Cash
C3669,O13669,2026-04-12,Lisa Porter,Newark,Treadmill,Sports,4,399.99,1599.96,Debit Card
C3670,O13670,2026-06-12,Amber Smith DVM,Woodbridge,Cricket Bat,Sports,2,79.99,159.98,Debit Card
C3671,O13671,2026-01-06,Nicholas Sullivan,Newark,Backpack,Fashion,4,39.99,159.96,Debit Card
C3672,O13672,2026-02-04,Russell Brown,Edison,Office Chair,Furniture,3,89.99,269.97,Cash
C3673,O13673,2025-08-22,Jane Logan,Jersey City,Backpack,Fashion,4,39.99,159.96,Cash
C3674,O13674,2025-12-10,Michele Schultz,Iselin,Water Bottle,Sports,5,9.99,49.95,Credit Card
C3675,O13675,2026-05-07,Michael Price,Newark,LED Monitor,Electronics,1,129.99,129.99,Debit Card
C3676,O13676,2026-02-08,Kelly Thompson,Woodbridge,Wireless Earbuds,Electronics,1,49.99,49.99,UPI
C3677,O13677,2025-09-19,Zachary Harrell,Jersey City,Table Lamp,Home Decor,5,14.99,74.95,Cash
C3678,O13678,2025-06-20,Donna Jenkins,Jersey City,Coffee Maker,Home Appliances,3,79.99,239.97,Cash
C3679,O13679,2026-01-25,Mark Marshall,Woodbridge,LED Monitor,Electronics,4,129.99,519.96,Credit Card
C3680,O13680,2026-05-23,Amy Davis,Iselin,Smartwatch,Electronics,4,149.99,599.96,Debit Card
C3681,O13681,2025-09-14,Gina Barnes,Newark,Blender,Home Appliances,2,49.99,99.98,UPI
C3682,O13682,2025-08-05,Colleen Davidson,Newark,Wireless Mouse,Electronics,1,19.99,19.99,Cash
C3683,O13683,2026-05-21,Robin Hernandez,Woodbridge,Notebook Pack,Stationery,5,3.99,19.95,Debit Card
C3684,O13684,2025-11-25,Brandon Jones,Iselin,Office Chair,Furniture,3,89.99,269.97,Debit Card
C3685,O13685,2026-01-21,Paul Peters,Iselin,Perfume,Fashion,1,29.99,29.99,Cash
C3686,O13686,2025-08-11,Deborah Peters,Iselin,Coffee Maker,Home Appliances,3,79.99,239.97,UPI
C3687,O13687,2025-08-30,Alexander Bridges,Jersey City,Coffee Maker,Home Appliances,3,79.99,239.97,UPI
C3688,O13688,2026-05-09,Ashley Pierce,Newark,Backpack,Fashion,4,39.99,159.96,Credit Card
C3689,O13689,2025-09-09,Brendan Smith,Woodbridge,Hair Dryer,Home Appliances,1,29.99,29.99,Debit Card
C3690,O13690,2025-08-18,John Moore,Iselin,Wireless Mouse,Electronics,4,19.99,79.96,Debit Card
C3691,O13691,2026-04-07,William Bautista,Iselin,Running Shoes,Fashion,2,59.99,119.98,Cash
C3692,O13692,2026-03-29,Emily Hogan,Edison,Wall Clock,Home Decor,5,19.99,99.95,Cash
C3693,O13693,2026-06-09,Melinda Moore,Edison,Hair Dryer,Home Appliances,1,29.99,29.99,Debit Card
C3694,O13694,2025-09-05,Brandy Barker MD,Woodbridge,Wall Clock,Home Decor,2,19.99,39.98,Debit Card
C3695,O13695,2025-08-03,Christopher Wong,Jersey City,Smartwatch,Electronics,3,149.99,449.97,Cash
C3696,O13696,2025-08-10,Chris Townsend,Newark,Smartwatch,Electronics,2,149.99,299.98,Debit Card
C3697,O13697,2025-08-16,Annette Allen,Newark,Smartwatch,Electronics,2,149.99,299.98,Debit Card
C3698,O13698,2026-04-23,Anthony Roy,Woodbridge,Notebook Pack,Stationery,4,3.99,15.96,Cash
C3699,O13699,2025-06-16,Holly Cortez,Woodbridge,LED Monitor,Electronics,3,129.99,389.97,UPI
C3700,O13700,2025-12-11,Jamie Wilson,Newark,Desk Organizer,Stationery,1,7.99,7.99,Debit Card
C3701,O13701,2025-07-03,Ronald Joyce,Woodbridge,Hair Dryer,Home Appliances,5,29.99,149.95,UPI
C3702,O13702,2025-10-23,Leonard Alvarez,Newark,Table Lamp,Home Decor,5,14.99,74.95,UPI
C3703,O13703,2025-09-11,Carol Benton,Edison,LED Monitor,Electronics,5,129.99,649.95,Debit Card
C3704,O13704,2025-11-07,Brittany Daniels,Iselin,Treadmill,Sports,4,399.99,1599.96,UPI
C3705,O13705,2025-07-12,Keith Stevens,Edison,Table Lamp,Home Decor,2,14.99,29.98,Debit Card
C3706,O13706,2025-10-18,Jonathan Miller,Iselin,Cricket Bat,Sports,2,79.99,159.98,Cash
C3707,O13707,2025-11-09,Susan Nelson,Iselin,Smartwatch,Electronics,5,149.99,749.95,Credit Card
C3708,O13708,2026-05-31,Aaron Collins,Newark,Hair Dryer,Home Appliances,5,29.99,149.95,Debit Card
C3709,O13709,2026-04-03,Craig Johnson,Newark,Cricket Bat,Sports,4,79.99,319.96,Credit Card
C3710,O13710,2026-05-23,Carrie Benson,Woodbridge,USB Cable,Electronics,3,5.99,17.97,UPI
C3711,O13711,2025-12-17,Joann Peterson,Newark,Smartwatch,Electronics,4,149.99,599.96,Debit Card
C3712,O13712,2026-03-28,Brenda Hall,Jersey City,Notebook Pack,Stationery,5,3.99,19.95,UPI
C3713,O13713,2026-05-18,Julie Moon,Woodbridge,Wireless Earbuds,Electronics,2,49.99,99.98,Credit Card
C3714,O13714,2025-12-03,Michael Brown,Jersey City,Backpack,Fashion,1,39.99,39.99,Credit Card
C3715,O13715,2026-01-20,Elizabeth Green,Iselin,Smartwatch,Electronics,3,149.99,449.97,Debit Card
C3716,O13716,2025-08-23,Charles Jones,Newark,Desk Organizer,Stationery,2,7.99,15.98,Credit Card
C3717,O13717,2025-12-27,Vanessa Woods,Woodbridge,Wireless Earbuds,Electronics,3,49.99,149.97,Debit Card
C3718,O13718,2026-02-16,Eric Powell,Woodbridge,Wall Clock,Home Decor,4,19.99,79.96,Debit Card
C3719,O13719,2026-04-11,Lisa Carson,Edison,Blender,Home Appliances,5,49.99,249.95,Cash
C3720,O13720,2025-08-27,Linda Williams,Jersey City,Notebook Pack,Stationery,4,3.99,15.96,UPI
C3721,O13721,2025-12-05,Cheryl Dennis,Jersey City,Keyboard,Electronics,4,24.99,99.96,Debit Card
C3722,O13722,2026-06-08,Jennifer Arias,Newark,Table Lamp,Home Decor,2,14.99,29.98,Credit Card
C3723,O13723,2026-04-24,Jessica Morales,Newark,Wireless Mouse,Electronics,1,19.99,19.99,Debit Card
C3724,O13724,2026-05-24,Jessica Bass,Newark,Blender,Home Appliances,3,49.99,149.97,Cash
C3725,O13725,2026-04-10,Anthony Thompson,Newark,Notebook Pack,Stationery,4,3.99,15.96,Cash
C3726,O13726,2025-06-30,Melissa Estes,Woodbridge,Table Lamp,Home Decor,1,14.99,14.99,Cash
C3727,O13727,2026-01-22,Michelle Vincent,Iselin,Office Chair,Furniture,1,89.99,89.99,UPI
C3728,O13728,2026-06-03,Kimberly Edwards,Jersey City,Running Shoes,Fashion,5,59.99,299.95,UPI
C3729,O13729,2026-05-24,Michelle Williams,Woodbridge,Desk Organizer,Stationery,2,7.99,15.98,UPI
C3730,O13730,2026-01-04,Brenda Morton,Woodbridge,Hair Dryer,Home Appliances,1,29.99,29.99,Credit Card
C3731,O13731,2025-09-02,Julie Walter,Edison,Desk Organizer,Stationery,1,7.99,7.99,UPI
C3732,O13732,2026-05-25,Mrs. Lisa Murphy,Iselin,Keyboard,Electronics,3,24.99,74.97,Credit Card
C3733,O13733,2026-03-21,Toni Mullen,Iselin,Perfume,Fashion,5,29.99,149.95,Cash
C3734,O13734,2026-01-13,Jesus Cain,Woodbridge,Water Bottle,Sports,1,9.99,9.99,Cash
C3735,O13735,2026-04-26,William Arellano,Edison,Desk Organizer,Stationery,3,7.99,23.97,UPI
C3736,O13736,2026-03-07,Lindsay Stanley,Iselin,Running Shoes,Fashion,2,59.99,119.98,Debit Card
C3737,O13737,2026-06-05,Jennifer Wolfe,Newark,Office Chair,Furniture,5,89.99,449.95,Debit Card
C3738,O13738,2025-08-12,Elijah Perry,Iselin,Running Shoes,Fashion,4,59.99,239.96,Debit Card
C3739,O13739,2025-08-24,Nicholas Ruiz,Newark,LED Monitor,Electronics,5,129.99,649.95,Debit Card
C3740,O13740,2025-12-21,Daniel Jacobson,Iselin,Notebook Pack,Stationery,3,3.99,11.97,Debit Card
C3741,O13741,2025-10-27,John Burns,Edison,USB Cable,Electronics,1,5.99,5.99,Debit Card
C3742,O13742,2026-01-12,Erica Stone,Jersey City,LED Monitor,Electronics,4,129.99,519.96,UPI
C3743,O13743,2026-01-07,Angela Hooper,Iselin,Notebook Pack,Stationery,1,3.99,3.99,Debit Card
C3744,O13744,2025-07-19,James Fisher,Iselin,Keyboard,Electronics,1,24.99,24.99,UPI
C3745,O13745,2026-06-12,Andrea Williams,Edison,Treadmill,Sports,4,399.99,1599.96,Credit Card
C3746,O13746,2026-01-13,Gloria Olson,Jersey City,Coffee Maker,Home Appliances,5,79.99,399.95,Credit Card
C3747,O13747,2025-09-16,David Choi,Woodbridge,Table Lamp,Home Decor,3,14.99,44.97,Debit Card
C3748,O13748,2025-09-12,Julie Jones DVM,Iselin,Backpack,Fashion,2,39.99,79.98,Cash
C3749,O13749,2026-01-14,Ian Hall,Jersey City,Wireless Mouse,Electronics,4,19.99,79.96,Credit Card
C3750,O13750,2025-09-06,Erin Wilson,Edison,Notebook Pack,Stationery,3,3.99,11.97,UPI
C3751,O13751,2026-03-10,Jeremy Hunter,Newark,Keyboard,Electronics,5,24.99,124.95,Cash
C3752,O13752,2025-12-18,Daniel Huff,Iselin,LED Monitor,Electronics,3,129.99,389.97,Cash
C3753,O13753,2026-04-03,Olivia Roberts,Newark,Running Shoes,Fashion,1,59.99,59.99,UPI
C3754,O13754,2026-04-06,Kristen Mills,Edison,Wireless Earbuds,Electronics,4,49.99,199.96,Debit Card
C3755,O13755,2025-09-06,Christopher Jackson,Woodbridge,Table Lamp,Home Decor,3,14.99,44.97,Cash
C3756,O13756,2026-03-18,Rebecca Schmidt,Edison,USB Cable,Electronics,4,5.99,23.96,Credit Card
C3757,O13757,2025-12-15,Timothy Harris,Edison,Hair Dryer,Home Appliances,3,29.99,89.97,UPI
C3758,O13758,2025-10-29,Michael Hoffman,Edison,Wall Clock,Home Decor,4,19.99,79.96,Credit Card
C3759,O13759,2025-10-02,Sarah Dunn MD,Edison,Coffee Maker,Home Appliances,5,79.99,399.95,UPI
C3760,O13760,2026-03-02,Megan Martinez,Iselin,Perfume,Fashion,2,29.99,59.98,Credit Card
C3761,O13761,2025-12-09,Kevin Young,Iselin,Wireless Earbuds,Electronics,3,49.99,149.97,Credit Card
C3762,O13762,2026-05-08,Thomas Campbell,Newark,Wireless Earbuds,Electronics,5,49.99,249.95,Credit Card
C3763,O13763,2026-03-13,Robert Moore,Woodbridge,Hair Dryer,Home Appliances,1,29.99,29.99,UPI
C3764,O13764,2026-01-18,Lisa Smith,Jersey City,Wireless Earbuds,Electronics,3,49.99,149.97,UPI
C3765,O13765,2026-01-26,Melissa Medina,Jersey City,Coffee Maker,Home Appliances,3,79.99,239.97,UPI
C3766,O13766,2025-12-27,Jessica Taylor,Edison,Desk Organizer,Stationery,5,7.99,39.95,UPI
C3767,O13767,2025-12-08,Jamie Watkins MD,Newark,Running Shoes,Fashion,1,59.99,59.99,Credit Card
C3768,O13768,2026-05-09,Sara Simon,Woodbridge,Smartwatch,Electronics,3,149.99,449.97,Cash
C3769,O13769,2025-07-30,David Watts,Woodbridge,Running Shoes,Fashion,2,59.99,119.98,Credit Card
C3770,O13770,2026-05-23,Theresa Stewart,Edison,Treadmill,Sports,1,399.99,399.99,Cash
C3771,O13771,2026-04-13,Gabrielle Baird,Jersey City,Treadmill,Sports,2,399.99,799.98,UPI
C3772,O13772,2026-04-27,Jonathan Finley,Jersey City,USB Cable,Electronics,3,5.99,17.97,Cash
C3773,O13773,2025-09-28,Jacob Wallace Jr.,Iselin,Wireless Earbuds,Electronics,4,49.99,199.96,Debit Card
C3774,O13774,2025-11-17,Stacey Beard,Woodbridge,Desk Organizer,Stationery,3,7.99,23.97,Cash
C3775,O13775,2026-04-07,Charles Smith,Woodbridge,Wall Clock,Home Decor,5,19.99,99.95,Credit Card
C3776,O13776,2026-03-31,James Barnes,Edison,Smartwatch,Electronics,4,149.99,599.96,UPI
C3777,O13777,2026-04-02,Victoria Manning,Edison,Notebook Pack,Stationery,2,3.99,7.98,Credit Card
C3778,O13778,2026-04-22,Carla Pena,Newark,Wireless Mouse,Electronics,3,19.99,59.97,Credit Card
C3779,O13779,2026-03-22,Jessica Brown,Newark,Cricket Bat,Sports,4,79.99,319.96,UPI
C3780,O13780,2025-08-19,Jennifer Rush,Edison,Desk Organizer,Stationery,5,7.99,39.95,UPI
C3781,O13781,2025-07-27,Alyssa Thomas,Iselin,USB Cable,Electronics,1,5.99,5.99,Cash
C3782,O13782,2025-08-20,Louis Sellers,Iselin,Cricket Bat,Sports,1,79.99,79.99,Cash
C3783,O13783,2026-03-05,Charles Campbell,Jersey City,Office Chair,Furniture,3,89.99,269.97,Cash
C3784,O13784,2026-01-17,Joseph Day,Iselin,Wireless Mouse,Electronics,1,19.99,19.99,UPI
C3785,O13785,2025-08-23,Philip Morales,Woodbridge,Cricket Bat,Sports,2,79.99,159.98,Cash
C3786,O13786,2026-04-24,Christopher Snyder,Edison,Smartwatch,Electronics,5,149.99,749.95,Cash
C3787,O13787,2026-02-28,Richard Baxter,Edison,Wireless Mouse,Electronics,5,19.99,99.95,Debit Card
C3788,O13788,2025-07-10,Kristina Lowery,Woodbridge,Smartwatch,Electronics,4,149.99,599.96,UPI
C3789,O13789,2025-10-12,Robert Nolan,Edison,Wireless Mouse,Electronics,4,19.99,79.96,UPI
C3790,O13790,2026-06-08,Justin Kaiser,Newark,Office Chair,Furniture,2,89.99,179.98,Cash
C3791,O13791,2025-08-17,Michelle Wyatt,Jersey City,Table Lamp,Home Decor,4,14.99,59.96,Debit Card
C3792,O13792,2026-03-10,Nathaniel Rowland,Jersey City,Keyboard,Electronics,5,24.99,124.95,UPI
C3793,O13793,2025-06-30,Daniel Garcia,Newark,Water Bottle,Sports,1,9.99,9.99,UPI
C3794,O13794,2025-12-17,Jose Johnson,Newark,Smartwatch,Electronics,1,149.99,149.99,Credit Card
C3795,O13795,2026-01-01,Emily Fischer,Jersey City,Water Bottle,Sports,2,9.99,19.98,Credit Card
C3796,O13796,2025-07-25,Dawn Wagner,Jersey City,Wireless Mouse,Electronics,2,19.99,39.98,Credit Card
C3797,O13797,2026-04-14,Carol Powell,Iselin,Running Shoes,Fashion,5,59.99,299.95,UPI
C3798,O13798,2025-12-20,Charles Tyler,Iselin,Wireless Earbuds,Electronics,2,49.99,99.98,Debit Card
C3799,O13799,2025-09-05,Laura Estrada,Iselin,Cricket Bat,Sports,1,79.99,79.99,Credit Card
C3800,O13800,2025-09-17,John Pearson,Jersey City,Smartwatch,Electronics,3,149.99,449.97,Debit Card
C3801,O13801,2026-06-03,Elizabeth Payne,Edison,Cricket Bat,Sports,5,79.99,399.95,UPI
C3802,O13802,2026-04-01,Ryan Hill,Iselin,Office Chair,Furniture,3,89.99,269.97,Cash
C3803,O13803,2025-08-31,Emily Mcclure,Jersey City,USB Cable,Electronics,5,5.99,29.95,Cash
C3804,O13804,2026-02-11,Christopher Alvarez,Newark,Wireless Earbuds,Electronics,2,49.99,99.98,Debit Card
C3805,O13805,2025-10-10,Nathan Giles,Woodbridge,Running Shoes,Fashion,5,59.99,299.95,Debit Card
C3806,O13806,2025-09-01,Gordon Holmes,Jersey City,Office Chair,Furniture,1,89.99,89.99,UPI
C3807,O13807,2025-11-09,Rachel Anderson,Jersey City,Treadmill,Sports,1,399.99,399.99,UPI
C3808,O13808,2026-04-02,James Burke,Iselin,Notebook Pack,Stationery,4,3.99,15.96,Credit Card
C3809,O13809,2025-11-20,Jennifer Monroe,Newark,Table Lamp,Home Decor,1,14.99,14.99,Credit Card
C3810,O13810,2025-07-20,Sharon Sullivan,Newark,Keyboard,Electronics,5,24.99,124.95,Cash
C3811,O13811,2026-02-08,James White,Iselin,Desk Organizer,Stationery,5,7.99,39.95,Cash
C3812,O13812,2025-11-20,Ronald Harris,Woodbridge,Notebook Pack,Stationery,3,3.99,11.97,Cash
C3813,O13813,2026-06-06,Aaron Johnston,Edison,Blender,Home Appliances,3,49.99,149.97,Credit Card
C3814,O13814,2026-02-15,Aaron Scott,Edison,Wireless Earbuds,Electronics,3,49.99,149.97,UPI
C3815,O13815,2025-12-15,Harry Briggs,Iselin,Desk Organizer,Stationery,4,7.99,31.96,Cash
C3816,O13816,2025-07-12,Samantha Fields,Edison,Perfume,Fashion,3,29.99,89.97,Cash
C3817,O13817,2025-11-06,Nicholas Castro,Woodbridge,LED Monitor,Electronics,1,129.99,129.99,Credit Card
C3818,O13818,2025-09-04,Aaron Taylor,Jersey City,Coffee Maker,Home Appliances,2,79.99,159.98,UPI
C3819,O13819,2025-11-27,Joann Davies,Jersey City,Backpack,Fashion,5,39.99,199.95,Debit Card
C3820,O13820,2025-07-09,Meghan Potter,Woodbridge,Table Lamp,Home Decor,3,14.99,44.97,UPI
C3821,O13821,2025-07-31,Christopher Christian,Woodbridge,Notebook Pack,Stationery,2,3.99,7.98,Credit Card
C3822,O13822,2025-07-07,Lori Williams,Woodbridge,Table Lamp,Home Decor,5,14.99,74.95,Credit Card
C3823,O13823,2026-01-09,Nicolas Hunter,Edison,LED Monitor,Electronics,1,129.99,129.99,Debit Card
C3824,O13824,2025-07-20,Frank Robinson,Woodbridge,Water Bottle,Sports,3,9.99,29.97,Cash
C3825,O13825,2026-05-11,Michael Watkins,Iselin,USB Cable,Electronics,2,5.99,11.98,Credit Card
C3826,O13826,2025-12-31,Benjamin Davis,Woodbridge,Treadmill,Sports,2,399.99,799.98,Debit Card
C3827,O13827,2026-02-01,Adam Campos,Edison,Wall Clock,Home Decor,2,19.99,39.98,Cash
C3828,O13828,2025-11-23,Pamela Mason,Edison,Smartwatch,Electronics,1,149.99,149.99,Credit Card
C3829,O13829,2026-04-30,Michelle Alexander,Newark,LED Monitor,Electronics,3,129.99,389.97,Cash
C3830,O13830,2025-11-27,Kimberly Lee,Woodbridge,Blender,Home Appliances,5,49.99,249.95,Cash
C3831,O13831,2025-06-14,Jordan Jones,Jersey City,Notebook Pack,Stationery,5,3.99,19.95,UPI
C3832,O13832,2026-04-02,Pamela Wilson,Woodbridge,Keyboard,Electronics,5,24.99,124.95,Credit Card
C3833,O13833,2026-05-30,Justin Wallace,Iselin,Backpack,Fashion,3,39.99,119.97,Cash
C3834,O13834,2026-03-16,Lisa Jenkins,Newark,Smartwatch,Electronics,2,149.99,299.98,Cash
C3835,O13835,2025-11-18,Justin Rogers,Jersey City,Cricket Bat,Sports,1,79.99,79.99,Credit Card
C3836,O13836,2026-04-14,Melissa Durham,Iselin,Treadmill,Sports,3,399.99,1199.97,Debit Card
C3837,O13837,2026-06-08,Jennifer Lawson,Iselin,Cricket Bat,Sports,3,79.99,239.97,Credit Card
C3838,O13838,2026-04-12,Ian Johnson,Edison,Notebook Pack,Stationery,5,3.99,19.95,Credit Card
C3839,O13839,2025-06-20,Jamie Brewer,Iselin,Hair Dryer,Home Appliances,3,29.99,89.97,Credit Card
C3840,O13840,2025-10-08,Thomas Henderson,Newark,Desk Organizer,Stationery,5,7.99,39.95,Debit Card
C3841,O13841,2026-02-14,Kevin Davis,Edison,Coffee Maker,Home Appliances,1,79.99,79.99,Debit Card
C3842,O13842,2025-09-27,Michael Young,Woodbridge,Blender,Home Appliances,5,49.99,249.95,Cash
C3843,O13843,2026-02-20,Jack Hamilton,Woodbridge,Wireless Earbuds,Electronics,5,49.99,249.95,Credit Card
C3844,O13844,2025-10-25,Cindy Coffey,Woodbridge,Notebook Pack,Stationery,4,3.99,15.96,UPI
C3845,O13845,2025-07-13,Whitney Russell,Newark,Water Bottle,Sports,3,9.99,29.97,Credit Card
C3846,O13846,2025-11-02,Jamie Davila,Iselin,Wireless Earbuds,Electronics,3,49.99,149.97,UPI
C3847,O13847,2025-07-04,Brandon Bray,Iselin,Backpack,Fashion,4,39.99,159.96,UPI
C3848,O13848,2025-07-17,Brittney Boyd,Jersey City,Perfume,Fashion,3,29.99,89.97,Debit Card
C3849,O13849,2026-01-09,Janice Arnold,Newark,Hair Dryer,Home Appliances,4,29.99,119.96,UPI
C3850,O13850,2025-12-27,Justin Parker,Newark,Treadmill,Sports,2,399.99,799.98,Credit Card
C3851,O13851,2025-10-17,Tracy Nielsen,Woodbridge,Coffee Maker,Home Appliances,3,79.99,239.97,Credit Card
C3852,O13852,2026-03-09,John Ramirez,Edison,Office Chair,Furniture,2,89.99,179.98,Debit Card
C3853,O13853,2026-01-22,Dawn Jennings,Newark,Perfume,Fashion,3,29.99,89.97,Debit Card
C3854,O13854,2026-05-06,William Noble,Edison,Wireless Earbuds,Electronics,3,49.99,149.97,Cash
C3855,O13855,2025-07-24,Tamara Burton,Edison,Wall Clock,Home Decor,3,19.99,59.97,Credit Card
C3856,O13856,2025-07-27,Jeffrey Hester,Newark,Coffee Maker,Home Appliances,5,79.99,399.95,UPI
C3857,O13857,2025-11-27,Jacqueline Santiago,Iselin,Blender,Home Appliances,1,49.99,49.99,Debit Card
C3858,O13858,2026-05-14,Elizabeth Brooks,Jersey City,Perfume,Fashion,2,29.99,59.98,UPI
C3859,O13859,2025-08-08,Desiree Lopez,Newark,Wireless Earbuds,Electronics,2,49.99,99.98,Credit Card
C3860,O13860,2025-10-22,Jeremiah Hill,Jersey City,Table Lamp,Home Decor,4,14.99,59.96,UPI
C3861,O13861,2026-04-09,Brian Pace,Iselin,Blender,Home Appliances,3,49.99,149.97,UPI
C3862,O13862,2025-11-19,Nicholas Morse,Jersey City,Desk Organizer,Stationery,2,7.99,15.98,UPI
C3863,O13863,2025-11-17,Lynn Greene,Newark,USB Cable,Electronics,5,5.99,29.95,Cash
C3864,O13864,2025-11-22,Veronica Howard,Iselin,Blender,Home Appliances,3,49.99,149.97,Credit Card
C3865,O13865,2026-06-12,Thomas Moore,Jersey City,Coffee Maker,Home Appliances,1,79.99,79.99,Debit Card
C3866,O13866,2025-10-16,Danielle Moody,Newark,Table Lamp,Home Decor,1,14.99,14.99,Debit Card
C3867,O13867,2026-05-10,Karen Gonzalez,Iselin,Table Lamp,Home Decor,3,14.99,44.97,Debit Card
C3868,O13868,2025-09-19,Jennifer Spencer,Woodbridge,Notebook Pack,Stationery,3,3.99,11.97,UPI
C3869,O13869,2026-01-15,Jonathon Garcia,Woodbridge,Hair Dryer,Home Appliances,3,29.99,89.97,UPI
C3870,O13870,2026-02-09,Brenda Logan,Woodbridge,Running Shoes,Fashion,4,59.99,239.96,Debit Card
C3871,O13871,2025-08-25,Julie Townsend,Woodbridge,Perfume,Fashion,4,29.99,119.96,Cash
C3872,O13872,2026-04-20,Rachael Acosta,Woodbridge,Desk Organizer,Stationery,1,7.99,7.99,Cash
C3873,O13873,2025-11-02,Maureen Edwards,Woodbridge,Table Lamp,Home Decor,1,14.99,14.99,Debit Card
C3874,O13874,2025-10-28,Michelle Sanchez,Newark,Running Shoes,Fashion,3,59.99,179.97,UPI
C3875,O13875,2026-05-17,Adam Clark,Woodbridge,USB Cable,Electronics,4,5.99,23.96,Cash
C3876,O13876,2025-10-26,Kevin Bowen,Newark,Blender,Home Appliances,5,49.99,249.95,Debit Card
C3877,O13877,2025-08-05,Jerry Malone,Woodbridge,Notebook Pack,Stationery,5,3.99,19.95,Cash
C3878,O13878,2026-02-25,Robert Flores,Jersey City,Office Chair,Furniture,4,89.99,359.96,Credit Card
C3879,O13879,2025-11-26,Karen Moore,Edison,Hair Dryer,Home Appliances,5,29.99,149.95,Cash
C3880,O13880,2025-06-14,Olivia Rice,Woodbridge,Table Lamp,Home Decor,2,14.99,29.98,Credit Card
C3881,O13881,2025-06-18,Pamela Moore,Edison,Notebook Pack,Stationery,2,3.99,7.98,UPI
C3882,O13882,2025-07-24,Amber Smith,Newark,Office Chair,Furniture,2,89.99,179.98,Cash
C3883,O13883,2026-02-18,Tiffany Glover,Iselin,Notebook Pack,Stationery,2,3.99,7.98,Credit Card
C3884,O13884,2025-10-21,Robert Mcfarland,Woodbridge,Table Lamp,Home Decor,4,14.99,59.96,Debit Card
C3885,O13885,2025-06-22,Erik Norman,Edison,USB Cable,Electronics,4,5.99,23.96,Credit Card
C3886,O13886,2026-04-20,Jason Daniel,Newark,Wall Clock,Home Decor,4,19.99,79.96,UPI
C3887,O13887,2026-03-27,Susan Brown,Edison,Running Shoes,Fashion,3,59.99,179.97,UPI
C3888,O13888,2025-06-22,Christopher Collins,Jersey City,Running Shoes,Fashion,1,59.99,59.99,Debit Card
C3889,O13889,2026-03-08,Scott Cantrell,Newark,Smartwatch,Electronics,4,149.99,599.96,Credit Card
C3890,O13890,2026-04-13,Joshua Brown,Edison,Notebook Pack,Stationery,3,3.99,11.97,Cash
C3891,O13891,2025-07-19,Marcus Deleon,Iselin,Coffee Maker,Home Appliances,4,79.99,319.96,Debit Card
C3892,O13892,2025-12-20,Catherine Barrett,Iselin,Coffee Maker,Home Appliances,3,79.99,239.97,UPI
C3893,O13893,2026-05-24,Christopher Perkins,Jersey City,Keyboard,Electronics,5,24.99,124.95,UPI
C3894,O13894,2026-03-12,Jason George,Woodbridge,Table Lamp,Home Decor,2,14.99,29.98,UPI
C3895,O13895,2025-11-23,Joshua White,Jersey City,USB Cable,Electronics,4,5.99,23.96,Debit Card
C3896,O13896,2025-09-27,Courtney Reed,Edison,Wireless Earbuds,Electronics,4,49.99,199.96,UPI
C3897,O13897,2025-12-19,Kenneth Smith,Edison,Notebook Pack,Stationery,2,3.99,7.98,Cash
C3898,O13898,2026-03-17,Sandra Tucker,Newark,Wireless Mouse,Electronics,3,19.99,59.97,Debit Card
C3899,O13899,2025-08-12,Susan Love,Woodbridge,Table Lamp,Home Decor,3,14.99,44.97,Cash
C3900,O13900,2026-06-05,Stephen Smith,Iselin,Keyboard,Electronics,1,24.99,24.99,Cash
C3901,O13901,2026-01-03,Jennifer Johnson,Iselin,Running Shoes,Fashion,1,59.99,59.99,UPI
C3902,O13902,2026-06-13,Victoria Brown,Newark,Wireless Mouse,Electronics,5,19.99,99.95,Cash
C3903,O13903,2025-09-22,Brian Brown,Woodbridge,Wireless Earbuds,Electronics,4,49.99,199.96,Credit Card
C3904,O13904,2025-10-02,Anthony Hunt,Edison,Wireless Mouse,Electronics,2,19.99,39.98,Cash
C3905,O13905,2025-10-27,David Martin,Jersey City,Coffee Maker,Home Appliances,2,79.99,159.98,Cash
C3906,O13906,2026-04-21,Joshua Hooper,Woodbridge,Notebook Pack,Stationery,2,3.99,7.98,Credit Card
C3907,O13907,2025-10-03,Michael Martinez,Edison,LED Monitor,Electronics,1,129.99,129.99,Cash
C3908,O13908,2026-01-05,Carlos Roberts,Edison,Cricket Bat,Sports,3,79.99,239.97,Debit Card
C3909,O13909,2025-06-24,Robin Cohen,Edison,Keyboard,Electronics,4,24.99,99.96,Cash
C3910,O13910,2026-04-25,Debra Barnett,Edison,Keyboard,Electronics,4,24.99,99.96,Credit Card
C3911,O13911,2026-04-22,William Holmes,Woodbridge,Wireless Earbuds,Electronics,4,49.99,199.96,Debit Card
C3912,O13912,2025-07-02,Theresa Manning,Jersey City,Wireless Mouse,Electronics,2,19.99,39.98,Cash
C3913,O13913,2026-01-04,Taylor Brown,Iselin,Treadmill,Sports,2,399.99,799.98,Credit Card
C3914,O13914,2025-07-13,Jacob Moore,Iselin,Blender,Home Appliances,1,49.99,49.99,UPI
C3915,O13915,2026-03-25,Katherine Green,Newark,Treadmill,Sports,2,399.99,799.98,Debit Card
C3916,O13916,2025-12-08,David Johnson,Iselin,Treadmill,Sports,3,399.99,1199.97,UPI
C3917,O13917,2025-07-24,Tammy Rosales,Newark,Office Chair,Furniture,4,89.99,359.96,Credit Card
C3918,O13918,2026-03-03,Ryan Sutton,Woodbridge,Wall Clock,Home Decor,2,19.99,39.98,Debit Card
C3919,O13919,2025-08-27,Scott Goodwin,Newark,Water Bottle,Sports,2,9.99,19.98,Cash
C3920,O13920,2025-12-04,Janet Carroll,Iselin,Running Shoes,Fashion,1,59.99,59.99,UPI
C3921,O13921,2025-07-16,Norma Reid,Jersey City,Smartwatch,Electronics,2,149.99,299.98,UPI
C3922,O13922,2025-11-02,Laurie Neal,Newark,Notebook Pack,Stationery,3,3.99,11.97,Credit Card
C3923,O13923,2025-08-22,Stephanie Rowe,Edison,Table Lamp,Home Decor,2,14.99,29.98,Credit Card
C3924,O13924,2025-10-19,Stephanie Sanders,Newark,Table Lamp,Home Decor,1,14.99,14.99,Credit Card
C3925,O13925,2026-05-10,Angela Richardson,Edison,Water Bottle,Sports,5,9.99,49.95,UPI
C3926,O13926,2025-07-15,Melanie Maxwell,Iselin,Cricket Bat,Sports,5,79.99,399.95,Credit Card
C3927,O13927,2025-08-24,Kevin Smith,Jersey City,Hair Dryer,Home Appliances,5,29.99,149.95,Cash
C3928,O13928,2026-02-12,Terri Gonzalez,Newark,Desk Organizer,Stationery,4,7.99,31.96,Credit Card
C3929,O13929,2026-05-05,Cindy Clarke,Newark,Keyboard,Electronics,1,24.99,24.99,Cash
C3930,O13930,2025-12-09,Barbara Todd,Edison,Blender,Home Appliances,1,49.99,49.99,Debit Card
C3931,O13931,2025-06-30,Roberto Simmons,Jersey City,Coffee Maker,Home Appliances,2,79.99,159.98,Cash
C3932,O13932,2025-12-15,Cole Moore,Jersey City,Water Bottle,Sports,4,9.99,39.96,Credit Card
C3933,O13933,2026-06-10,John Valdez,Woodbridge,Water Bottle,Sports,4,9.99,39.96,Credit Card
C3934,O13934,2026-04-01,Samantha Taylor,Edison,Office Chair,Furniture,2,89.99,179.98,UPI
C3935,O13935,2026-01-28,Tiffany Graham,Iselin,Blender,Home Appliances,5,49.99,249.95,Debit Card
C3936,O13936,2026-03-09,Robert Wood,Iselin,Notebook Pack,Stationery,1,3.99,3.99,UPI
C3937,O13937,2026-05-22,Angela Cunningham,Iselin,LED Monitor,Electronics,3,129.99,389.97,UPI
C3938,O13938,2026-05-29,Lisa Hill,Edison,USB Cable,Electronics,4,5.99,23.96,Cash
C3939,O13939,2025-10-05,Mr. Ryan Carter,Jersey City,Water Bottle,Sports,5,9.99,49.95,Credit Card
C3940,O13940,2025-10-19,Christopher Young,Newark,Blender,Home Appliances,2,49.99,99.98,Cash
C3941,O13941,2025-12-08,Tina Ward,Woodbridge,Treadmill,Sports,3,399.99,1199.97,Cash
C3942,O13942,2026-04-30,Andrew Kline,Edison,Cricket Bat,Sports,5,79.99,399.95,Debit Card
C3943,O13943,2026-05-25,Brenda Beck,Woodbridge,Smartwatch,Electronics,2,149.99,299.98,Debit Card
C3944,O13944,2026-04-22,Phyllis Smith,Iselin,Running Shoes,Fashion,1,59.99,59.99,Credit Card
C3945,O13945,2025-08-02,Cheryl Shaw,Jersey City,Notebook Pack,Stationery,5,3.99,19.95,UPI
C3946,O13946,2026-03-22,David Welch,Edison,Water Bottle,Sports,1,9.99,9.99,Credit Card
C3947,O13947,2025-09-15,Kimberly Rodriguez,Iselin,Perfume,Fashion,3,29.99,89.97,Cash
C3948,O13948,2026-05-24,Regina Bray,Iselin,Wireless Earbuds,Electronics,3,49.99,149.97,UPI
C3949,O13949,2026-03-08,Rachel Tucker,Jersey City,Coffee Maker,Home Appliances,5,79.99,399.95,Cash
C3950,O13950,2025-07-24,Heidi Johnson,Iselin,Running Shoes,Fashion,1,59.99,59.99,UPI
C3951,O13951,2026-03-04,James Morrow,Woodbridge,Water Bottle,Sports,1,9.99,9.99,Credit Card
C3952,O13952,2026-05-05,Christina Washington,Jersey City,Running Shoes,Fashion,1,59.99,59.99,Credit Card
C3953,O13953,2026-01-24,Ryan Russell,Edison,Wireless Earbuds,Electronics,4,49.99,199.96,UPI
C3954,O13954,2025-09-24,Michele Lutz,Iselin,Desk Organizer,Stationery,5,7.99,39.95,Debit Card
C3955,O13955,2026-02-07,Katherine Hernandez,Woodbridge,Water Bottle,Sports,2,9.99,19.98,Cash
C3956,O13956,2026-05-26,Anthony Smith,Woodbridge,Table Lamp,Home Decor,3,14.99,44.97,Debit Card
C3957,O13957,2025-10-22,Walter Bryant,Newark,Cricket Bat,Sports,2,79.99,159.98,UPI
C3958,O13958,2026-03-29,Cody Wilson,Jersey City,Desk Organizer,Stationery,3,7.99,23.97,UPI
C3959,O13959,2025-10-23,Michael Hawkins,Edison,Desk Organizer,Stationery,5,7.99,39.95,Credit Card
C3960,O13960,2026-01-12,Susan Harris,Edison,Wireless Mouse,Electronics,2,19.99,39.98,Credit Card
C3961,O13961,2026-05-08,Troy Boyd,Iselin,LED Monitor,Electronics,5,129.99,649.95,Debit Card
C3962,O13962,2025-10-20,Dean Colon,Newark,Keyboard,Electronics,5,24.99,124.95,Cash
C3963,O13963,2025-07-05,Cheryl Le,Jersey City,Blender,Home Appliances,4,49.99,199.96,Cash
C3964,O13964,2026-03-25,Katelyn Gonzalez,Newark,Wall Clock,Home Decor,5,19.99,99.95,UPI
C3965,O13965,2025-07-14,Kim Martin,Iselin,Wireless Earbuds,Electronics,1,49.99,49.99,Credit Card
C3966,O13966,2025-07-10,George Marsh DDS,Iselin,LED Monitor,Electronics,5,129.99,649.95,Credit Card
C3967,O13967,2025-11-16,Adrian Young,Iselin,Office Chair,Furniture,5,89.99,449.95,Debit Card
C3968,O13968,2026-05-07,James Griffith,Woodbridge,Smartwatch,Electronics,5,149.99,749.95,Credit Card
C3969,O13969,2025-07-28,Alisha Mercado,Woodbridge,USB Cable,Electronics,3,5.99,17.97,UPI
C3970,O13970,2026-01-02,Richard George,Edison,Cricket Bat,Sports,5,79.99,399.95,Credit Card
C3971,O13971,2026-05-14,Linda Manning,Iselin,Office Chair,Furniture,3,89.99,269.97,Credit Card
C3972,O13972,2026-05-16,Erin Bishop,Woodbridge,LED Monitor,Electronics,2,129.99,259.98,Credit Card
C3973,O13973,2026-03-29,Adrian Oliver,Jersey City,Perfume,Fashion,4,29.99,119.96,UPI
C3974,O13974,2025-07-11,Katelyn Hobbs,Jersey City,Desk Organizer,Stationery,5,7.99,39.95,UPI
C3975,O13975,2026-02-25,Tamara Larson,Newark,Treadmill,Sports,3,399.99,1199.97,Debit Card
C3976,O13976,2025-07-27,Victor Thomas,Iselin,USB Cable,Electronics,4,5.99,23.96,Cash
C3977,O13977,2025-12-19,Crystal Perez,Iselin,Smartwatch,Electronics,2,149.99,299.98,UPI
C3978,O13978,2025-11-01,Sharon Mcguire,Iselin,Wireless Earbuds,Electronics,1,49.99,49.99,Credit Card
C3979,O13979,2026-05-14,Ashley Johnson,Newark,Table Lamp,Home Decor,1,14.99,14.99,Cash
C3980,O13980,2026-05-27,Rachel Smith,Jersey City,Blender,Home Appliances,4,49.99,199.96,Cash
C3981,O13981,2026-02-21,Susan Mcgrath,Jersey City,Blender,Home Appliances,5,49.99,249.95,Cash
C3982,O13982,2025-10-12,Mr. Matthew Graves,Newark,Notebook Pack,Stationery,5,3.99,19.95,Cash
C3983,O13983,2025-08-20,James Higgins,Iselin,Wall Clock,Home Decor,3,19.99,59.97,Credit Card
C3984,O13984,2026-01-22,Michelle Cole,Newark,USB Cable,Electronics,3,5.99,17.97,Cash
C3985,O13985,2025-10-15,Samantha Evans,Iselin,Table Lamp,Home Decor,1,14.99,14.99,UPI
C3986,O13986,2026-02-09,Laura Cardenas,Jersey City,Smartwatch,Electronics,5,149.99,749.95,UPI
C3987,O13987,2026-01-02,Valerie Brown,Jersey City,Hair Dryer,Home Appliances,1,29.99,29.99,Debit Card
C3988,O13988,2025-10-19,Douglas Martinez,Woodbridge,Wireless Earbuds,Electronics,2,49.99,99.98,Cash
C3989,O13989,2026-04-19,Melissa Nelson,Iselin,USB Cable,Electronics,5,5.99,29.95,UPI
C3990,O13990,2025-12-12,Alvin Hoover DDS,Edison,Wireless Mouse,Electronics,5,19.99,99.95,UPI
C3991,O13991,2026-02-02,Amy Parker,Iselin,Cricket Bat,Sports,2,79.99,159.98,Debit Card
C3992,O13992,2026-01-24,Jay Benson,Iselin,Wireless Earbuds,Electronics,1,49.99,49.99,Debit Card
C3993,O13993,2025-10-08,Jonathan Moore,Woodbridge,Running Shoes,Fashion,3,59.99,179.97,Credit Card
C3994,O13994,2026-02-27,Douglas Walker,Newark,Backpack,Fashion,3,39.99,119.97,Credit Card
C3995,O13995,2025-12-24,David Crawford,Iselin,LED Monitor,Electronics,4,129.99,519.96,Debit Card
C3996,O13996,2026-06-02,Kimberly Diaz,Newark,Running Shoes,Fashion,4,59.99,239.96,Credit Card
C3997,O13997,2026-02-12,Kyle Gordon,Iselin,Cricket Bat,Sports,3,79.99,239.97,Cash
C3998,O13998,2026-04-09,Jonathan Mcpherson,Jersey City,Wall Clock,Home Decor,2,19.99,39.98,UPI
C3999,O13999,2026-03-26,Angela Walker,Edison,Table Lamp,Home Decor,1,14.99,14.99,Debit Card
C4000,O14000,2025-10-10,David Smith,Newark,Smartwatch,Electronics,3,149.99,449.97,UPI
C4001,O14001,2025-11-21,Dr. Rebecca Smith,Iselin,Notebook Pack,Stationery,5,3.99,19.95,UPI
C4002,O14002,2025-10-07,Charles Jones,Woodbridge,Wireless Earbuds,Electronics,5,49.99,249.95,Credit Card
C4003,O14003,2026-01-24,Dr. Susan Copeland,Woodbridge,Table Lamp,Home Decor,4,14.99,59.96,Cash
C4004,O14004,2025-07-12,Brett Griffin,Newark,Blender,Home Appliances,2,49.99,99.98,UPI
C4005,O14005,2025-06-15,Jordan Robinson,Iselin,Running Shoes,Fashion,1,59.99,59.99,Cash
C4006,O14006,2026-04-17,Casey Lane,Edison,Water Bottle,Sports,3,9.99,29.97,Debit Card
C4007,O14007,2025-07-02,Stacy Foley,Newark,Cricket Bat,Sports,3,79.99,239.97,UPI
C4008,O14008,2025-10-27,Michael Ashley,Jersey City,Table Lamp,Home Decor,4,14.99,59.96,Credit Card
C4009,O14009,2025-10-30,Mary Sullivan,Jersey City,Backpack,Fashion,4,39.99,159.96,Debit Card
C4010,O14010,2026-03-11,Jennifer King,Newark,LED Monitor,Electronics,4,129.99,519.96,Credit Card
C4011,O14011,2026-06-04,Mr. Anthony Gardner,Edison,Treadmill,Sports,1,399.99,399.99,UPI
C4012,O14012,2026-01-13,Emily Fernandez,Jersey City,Table Lamp,Home Decor,5,14.99,74.95,Credit Card
C4013,O14013,2025-09-02,Olivia Jacobs,Iselin,Table Lamp,Home Decor,5,14.99,74.95,Debit Card
C4014,O14014,2026-05-10,James Moore,Woodbridge,Coffee Maker,Home Appliances,5,79.99,399.95,Debit Card
C4015,O14015,2026-01-08,Jeffrey Miller,Edison,Keyboard,Electronics,5,24.99,124.95,Credit Card
C4016,O14016,2025-10-19,Kristin Parks,Jersey City,Perfume,Fashion,3,29.99,89.97,Debit Card
C4017,O14017,2025-08-08,Jesse White,Iselin,Wireless Earbuds,Electronics,3,49.99,149.97,Debit Card
C4018,O14018,2025-12-27,Matthew Rojas,Jersey City,Wall Clock,Home Decor,5,19.99,99.95,Cash
C4019,O14019,2025-12-29,Glen Fitzpatrick,Newark,Wireless Earbuds,Electronics,2,49.99,99.98,Debit Card
C4020,O14020,2026-03-16,Roy Garcia,Edison,Perfume,Fashion,3,29.99,89.97,Cash
C4021,O14021,2026-02-20,Crystal Cline,Edison,Wireless Mouse,Electronics,5,19.99,99.95,UPI
C4022,O14022,2025-08-27,Henry Taylor,Woodbridge,Coffee Maker,Home Appliances,5,79.99,399.95,Debit Card
C4023,O14023,2026-04-05,Christopher White,Newark,Cricket Bat,Sports,2,79.99,159.98,Cash
C4024,O14024,2026-04-02,Gabriel Benson,Edison,Keyboard,Electronics,3,24.99,74.97,UPI
C4025,O14025,2025-09-07,Matthew Olson,Woodbridge,Notebook Pack,Stationery,1,3.99,3.99,Credit Card
C4026,O14026,2025-09-14,Mark Mcfarland,Edison,Keyboard,Electronics,3,24.99,74.97,Credit Card
C4027,O14027,2026-03-20,Andrea Walters,Woodbridge,Coffee Maker,Home Appliances,5,79.99,399.95,Credit Card
C4028,O14028,2026-02-16,Felicia Hayes,Newark,Table Lamp,Home Decor,4,14.99,59.96,Credit Card
C4029,O14029,2025-08-12,Tanya Gonzalez,Newark,Treadmill,Sports,1,399.99,399.99,Cash
C4030,O14030,2025-08-25,Mrs. Breanna Brown,Newark,Wireless Mouse,Electronics,1,19.99,19.99,Debit Card
C4031,O14031,2026-02-09,Rebecca Clark,Woodbridge,Smartwatch,Electronics,3,149.99,449.97,Cash
C4032,O14032,2025-07-06,James Kelley,Woodbridge,Coffee Maker,Home Appliances,4,79.99,319.96,Cash
C4033,O14033,2026-04-21,Wesley Martinez,Edison,Perfume,Fashion,5,29.99,149.95,UPI
C4034,O14034,2025-07-16,Courtney Solis,Edison,Backpack,Fashion,3,39.99,119.97,UPI
C4035,O14035,2025-09-27,Bonnie Brown,Iselin,Desk Organizer,Stationery,5,7.99,39.95,Credit Card
C4036,O14036,2025-08-15,John Velez,Newark,LED Monitor,Electronics,5,129.99,649.95,Credit Card
C4037,O14037,2025-10-14,Vickie Harrington,Edison,LED Monitor,Electronics,3,129.99,389.97,Cash
C4038,O14038,2025-09-18,Paige Fowler,Edison,Hair Dryer,Home Appliances,5,29.99,149.95,UPI
C4039,O14039,2025-09-30,Wesley Garcia,Jersey City,USB Cable,Electronics,5,5.99,29.95,UPI
C4040,O14040,2025-08-28,Eric Ford,Woodbridge,Wireless Mouse,Electronics,2,19.99,39.98,UPI
C4041,O14041,2025-09-21,Diane Hamilton,Edison,Keyboard,Electronics,5,24.99,124.95,UPI
C4042,O14042,2026-04-21,Daniel Nicholson,Woodbridge,Table Lamp,Home Decor,5,14.99,74.95,Cash
C4043,O14043,2026-04-15,Jennifer Rose,Iselin,Notebook Pack,Stationery,2,3.99,7.98,UPI
C4044,O14044,2026-05-22,Sharon Brooks,Iselin,Perfume,Fashion,2,29.99,59.98,Credit Card
C4045,O14045,2026-06-14,Lindsey Brewer,Iselin,Coffee Maker,Home Appliances,1,79.99,79.99,Credit Card
C4046,O14046,2025-06-28,Brittany Smith,Edison,Table Lamp,Home Decor,1,14.99,14.99,Cash
C4047,O14047,2025-08-02,Jacob Warren,Newark,Keyboard,Electronics,3,24.99,74.97,Credit Card
C4048,O14048,2025-09-22,Justin Chandler,Woodbridge,Blender,Home Appliances,5,49.99,249.95,UPI
C4049,O14049,2026-02-23,Christopher Casey,Iselin,Wireless Mouse,Electronics,2,19.99,39.98,UPI
C4050,O14050,2025-11-25,Ryan Rivera,Jersey City,Running Shoes,Fashion,1,59.99,59.99,Cash
C4051,O14051,2025-06-26,Carolyn Bean,Woodbridge,Blender,Home Appliances,1,49.99,49.99,Cash
C4052,O14052,2026-04-12,Rhonda Logan,Newark,Backpack,Fashion,1,39.99,39.99,Credit Card
C4053,O14053,2025-11-02,Ashley Velez,Jersey City,Table Lamp,Home Decor,2,14.99,29.98,Debit Card
C4054,O14054,2025-07-27,Sarah Barrera,Newark,Desk Organizer,Stationery,5,7.99,39.95,Cash
C4055,O14055,2026-05-19,Robert Williamson,Edison,Running Shoes,Fashion,4,59.99,239.96,Debit Card
C4056,O14056,2026-03-31,Brianna Johnston,Woodbridge,Keyboard,Electronics,5,24.99,124.95,Cash
C4057,O14057,2025-07-15,Linda Moses,Newark,Running Shoes,Fashion,2,59.99,119.98,Cash
C4058,O14058,2026-01-08,Janice Peterson,Edison,Table Lamp,Home Decor,3,14.99,44.97,Debit Card
C4059,O14059,2026-02-08,David Matthews DVM,Woodbridge,Cricket Bat,Sports,4,79.99,319.96,Debit Card
C4060,O14060,2025-07-14,Ashley Haynes,Newark,Smartwatch,Electronics,3,149.99,449.97,UPI
C4061,O14061,2025-11-01,Danny Branch,Edison,USB Cable,Electronics,5,5.99,29.95,Debit Card
C4062,O14062,2026-01-03,Luke Bradley,Newark,LED Monitor,Electronics,2,129.99,259.98,Debit Card
C4063,O14063,2026-03-10,Regina Ayala,Iselin,Smartwatch,Electronics,3,149.99,449.97,Cash
C4064,O14064,2026-03-22,Norman White,Newark,Hair Dryer,Home Appliances,3,29.99,89.97,Credit Card
C4065,O14065,2026-03-12,James Pearson,Jersey City,Perfume,Fashion,5,29.99,149.95,UPI
C4066,O14066,2026-05-25,Jessica Jimenez,Newark,Backpack,Fashion,2,39.99,79.98,Cash
C4067,O14067,2025-06-23,Tara Williams,Jersey City,Blender,Home Appliances,3,49.99,149.97,Cash
C4068,O14068,2025-08-31,Christine Oconnell,Iselin,Hair Dryer,Home Appliances,4,29.99,119.96,Credit Card
C4069,O14069,2025-07-19,Latasha Edwards,Woodbridge,Perfume,Fashion,2,29.99,59.98,Debit Card
C4070,O14070,2026-03-19,Melissa Brown,Newark,Water Bottle,Sports,1,9.99,9.99,Debit Card
C4071,O14071,2026-03-31,Michelle Smith,Edison,Coffee Maker,Home Appliances,4,79.99,319.96,UPI
C4072,O14072,2026-01-31,Samantha Quinn,Jersey City,Running Shoes,Fashion,1,59.99,59.99,Credit Card
C4073,O14073,2026-05-07,Fred Quinn,Edison,Backpack,Fashion,4,39.99,159.96,Credit Card
C4074,O14074,2025-07-24,Adam Smith,Iselin,Keyboard,Electronics,2,24.99,49.98,Debit Card
C4075,O14075,2025-07-17,Jamie Sullivan,Woodbridge,Coffee Maker,Home Appliances,5,79.99,399.95,Debit Card
C4076,O14076,2025-06-30,Justin Morrison,Newark,Wall Clock,Home Decor,3,19.99,59.97,Cash
C4077,O14077,2025-08-23,Mr. Jeffrey Ayala,Woodbridge,Wireless Mouse,Electronics,4,19.99,79.96,Debit Card
C4078,O14078,2025-12-14,Shannon Arnold,Edison,Wireless Earbuds,Electronics,3,49.99,149.97,Cash
C4079,O14079,2026-03-30,Jennifer Austin,Newark,Coffee Maker,Home Appliances,2,79.99,159.98,Credit Card
C4080,O14080,2026-03-29,Catherine Matthews,Edison,LED Monitor,Electronics,1,129.99,129.99,Cash
C4081,O14081,2026-01-11,Ryan Gardner,Jersey City,Wall Clock,Home Decor,5,19.99,99.95,UPI
C4082,O14082,2025-09-17,Thomas Chan,Woodbridge,Backpack,Fashion,5,39.99,199.95,UPI
C4083,O14083,2025-07-30,Jay Scott Jr.,Iselin,Wall Clock,Home Decor,2,19.99,39.98,Credit Card
C4084,O14084,2026-04-22,Colleen Terrell,Iselin,Treadmill,Sports,2,399.99,799.98,Debit Card
C4085,O14085,2025-06-23,Curtis Hill,Edison,Desk Organizer,Stationery,4,7.99,31.96,Cash
C4086,O14086,2025-09-21,Mike Thompson,Iselin,Wireless Mouse,Electronics,1,19.99,19.99,Cash
C4087,O14087,2025-12-25,Amanda Erickson,Iselin,LED Monitor,Electronics,3,129.99,389.97,Cash
C4088,O14088,2025-07-23,Cynthia James,Newark,Keyboard,Electronics,1,24.99,24.99,Cash
C4089,O14089,2026-05-02,Charles Vasquez,Edison,Smartwatch,Electronics,5,149.99,749.95,Debit Card
C4090,O14090,2025-07-19,Stephanie Williams,Edison,Backpack,Fashion,3,39.99,119.97,Cash
C4091,O14091,2026-05-01,Martin Martinez,Newark,Perfume,Fashion,3,29.99,89.97,Cash
C4092,O14092,2026-02-17,Christopher Warren,Newark,Blender,Home Appliances,3,49.99,149.97,Debit Card
C4093,O14093,2025-07-17,Amanda Williamson,Iselin,Water Bottle,Sports,5,9.99,49.95,Debit Card
C4094,O14094,2025-11-14,Alexander Wilson,Jersey City,Table Lamp,Home Decor,1,14.99,14.99,UPI
C4095,O14095,2025-09-08,Megan Herrera,Jersey City,Perfume,Fashion,5,29.99,149.95,Debit Card
C4096,O14096,2025-07-11,Catherine Leon,Jersey City,USB Cable,Electronics,1,5.99,5.99,UPI
C4097,O14097,2026-03-28,Thomas Wilson,Newark,Cricket Bat,Sports,3,79.99,239.97,UPI
C4098,O14098,2025-11-04,Samantha Long,Iselin,Backpack,Fashion,3,39.99,119.97,Cash
C4099,O14099,2025-09-27,Peter Horn,Newark,Wall Clock,Home Decor,5,19.99,99.95,Credit Card
C4100,O14100,2026-02-12,William Knapp,Woodbridge,Notebook Pack,Stationery,1,3.99,3.99,UPI
C4101,O14101,2026-05-07,Lauren Garcia,Iselin,Desk Organizer,Stationery,1,7.99,7.99,Cash
C4102,O14102,2025-07-03,Russell Hunt,Jersey City,LED Monitor,Electronics,2,129.99,259.98,UPI
C4103,O14103,2026-06-08,Carrie Patel,Woodbridge,Wireless Mouse,Electronics,1,19.99,19.99,Credit Card
C4104,O14104,2025-08-05,Corey Barajas,Woodbridge,Keyboard,Electronics,3,24.99,74.97,Credit Card
C4105,O14105,2026-02-19,Laura Stevens,Iselin,Backpack,Fashion,2,39.99,79.98,UPI
C4106,O14106,2025-07-03,Sara Young,Woodbridge,Table Lamp,Home Decor,2,14.99,29.98,UPI
C4107,O14107,2026-05-15,Hannah Romero,Iselin,Wireless Earbuds,Electronics,1,49.99,49.99,UPI
C4108,O14108,2026-02-12,Bobby Rodriguez,Jersey City,Cricket Bat,Sports,3,79.99,239.97,Credit Card
C4109,O14109,2026-05-19,Patricia Mcintosh,Woodbridge,LED Monitor,Electronics,5,129.99,649.95,UPI
C4110,O14110,2025-06-29,William Holloway,Newark,Notebook Pack,Stationery,2,3.99,7.98,Credit Card
C4111,O14111,2026-01-26,William Finley,Woodbridge,Running Shoes,Fashion,1,59.99,59.99,Debit Card
C4112,O14112,2025-09-20,Shawn York,Edison,Wireless Earbuds,Electronics,3,49.99,149.97,UPI
C4113,O14113,2025-06-25,Madison White,Woodbridge,Blender,Home Appliances,2,49.99,99.98,Credit Card
C4114,O14114,2026-04-09,Amy Weiss,Iselin,Perfume,Fashion,3,29.99,89.97,Cash
C4115,O14115,2025-12-17,Mrs. Cindy Hansen DDS,Jersey City,Notebook Pack,Stationery,5,3.99,19.95,Debit Card
C4116,O14116,2026-04-30,Tara Mcgee,Edison,Cricket Bat,Sports,5,79.99,399.95,Credit Card
C4117,O14117,2025-10-22,Jonathan Bailey,Edison,Cricket Bat,Sports,2,79.99,159.98,Debit Card
C4118,O14118,2025-07-27,Brandon Cooper,Jersey City,Running Shoes,Fashion,2,59.99,119.98,Debit Card
C4119,O14119,2026-01-12,Richard Cook,Newark,Wall Clock,Home Decor,3,19.99,59.97,Credit Card
C4120,O14120,2026-01-26,Colleen Cortez,Jersey City,Desk Organizer,Stationery,1,7.99,7.99,UPI
C4121,O14121,2025-09-29,Julia Davis,Jersey City,Desk Organizer,Stationery,2,7.99,15.98,Cash
C4122,O14122,2025-09-30,Edward Anderson,Edison,Wall Clock,Home Decor,5,19.99,99.95,Cash
C4123,O14123,2025-08-22,Stephanie Warren,Newark,Running Shoes,Fashion,2,59.99,119.98,Credit Card
C4124,O14124,2025-10-17,Charles Bryant,Woodbridge,Keyboard,Electronics,1,24.99,24.99,Debit Card
C4125,O14125,2025-12-17,Beth Reed,Jersey City,Treadmill,Sports,4,399.99,1599.96,Debit Card
C4126,O14126,2025-08-02,Barbara Horne,Edison,Desk Organizer,Stationery,3,7.99,23.97,Credit Card
C4127,O14127,2025-07-27,Keith Gonzalez,Iselin,Cricket Bat,Sports,1,79.99,79.99,Credit Card
C4128,O14128,2026-02-18,Chase Hawkins,Iselin,Table Lamp,Home Decor,2,14.99,29.98,Credit Card
C4129,O14129,2025-11-30,Richard Reynolds,Edison,Hair Dryer,Home Appliances,4,29.99,119.96,UPI
C4130,O14130,2025-10-24,Kayla Phillips,Jersey City,Coffee Maker,Home Appliances,4,79.99,319.96,Cash
C4131,O14131,2025-11-30,Amber Moran,Jersey City,Running Shoes,Fashion,5,59.99,299.95,UPI
C4132,O14132,2025-12-26,Dr. William Rivera,Woodbridge,Hair Dryer,Home Appliances,3,29.99,89.97,Cash
C4133,O14133,2026-02-27,Kimberly Brown,Newark,USB Cable,Electronics,1,5.99,5.99,UPI
C4134,O14134,2025-09-15,Teresa Jones,Woodbridge,Wall Clock,Home Decor,1,19.99,19.99,Credit Card
C4135,O14135,2026-05-05,Vanessa Kim,Jersey City,Backpack,Fashion,2,39.99,79.98,Credit Card
C4136,O14136,2025-07-22,Thomas Paul,Edison,Coffee Maker,Home Appliances,3,79.99,239.97,Credit Card
C4137,O14137,2026-01-27,Terry Waters,Edison,Blender,Home Appliances,5,49.99,249.95,Cash
C4138,O14138,2025-12-06,Erica Roberts,Newark,Water Bottle,Sports,2,9.99,19.98,Debit Card
C4139,O14139,2025-09-20,Eric Faulkner,Jersey City,Desk Organizer,Stationery,2,7.99,15.98,Debit Card
C4140,O14140,2026-05-31,Gwendolyn Jones,Newark,Smartwatch,Electronics,5,149.99,749.95,UPI
C4141,O14141,2025-10-12,Joshua Newton,Iselin,USB Cable,Electronics,2,5.99,11.98,Debit Card
C4142,O14142,2025-07-29,Lori Morales,Newark,Wireless Earbuds,Electronics,2,49.99,99.98,Cash
C4143,O14143,2026-04-03,Joshua Kirk,Edison,Desk Organizer,Stationery,1,7.99,7.99,Debit Card
C4144,O14144,2025-12-16,Sarah Jones,Woodbridge,Cricket Bat,Sports,1,79.99,79.99,Cash
C4145,O14145,2025-10-03,Keith Key,Woodbridge,Table Lamp,Home Decor,4,14.99,59.96,Cash
C4146,O14146,2025-12-31,Mark Torres,Edison,Perfume,Fashion,2,29.99,59.98,Credit Card
C4147,O14147,2025-10-13,Eric White,Woodbridge,Wireless Mouse,Electronics,2,19.99,39.98,Credit Card
C4148,O14148,2025-09-30,Holly Joseph,Iselin,Table Lamp,Home Decor,3,14.99,44.97,Debit Card
C4149,O14149,2026-03-16,Frank Benson,Edison,LED Monitor,Electronics,1,129.99,129.99,Debit Card
C4150,O14150,2026-05-24,Kevin Velazquez,Newark,Desk Organizer,Stationery,2,7.99,15.98,UPI
C4151,O14151,2026-02-05,Tracy Macias,Edison,Blender,Home Appliances,5,49.99,249.95,Debit Card
C4152,O14152,2025-07-28,Robert Hammond,Woodbridge,Wall Clock,Home Decor,2,19.99,39.98,UPI
C4153,O14153,2026-03-07,Wendy Frank,Newark,LED Monitor,Electronics,5,129.99,649.95,UPI
C4154,O14154,2025-11-27,Deanna Harris,Woodbridge,Wireless Mouse,Electronics,2,19.99,39.98,Credit Card
C4155,O14155,2025-07-28,Tyler Warren,Woodbridge,Wireless Mouse,Electronics,5,19.99,99.95,Cash
C4156,O14156,2026-03-09,Sean Dixon,Woodbridge,Table Lamp,Home Decor,3,14.99,44.97,Debit Card
C4157,O14157,2025-07-25,Jason Mccullough,Newark,Blender,Home Appliances,4,49.99,199.96,Debit Card
C4158,O14158,2026-05-24,Alyssa Torres,Newark,Perfume,Fashion,3,29.99,89.97,Debit Card
C4159,O14159,2025-12-03,Laura Brewer,Newark,Cricket Bat,Sports,4,79.99,319.96,UPI
C4160,O14160,2025-12-13,Leonard Molina,Iselin,Table Lamp,Home Decor,1,14.99,14.99,Cash
C4161,O14161,2026-05-10,Laurie Guzman,Iselin,Coffee Maker,Home Appliances,4,79.99,319.96,Credit Card
C4162,O14162,2025-10-25,Elizabeth Atkinson,Jersey City,Perfume,Fashion,4,29.99,119.96,Cash
C4163,O14163,2026-03-07,Stephanie Reed,Jersey City,Running Shoes,Fashion,2,59.99,119.98,Cash
C4164,O14164,2026-01-04,Nicholas Gomez II,Jersey City,Cricket Bat,Sports,2,79.99,159.98,UPI
C4165,O14165,2025-09-02,Troy Lee,Woodbridge,USB Cable,Electronics,1,5.99,5.99,Cash
C4166,O14166,2025-12-05,Anna Moore,Woodbridge,Smartwatch,Electronics,3,149.99,449.97,Debit Card
C4167,O14167,2025-10-24,Angela Clayton,Edison,Water Bottle,Sports,4,9.99,39.96,UPI
C4168,O14168,2025-11-30,Heather Quinn,Iselin,Table Lamp,Home Decor,3,14.99,44.97,UPI
C4169,O14169,2025-08-31,Karen Benson,Iselin,Blender,Home Appliances,4,49.99,199.96,Debit Card
C4170,O14170,2025-11-03,Antonio Adams,Jersey City,Coffee Maker,Home Appliances,4,79.99,319.96,Credit Card
C4171,O14171,2026-01-16,Stephanie Chang,Newark,Wireless Earbuds,Electronics,4,49.99,199.96,UPI
C4172,O14172,2026-02-06,Angel Benson,Jersey City,USB Cable,Electronics,5,5.99,29.95,Cash
C4173,O14173,2025-09-17,Jennifer Porter,Jersey City,Water Bottle,Sports,1,9.99,9.99,Credit Card
C4174,O14174,2026-01-18,Kimberly Collins MD,Jersey City,Hair Dryer,Home Appliances,5,29.99,149.95,UPI
C4175,O14175,2025-07-20,Gina Mclean,Iselin,Table Lamp,Home Decor,2,14.99,29.98,UPI
C4176,O14176,2025-06-14,Connor Smith,Iselin,Coffee Maker,Home Appliances,1,79.99,79.99,UPI
C4177,O14177,2026-04-23,Joseph Roberts,Newark,Water Bottle,Sports,5,9.99,49.95,Credit Card
C4178,O14178,2026-03-29,James Sims,Edison,LED Monitor,Electronics,1,129.99,129.99,UPI
C4179,O14179,2026-05-11,Edward Shaw,Edison,Wireless Mouse,Electronics,1,19.99,19.99,Cash
C4180,O14180,2026-06-05,Madeline Chapman,Jersey City,Desk Organizer,Stationery,1,7.99,7.99,UPI
C4181,O14181,2025-09-15,Debra Wallace,Jersey City,Treadmill,Sports,1,399.99,399.99,Credit Card
C4182,O14182,2026-02-24,Ernest Tran,Newark,Perfume,Fashion,3,29.99,89.97,Debit Card
C4183,O14183,2025-12-06,Mikayla Serrano,Edison,Cricket Bat,Sports,3,79.99,239.97,Cash
C4184,O14184,2026-03-23,Natalie Wallace,Jersey City,Perfume,Fashion,4,29.99,119.96,Credit Card
C4185,O14185,2026-03-09,Meagan Vega,Jersey City,Cricket Bat,Sports,2,79.99,159.98,UPI
C4186,O14186,2025-09-25,Victor Holder,Edison,Notebook Pack,Stationery,1,3.99,3.99,Debit Card
C4187,O14187,2026-01-10,Brian Thompson,Jersey City,Desk Organizer,Stationery,2,7.99,15.98,Credit Card
C4188,O14188,2026-03-09,Andrew Johnson,Edison,Wall Clock,Home Decor,2,19.99,39.98,Credit Card
C4189,O14189,2025-06-20,Kathryn Rodriguez,Edison,Running Shoes,Fashion,4,59.99,239.96,Cash
C4190,O14190,2025-06-30,Erika Stewart,Woodbridge,Running Shoes,Fashion,1,59.99,59.99,Cash
C4191,O14191,2025-06-28,Robert Walker,Iselin,Running Shoes,Fashion,3,59.99,179.97,Cash
C4192,O14192,2025-09-11,Jocelyn Baker,Jersey City,Wireless Earbuds,Electronics,2,49.99,99.98,Debit Card
C4193,O14193,2026-01-23,Jack Mendez,Woodbridge,Backpack,Fashion,5,39.99,199.95,Credit Card
C4194,O14194,2025-06-20,Nathan Malone,Edison,Blender,Home Appliances,4,49.99,199.96,Debit Card
C4195,O14195,2026-05-06,Andrew Stone,Edison,Wireless Mouse,Electronics,3,19.99,59.97,Credit Card
C4196,O14196,2025-09-13,Darlene Woodward,Woodbridge,Treadmill,Sports,3,399.99,1199.97,UPI
C4197,O14197,2026-01-05,Amber Anderson,Jersey City,Office Chair,Furniture,3,89.99,269.97,Cash
C4198,O14198,2025-09-27,Richard Baxter,Woodbridge,Wireless Mouse,Electronics,3,19.99,59.97,Cash
C4199,O14199,2026-01-26,Deborah Alexander,Jersey City,Blender,Home Appliances,4,49.99,199.96,Credit Card
C4200,O14200,2026-02-27,Travis Brown,Jersey City,Hair Dryer,Home Appliances,4,29.99,119.96,UPI
C4201,O14201,2026-01-12,Bradley Evans,Jersey City,Wireless Earbuds,Electronics,2,49.99,99.98,UPI
C4202,O14202,2025-10-28,Mark Larson,Newark,Running Shoes,Fashion,3,59.99,179.97,Cash
C4203,O14203,2025-10-09,Larry Hall,Newark,Wireless Mouse,Electronics,4,19.99,79.96,UPI
C4204,O14204,2025-09-04,Glenda Day,Iselin,Smartwatch,Electronics,3,149.99,449.97,UPI
C4205,O14205,2025-07-31,Susan Williams,Newark,Wall Clock,Home Decor,5,19.99,99.95,Debit Card
C4206,O14206,2026-02-07,Debra Hanson,Newark,Coffee Maker,Home Appliances,3,79.99,239.97,Cash
C4207,O14207,2026-02-14,Joshua Ramirez,Newark,Keyboard,Electronics,1,24.99,24.99,UPI
C4208,O14208,2025-07-19,Michael Macias,Iselin,Keyboard,Electronics,2,24.99,49.98,Debit Card
C4209,O14209,2025-07-01,Alyssa Monroe,Woodbridge,Wireless Mouse,Electronics,4,19.99,79.96,Credit Card
C4210,O14210,2025-07-13,Mr. Joseph Bird DDS,Woodbridge,Cricket Bat,Sports,5,79.99,399.95,Credit Card
C4211,O14211,2025-08-09,Zachary Rosales,Woodbridge,Wireless Earbuds,Electronics,2,49.99,99.98,Debit Card
C4212,O14212,2025-07-25,Adam Acosta,Edison,Treadmill,Sports,5,399.99,1999.95,Debit Card
C4213,O14213,2026-05-16,Jason Flores,Edison,Hair Dryer,Home Appliances,1,29.99,29.99,Cash
C4214,O14214,2025-10-09,Michelle Fisher,Newark,Treadmill,Sports,2,399.99,799.98,UPI
C4215,O14215,2025-12-04,Alexander Jenkins,Edison,Smartwatch,Electronics,5,149.99,749.95,UPI
C4216,O14216,2025-09-23,Amy Johnson,Jersey City,Smartwatch,Electronics,4,149.99,599.96,Cash
C4217,O14217,2025-11-23,Dylan Goodman,Jersey City,Office Chair,Furniture,5,89.99,449.95,Credit Card
C4218,O14218,2026-05-17,Jennifer Snyder,Iselin,LED Monitor,Electronics,5,129.99,649.95,Credit Card
C4219,O14219,2026-04-19,Andres Gates,Edison,Cricket Bat,Sports,5,79.99,399.95,Debit Card
C4220,O14220,2025-11-17,Amber Murray,Edison,Wireless Mouse,Electronics,2,19.99,39.98,Debit Card
C4221,O14221,2026-01-04,Jasmine Ferguson,Woodbridge,Desk Organizer,Stationery,4,7.99,31.96,Credit Card
C4222,O14222,2025-07-11,John Duncan,Jersey City,Hair Dryer,Home Appliances,3,29.99,89.97,Debit Card
C4223,O14223,2026-04-02,Matthew Green,Edison,Hair Dryer,Home Appliances,3,29.99,89.97,Credit Card
C4224,O14224,2026-01-30,Kimberly Murray,Woodbridge,Water Bottle,Sports,4,9.99,39.96,Debit Card
C4225,O14225,2025-06-26,Robert Jones,Iselin,Backpack,Fashion,4,39.99,159.96,Cash
C4226,O14226,2026-05-02,Matthew Snow,Iselin,Table Lamp,Home Decor,3,14.99,44.97,UPI
C4227,O14227,2026-04-15,Michelle Mcdonald,Edison,Running Shoes,Fashion,1,59.99,59.99,Cash
C4228,O14228,2026-01-07,Christine Ortega,Newark,Wall Clock,Home Decor,5,19.99,99.95,Credit Card
C4229,O14229,2025-07-14,Kevin Johnson,Woodbridge,USB Cable,Electronics,3,5.99,17.97,Cash
C4230,O14230,2025-10-19,Charles Salazar,Iselin,Perfume,Fashion,3,29.99,89.97,Credit Card
C4231,O14231,2025-07-02,David Caldwell,Jersey City,LED Monitor,Electronics,4,129.99,519.96,Credit Card
C4232,O14232,2026-03-16,Bryce Mccann,Edison,LED Monitor,Electronics,4,129.99,519.96,Credit Card
C4233,O14233,2026-01-19,Tina Chavez,Woodbridge,Treadmill,Sports,5,399.99,1999.95,Cash
C4234,O14234,2025-11-21,Gabriela Ayers,Edison,Coffee Maker,Home Appliances,3,79.99,239.97,Credit Card
C4235,O14235,2026-03-28,Teresa Williams,Newark,Table Lamp,Home Decor,5,14.99,74.95,UPI
C4236,O14236,2026-01-29,Molly Lester,Iselin,USB Cable,Electronics,5,5.99,29.95,Debit Card
C4237,O14237,2025-12-09,Yvette Miller,Jersey City,Water Bottle,Sports,1,9.99,9.99,UPI
C4238,O14238,2026-04-22,Caitlin Garcia,Jersey City,Cricket Bat,Sports,3,79.99,239.97,Cash
C4239,O14239,2026-02-15,Emma Mcneil PhD,Jersey City,Cricket Bat,Sports,3,79.99,239.97,Debit Card
C4240,O14240,2026-03-12,Lisa Garcia,Jersey City,Wall Clock,Home Decor,3,19.99,59.97,UPI
C4241,O14241,2026-03-20,Walter Davis,Woodbridge,USB Cable,Electronics,2,5.99,11.98,Cash
C4242,O14242,2026-02-20,Russell Cabrera,Edison,Hair Dryer,Home Appliances,3,29.99,89.97,Credit Card
C4243,O14243,2026-06-11,Kevin Watkins,Woodbridge,LED Monitor,Electronics,2,129.99,259.98,Cash
C4244,O14244,2026-02-26,Andrew Juarez,Jersey City,Hair Dryer,Home Appliances,2,29.99,59.98,UPI
C4245,O14245,2026-05-18,Robin Bryan,Jersey City,Cricket Bat,Sports,1,79.99,79.99,Credit Card
C4246,O14246,2026-05-26,Lisa King,Woodbridge,Coffee Maker,Home Appliances,3,79.99,239.97,UPI
C4247,O14247,2026-03-11,Rachel Peters,Newark,Coffee Maker,Home Appliances,2,79.99,159.98,UPI
C4248,O14248,2025-09-02,Monica Simmons,Iselin,Hair Dryer,Home Appliances,3,29.99,89.97,UPI
C4249,O14249,2026-05-17,Jared Haney,Woodbridge,Wireless Earbuds,Electronics,4,49.99,199.96,UPI
C4250,O14250,2025-08-24,Stephanie Contreras,Iselin,Perfume,Fashion,2,29.99,59.98,Credit Card
C4251,O14251,2025-08-29,Christopher Hernandez,Edison,Perfume,Fashion,2,29.99,59.98,UPI
C4252,O14252,2025-11-20,Jasmine Boyd,Woodbridge,Keyboard,Electronics,3,24.99,74.97,Debit Card
C4253,O14253,2025-11-02,Wendy Smith,Woodbridge,Wireless Mouse,Electronics,5,19.99,99.95,Credit Card
C4254,O14254,2025-09-05,Angela Randall,Newark,Water Bottle,Sports,2,9.99,19.98,UPI
C4255,O14255,2026-04-07,Christina Cantu,Newark,Blender,Home Appliances,3,49.99,149.97,UPI
C4256,O14256,2026-05-30,Troy Anderson,Woodbridge,Table Lamp,Home Decor,4,14.99,59.96,UPI
C4257,O14257,2025-08-06,Manuel Davis,Edison,Water Bottle,Sports,3,9.99,29.97,UPI
C4258,O14258,2025-12-27,Lisa Carter,Woodbridge,Notebook Pack,Stationery,5,3.99,19.95,Credit Card
C4259,O14259,2026-02-12,Jessica Byrd,Newark,Table Lamp,Home Decor,2,14.99,29.98,UPI
C4260,O14260,2026-03-06,Sandra Rhodes,Edison,Office Chair,Furniture,5,89.99,449.95,Debit Card
C4261,O14261,2026-04-15,Wesley Jones,Woodbridge,Keyboard,Electronics,4,24.99,99.96,Credit Card
C4262,O14262,2026-02-10,Michelle Lutz,Jersey City,Backpack,Fashion,4,39.99,159.96,Credit Card
C4263,O14263,2026-01-17,Ashley Blankenship,Woodbridge,Coffee Maker,Home Appliances,4,79.99,319.96,Debit Card
C4264,O14264,2026-04-29,Joseph Bates,Newark,Table Lamp,Home Decor,5,14.99,74.95,Cash
C4265,O14265,2026-05-21,Shelby Brown,Woodbridge,Blender,Home Appliances,4,49.99,199.96,Cash
C4266,O14266,2025-11-26,Jeremy Kelly,Edison,Water Bottle,Sports,2,9.99,19.98,Cash
C4267,O14267,2026-04-11,Cassandra Alvarez,Woodbridge,Desk Organizer,Stationery,5,7.99,39.95,UPI
C4268,O14268,2026-03-26,Julie Allen,Jersey City,Notebook Pack,Stationery,1,3.99,3.99,UPI
C4269,O14269,2025-10-30,Autumn Moss,Newark,Backpack,Fashion,3,39.99,119.97,Credit Card
C4270,O14270,2025-07-06,Joel Hicks,Newark,Hair Dryer,Home Appliances,2,29.99,59.98,Cash
C4271,O14271,2025-06-24,Mr. Justin Ward,Jersey City,Keyboard,Electronics,4,24.99,99.96,UPI
C4272,O14272,2026-05-25,Nicholas Salas,Iselin,Coffee Maker,Home Appliances,2,79.99,159.98,UPI
C4273,O14273,2025-08-21,Crystal Mcbride,Iselin,Blender,Home Appliances,3,49.99,149.97,Debit Card
C4274,O14274,2025-10-15,Andrew Jackson,Newark,Smartwatch,Electronics,3,149.99,449.97,Credit Card
C4275,O14275,2026-03-19,Michelle Singh,Iselin,Running Shoes,Fashion,5,59.99,299.95,UPI
C4276,O14276,2025-10-09,Dr. Christina Mitchell,Jersey City,Wireless Mouse,Electronics,1,19.99,19.99,UPI
C4277,O14277,2026-03-16,Christy Smith,Woodbridge,Wireless Mouse,Electronics,1,19.99,19.99,Credit Card
C4278,O14278,2026-02-04,Carrie Wallace,Jersey City,Notebook Pack,Stationery,1,3.99,3.99,UPI
C4279,O14279,2025-07-15,Craig Maxwell,Iselin,Desk Organizer,Stationery,3,7.99,23.97,UPI
C4280,O14280,2025-10-27,Anthony Barker,Edison,Cricket Bat,Sports,2,79.99,159.98,Debit Card
C4281,O14281,2025-10-09,Janice Adams DVM,Edison,Perfume,Fashion,5,29.99,149.95,UPI
C4282,O14282,2025-09-27,Diana Jones,Woodbridge,Desk Organizer,Stationery,4,7.99,31.96,Credit Card
C4283,O14283,2026-02-07,Lisa Johnson,Jersey City,LED Monitor,Electronics,2,129.99,259.98,Cash
C4284,O14284,2025-06-27,Dawn Cook,Edison,Wireless Mouse,Electronics,1,19.99,19.99,Debit Card
C4285,O14285,2025-07-24,Megan Richards,Woodbridge,Smartwatch,Electronics,5,149.99,749.95,Credit Card
C4286,O14286,2026-03-31,Jennifer Atkins,Woodbridge,Table Lamp,Home Decor,3,14.99,44.97,Cash
C4287,O14287,2026-06-06,Doris Moore,Jersey City,Wireless Earbuds,Electronics,3,49.99,149.97,UPI
C4288,O14288,2025-07-28,Carol Roth,Edison,Treadmill,Sports,3,399.99,1199.97,Cash
C4289,O14289,2025-09-26,Joshua Rogers,Edison,LED Monitor,Electronics,3,129.99,389.97,Credit Card
C4290,O14290,2025-09-21,David Woods,Edison,Wireless Earbuds,Electronics,4,49.99,199.96,Credit Card
C4291,O14291,2025-07-10,Ashley Velez,Newark,Water Bottle,Sports,1,9.99,9.99,Debit Card
C4292,O14292,2026-06-09,Mrs. Teresa Johnson,Iselin,Smartwatch,Electronics,1,149.99,149.99,UPI
C4293,O14293,2025-07-09,Theresa Harrington,Jersey City,Backpack,Fashion,3,39.99,119.97,UPI
C4294,O14294,2025-12-20,George Moore,Newark,Office Chair,Furniture,2,89.99,179.98,Debit Card
C4295,O14295,2025-09-23,Jerome Gomez,Edison,Hair Dryer,Home Appliances,4,29.99,119.96,Credit Card
C4296,O14296,2025-08-11,Sarah Miranda,Edison,Water Bottle,Sports,5,9.99,49.95,Credit Card
C4297,O14297,2025-06-26,Alicia Brown,Edison,Wireless Mouse,Electronics,5,19.99,99.95,Debit Card
C4298,O14298,2026-02-16,Natalie Walker,Edison,Water Bottle,Sports,5,9.99,49.95,Debit Card
C4299,O14299,2026-01-12,Lisa Martinez,Jersey City,Office Chair,Furniture,3,89.99,269.97,Debit Card
C4300,O14300,2026-04-03,Janet Gray,Edison,Wall Clock,Home Decor,1,19.99,19.99,Debit Card
C4301,O14301,2026-03-11,Dawn Freeman,Iselin,Notebook Pack,Stationery,4,3.99,15.96,Debit Card
C4302,O14302,2025-10-14,David Thomas,Jersey City,Cricket Bat,Sports,4,79.99,319.96,UPI
C4303,O14303,2025-07-16,Crystal Sanchez PhD,Iselin,Cricket Bat,Sports,1,79.99,79.99,Debit Card
C4304,O14304,2025-11-13,Connie Lee,Edison,Smartwatch,Electronics,1,149.99,149.99,Debit Card
C4305,O14305,2026-04-06,Ann Chandler,Jersey City,Perfume,Fashion,3,29.99,89.97,Credit Card
C4306,O14306,2026-04-16,Stacie Juarez,Woodbridge,Treadmill,Sports,1,399.99,399.99,Debit Card
C4307,O14307,2025-12-04,Alexander Moss,Woodbridge,Running Shoes,Fashion,5,59.99,299.95,Credit Card
C4308,O14308,2025-07-27,Margaret Watson,Jersey City,USB Cable,Electronics,1,5.99,5.99,Credit Card
C4309,O14309,2026-03-31,Ryan Houston,Edison,Treadmill,Sports,3,399.99,1199.97,UPI
C4310,O14310,2025-09-17,Zachary Mejia,Woodbridge,Smartwatch,Electronics,1,149.99,149.99,Cash
C4311,O14311,2025-06-18,Desiree Mccann,Edison,Treadmill,Sports,4,399.99,1599.96,Cash
C4312,O14312,2025-09-14,Joseph Glenn,Woodbridge,Desk Organizer,Stationery,5,7.99,39.95,Cash
C4313,O14313,2026-04-14,David Lewis,Edison,Notebook Pack,Stationery,3,3.99,11.97,UPI
C4314,O14314,2026-05-09,Taylor Bailey,Newark,Blender,Home Appliances,2,49.99,99.98,UPI
C4315,O14315,2026-04-09,Caleb Smith,Iselin,Treadmill,Sports,1,399.99,399.99,Debit Card
C4316,O14316,2026-03-25,Susan Warner,Iselin,Wireless Mouse,Electronics,1,19.99,19.99,Debit Card
C4317,O14317,2025-12-06,Melissa Anderson,Newark,Smartwatch,Electronics,5,149.99,749.95,UPI
C4318,O14318,2026-01-02,Lee Woodward,Edison,Smartwatch,Electronics,4,149.99,599.96,UPI
C4319,O14319,2025-10-29,Allison Payne,Iselin,Hair Dryer,Home Appliances,3,29.99,89.97,Credit Card
C4320,O14320,2026-01-13,Colin Garcia,Jersey City,Water Bottle,Sports,5,9.99,49.95,Debit Card
C4321,O14321,2025-09-22,Kristen Ramos,Iselin,Desk Organizer,Stationery,4,7.99,31.96,Credit Card
C4322,O14322,2026-03-12,Michael Solis,Woodbridge,Water Bottle,Sports,1,9.99,9.99,UPI
C4323,O14323,2026-04-21,Carrie Bell,Woodbridge,Office Chair,Furniture,1,89.99,89.99,Credit Card
C4324,O14324,2026-01-22,Heidi Chavez,Iselin,Treadmill,Sports,4,399.99,1599.96,Credit Card
C4325,O14325,2026-05-22,Heather Martin,Iselin,Coffee Maker,Home Appliances,4,79.99,319.96,Debit Card
C4326,O14326,2025-10-24,William Perkins,Woodbridge,Desk Organizer,Stationery,3,7.99,23.97,Cash
C4327,O14327,2026-04-04,Michael Davis,Iselin,Running Shoes,Fashion,5,59.99,299.95,Cash
C4328,O14328,2025-10-04,Jennifer Leonard,Woodbridge,Water Bottle,Sports,3,9.99,29.97,Credit Card
C4329,O14329,2025-10-03,Krista Lara,Jersey City,Office Chair,Furniture,1,89.99,89.99,Debit Card
C4330,O14330,2025-12-19,Jeff Williams,Woodbridge,Notebook Pack,Stationery,2,3.99,7.98,UPI
C4331,O14331,2025-10-12,Nancy Terry,Edison,Blender,Home Appliances,1,49.99,49.99,UPI
C4332,O14332,2025-07-22,Jonathan Neal,Newark,Blender,Home Appliances,2,49.99,99.98,Debit Card
C4333,O14333,2026-02-19,Sarah Rogers,Jersey City,USB Cable,Electronics,5,5.99,29.95,Credit Card
C4334,O14334,2026-02-21,Jeff Wallace,Edison,Hair Dryer,Home Appliances,1,29.99,29.99,UPI
C4335,O14335,2026-03-24,William Bruce,Newark,Running Shoes,Fashion,5,59.99,299.95,UPI
C4336,O14336,2026-06-12,Kristen Bennett,Jersey City,Running Shoes,Fashion,1,59.99,59.99,UPI
C4337,O14337,2025-07-21,Scott Sloan,Edison,Wireless Mouse,Electronics,3,19.99,59.97,Credit Card
C4338,O14338,2025-09-13,Kayla Garner,Edison,USB Cable,Electronics,3,5.99,17.97,Credit Card
C4339,O14339,2026-05-09,Jacqueline Lopez,Iselin,Running Shoes,Fashion,5,59.99,299.95,UPI
C4340,O14340,2025-08-05,William Norris,Newark,Running Shoes,Fashion,3,59.99,179.97,Debit Card
C4341,O14341,2025-09-17,Jesse Gordon,Woodbridge,Perfume,Fashion,5,29.99,149.95,UPI
C4342,O14342,2025-12-31,Michelle Berry,Iselin,Water Bottle,Sports,4,9.99,39.96,Debit Card
C4343,O14343,2025-09-12,Christina White,Edison,Desk Organizer,Stationery,1,7.99,7.99,Cash
C4344,O14344,2025-06-17,Veronica Rogers,Woodbridge,Backpack,Fashion,1,39.99,39.99,Credit Card
C4345,O14345,2025-12-27,Christopher Cook,Newark,Coffee Maker,Home Appliances,2,79.99,159.98,Credit Card
C4346,O14346,2025-06-27,Jennifer Schultz,Newark,Wireless Mouse,Electronics,3,19.99,59.97,UPI
C4347,O14347,2025-08-11,Ashley Allen,Newark,Cricket Bat,Sports,2,79.99,159.98,Debit Card
C4348,O14348,2025-10-28,Ryan Owens,Edison,Coffee Maker,Home Appliances,5,79.99,399.95,Cash
C4349,O14349,2025-10-24,David Bishop,Woodbridge,Perfume,Fashion,4,29.99,119.96,Credit Card
C4350,O14350,2025-10-23,Matthew Campbell,Edison,Backpack,Fashion,4,39.99,159.96,UPI
C4351,O14351,2026-04-14,Mrs. Angela Bryan,Newark,Cricket Bat,Sports,5,79.99,399.95,Cash
C4352,O14352,2025-11-13,Kristy Henson,Iselin,Smartwatch,Electronics,1,149.99,149.99,UPI
C4353,O14353,2025-06-28,Christine Oconnor,Newark,Blender,Home Appliances,5,49.99,249.95,Cash
C4354,O14354,2025-11-10,Dr. Kaitlin Bowen,Edison,Blender,Home Appliances,1,49.99,49.99,Debit Card
C4355,O14355,2026-01-27,Kathy Meyer,Woodbridge,Cricket Bat,Sports,4,79.99,319.96,Cash
C4356,O14356,2026-03-06,Alan Barron,Iselin,Wall Clock,Home Decor,5,19.99,99.95,Credit Card
C4357,O14357,2026-02-27,Samantha Jensen,Edison,Perfume,Fashion,3,29.99,89.97,Debit Card
C4358,O14358,2025-07-05,Andrew Smith,Woodbridge,Treadmill,Sports,3,399.99,1199.97,UPI
C4359,O14359,2025-06-14,Kathy Sanders,Jersey City,LED Monitor,Electronics,3,129.99,389.97,Debit Card
C4360,O14360,2026-02-07,Matthew Washington,Edison,Wall Clock,Home Decor,4,19.99,79.96,Credit Card
C4361,O14361,2026-05-25,Miguel Lee,Iselin,Blender,Home Appliances,1,49.99,49.99,UPI
C4362,O14362,2025-12-16,Kristopher Gates,Edison,Blender,Home Appliances,3,49.99,149.97,Cash
C4363,O14363,2025-09-10,Kelli Brown,Jersey City,Hair Dryer,Home Appliances,5,29.99,149.95,Debit Card
C4364,O14364,2026-03-06,Bradley Simmons,Edison,Blender,Home Appliances,1,49.99,49.99,Credit Card
C4365,O14365,2026-04-14,Christopher Silva,Iselin,USB Cable,Electronics,2,5.99,11.98,Credit Card
C4366,O14366,2026-01-18,Edward Guzman,Iselin,Wall Clock,Home Decor,5,19.99,99.95,UPI
C4367,O14367,2025-07-13,Jessica Adams,Iselin,Office Chair,Furniture,4,89.99,359.96,UPI
C4368,O14368,2025-10-07,Shannon Elliott,Newark,Blender,Home Appliances,1,49.99,49.99,UPI
C4369,O14369,2026-03-04,Daryl Lee,Woodbridge,Keyboard,Electronics,1,24.99,24.99,Debit Card
C4370,O14370,2025-07-15,Brenda Carroll,Edison,Table Lamp,Home Decor,4,14.99,59.96,Credit Card
C4371,O14371,2025-09-05,Chad Reed,Newark,Coffee Maker,Home Appliances,5,79.99,399.95,Credit Card
C4372,O14372,2025-08-14,Brandy Christensen,Iselin,Blender,Home Appliances,5,49.99,249.95,Credit Card
C4373,O14373,2025-10-27,Paul Oneill,Iselin,Desk Organizer,Stationery,2,7.99,15.98,Debit Card
C4374,O14374,2025-10-09,Diane Davis,Jersey City,Wireless Earbuds,Electronics,3,49.99,149.97,Debit Card
C4375,O14375,2025-08-03,Miss Ebony Bridges,Woodbridge,Office Chair,Furniture,5,89.99,449.95,Credit Card
C4376,O14376,2025-10-02,Cassandra Pierce,Edison,Office Chair,Furniture,2,89.99,179.98,Credit Card
C4377,O14377,2025-09-27,Lisa Fuller,Woodbridge,Backpack,Fashion,3,39.99,119.97,Cash
C4378,O14378,2026-05-29,Michael Pruitt,Jersey City,Notebook Pack,Stationery,3,3.99,11.97,Credit Card
C4379,O14379,2025-09-13,Marcus Cohen,Jersey City,Perfume,Fashion,3,29.99,89.97,Credit Card
C4380,O14380,2026-04-26,Christopher Bond,Iselin,Notebook Pack,Stationery,4,3.99,15.96,Credit Card
C4381,O14381,2025-07-19,Christopher Kelly,Jersey City,Wireless Earbuds,Electronics,3,49.99,149.97,Credit Card
C4382,O14382,2026-04-13,John Rodriguez,Edison,Office Chair,Furniture,2,89.99,179.98,Debit Card
C4383,O14383,2026-01-28,Alexander Reynolds,Iselin,Running Shoes,Fashion,1,59.99,59.99,UPI
C4384,O14384,2025-09-17,Christopher Hendrix,Newark,Running Shoes,Fashion,4,59.99,239.96,Debit Card
C4385,O14385,2026-03-01,Erin Brock,Edison,Wireless Earbuds,Electronics,2,49.99,99.98,Debit Card
C4386,O14386,2025-06-25,Paul Ortiz IV,Woodbridge,Smartwatch,Electronics,5,149.99,749.95,Credit Card
C4387,O14387,2025-08-07,Diane Pitts,Newark,Hair Dryer,Home Appliances,3,29.99,89.97,Cash
C4388,O14388,2025-06-23,Kimberly Galvan,Edison,Desk Organizer,Stationery,5,7.99,39.95,Cash
C4389,O14389,2025-12-30,Francis Moore,Iselin,Smartwatch,Electronics,4,149.99,599.96,Debit Card
C4390,O14390,2025-10-26,Hayley Nguyen,Iselin,Blender,Home Appliances,2,49.99,99.98,UPI
C4391,O14391,2026-03-24,Jacqueline Anderson,Edison,LED Monitor,Electronics,3,129.99,389.97,UPI
C4392,O14392,2025-08-06,Heather Roberts,Jersey City,Blender,Home Appliances,3,49.99,149.97,Credit Card
C4393,O14393,2025-06-30,David Ross,Newark,Hair Dryer,Home Appliances,3,29.99,89.97,Cash
C4394,O14394,2026-03-28,Holly Taylor,Edison,Wireless Earbuds,Electronics,2,49.99,99.98,UPI
C4395,O14395,2026-04-06,Tracy Holt,Edison,Office Chair,Furniture,3,89.99,269.97,Credit Card
C4396,O14396,2026-03-14,Tracey Page,Newark,Smartwatch,Electronics,5,149.99,749.95,UPI
C4397,O14397,2026-03-07,Mary Hill,Edison,Desk Organizer,Stationery,2,7.99,15.98,Credit Card
C4398,O14398,2026-05-07,Tina Wang,Edison,Desk Organizer,Stationery,3,7.99,23.97,Debit Card
C4399,O14399,2025-08-01,Patrick Howard,Newark,USB Cable,Electronics,5,5.99,29.95,Debit Card
C4400,O14400,2026-05-01,Dennis Camacho,Newark,Keyboard,Electronics,4,24.99,99.96,Credit Card
C4401,O14401,2026-01-25,Dean Miller,Newark,Wireless Mouse,Electronics,5,19.99,99.95,Debit Card
C4402,O14402,2026-05-08,Sara King,Edison,Coffee Maker,Home Appliances,4,79.99,319.96,UPI
C4403,O14403,2025-09-03,Jean Carter,Newark,Wireless Earbuds,Electronics,1,49.99,49.99,Cash
C4404,O14404,2026-05-30,Jeffrey Walton,Edison,Notebook Pack,Stationery,1,3.99,3.99,Cash
C4405,O14405,2025-07-24,Raven Sheppard,Iselin,USB Cable,Electronics,4,5.99,23.96,Debit Card
C4406,O14406,2026-03-27,Andre Johnson,Woodbridge,Treadmill,Sports,2,399.99,799.98,Cash
C4407,O14407,2026-01-24,Thomas Davis,Jersey City,Smartwatch,Electronics,3,149.99,449.97,Credit Card
C4408,O14408,2025-12-19,Kimberly Peterson,Jersey City,Smartwatch,Electronics,3,149.99,449.97,UPI
C4409,O14409,2025-12-17,Derek Larson,Edison,Smartwatch,Electronics,2,149.99,299.98,Credit Card
C4410,O14410,2025-12-24,Donna Vincent,Woodbridge,Wall Clock,Home Decor,2,19.99,39.98,Cash
C4411,O14411,2025-09-28,Tammy Morales,Jersey City,LED Monitor,Electronics,5,129.99,649.95,UPI
C4412,O14412,2026-01-06,Paul Roberts,Edison,Office Chair,Furniture,3,89.99,269.97,Cash
C4413,O14413,2026-05-17,Robert Goodman,Jersey City,USB Cable,Electronics,4,5.99,23.96,Credit Card
C4414,O14414,2025-10-26,April Smith,Edison,Hair Dryer,Home Appliances,2,29.99,59.98,Debit Card
C4415,O14415,2025-11-23,Andrew Pena,Woodbridge,Wireless Earbuds,Electronics,2,49.99,99.98,UPI
C4416,O14416,2025-10-25,Michelle Johnson,Jersey City,Desk Organizer,Stationery,1,7.99,7.99,Debit Card
C4417,O14417,2025-12-11,Terry Chaney,Iselin,Hair Dryer,Home Appliances,3,29.99,89.97,Debit Card
C4418,O14418,2026-03-19,Danielle Carter,Edison,Smartwatch,Electronics,3,149.99,449.97,Cash
C4419,O14419,2026-03-10,Christopher Rodriguez,Woodbridge,Perfume,Fashion,3,29.99,89.97,Debit Card
C4420,O14420,2026-05-08,James Blanchard,Jersey City,Backpack,Fashion,3,39.99,119.97,Credit Card
C4421,O14421,2025-12-27,Mr. Alex Gregory,Edison,Running Shoes,Fashion,5,59.99,299.95,Credit Card
C4422,O14422,2025-06-20,Jeremy Anderson,Jersey City,Coffee Maker,Home Appliances,4,79.99,319.96,Debit Card
C4423,O14423,2025-07-05,James Walker,Iselin,Hair Dryer,Home Appliances,1,29.99,29.99,Debit Card
C4424,O14424,2025-10-31,Allen Baker Jr.,Woodbridge,Treadmill,Sports,2,399.99,799.98,Credit Card
C4425,O14425,2025-08-23,Grace Herrera,Jersey City,Backpack,Fashion,1,39.99,39.99,Cash
C4426,O14426,2026-02-09,Julian King,Jersey City,Desk Organizer,Stationery,1,7.99,7.99,UPI
C4427,O14427,2026-06-04,Daniel Jones,Woodbridge,Water Bottle,Sports,3,9.99,29.97,Debit Card
C4428,O14428,2025-06-16,Lisa Harris,Edison,Cricket Bat,Sports,4,79.99,319.96,Cash
C4429,O14429,2025-12-09,Jay Johnson,Woodbridge,Coffee Maker,Home Appliances,2,79.99,159.98,UPI
C4430,O14430,2025-11-06,Marc Murray,Edison,Smartwatch,Electronics,1,149.99,149.99,Debit Card
C4431,O14431,2025-09-29,Sarah Nunez,Edison,Wireless Mouse,Electronics,3,19.99,59.97,Credit Card
C4432,O14432,2025-09-14,Brenda Thompson,Jersey City,Table Lamp,Home Decor,1,14.99,14.99,Cash
C4433,O14433,2025-08-21,Sarah Joyce,Edison,Cricket Bat,Sports,2,79.99,159.98,Credit Card
C4434,O14434,2025-09-07,Edwin Howard,Woodbridge,Keyboard,Electronics,4,24.99,99.96,Credit Card
C4435,O14435,2025-12-15,Richard Peterson,Iselin,Running Shoes,Fashion,4,59.99,239.96,Cash
C4436,O14436,2025-07-10,Denise Wall,Edison,Wireless Mouse,Electronics,5,19.99,99.95,Cash
C4437,O14437,2025-10-10,Rachel Acevedo,Iselin,Wall Clock,Home Decor,1,19.99,19.99,UPI
C4438,O14438,2025-11-10,Robert Hoover,Iselin,Table Lamp,Home Decor,5,14.99,74.95,Credit Card
C4439,O14439,2025-08-28,Shane Gonzalez,Newark,Desk Organizer,Stationery,1,7.99,7.99,UPI
C4440,O14440,2026-03-17,Jessica Freeman,Woodbridge,Hair Dryer,Home Appliances,1,29.99,29.99,Cash
C4441,O14441,2025-10-05,Kelly Boyd,Newark,Table Lamp,Home Decor,3,14.99,44.97,Credit Card
C4442,O14442,2026-02-27,Alicia Garrison,Iselin,Cricket Bat,Sports,3,79.99,239.97,UPI
C4443,O14443,2026-04-27,Allen Stafford,Newark,Cricket Bat,Sports,2,79.99,159.98,UPI
C4444,O14444,2025-06-25,Henry Holden,Jersey City,Hair Dryer,Home Appliances,5,29.99,149.95,Debit Card
C4445,O14445,2025-06-15,Victoria Rodriguez,Iselin,Office Chair,Furniture,4,89.99,359.96,Credit Card
C4446,O14446,2025-12-07,Annette Price,Edison,Notebook Pack,Stationery,4,3.99,15.96,UPI
C4447,O14447,2026-05-31,Katherine Olson,Edison,Wall Clock,Home Decor,1,19.99,19.99,Debit Card
C4448,O14448,2026-02-19,Mrs. Jaime Smith,Iselin,USB Cable,Electronics,3,5.99,17.97,Debit Card
C4449,O14449,2025-12-18,Amy Avila,Iselin,Wall Clock,Home Decor,5,19.99,99.95,UPI
C4450,O14450,2025-08-09,Lisa Williams,Newark,LED Monitor,Electronics,4,129.99,519.96,Debit Card
C4451,O14451,2025-12-04,Diana Scott,Woodbridge,Notebook Pack,Stationery,2,3.99,7.98,UPI
C4452,O14452,2025-11-24,Cynthia Garcia,Newark,Running Shoes,Fashion,3,59.99,179.97,Debit Card
C4453,O14453,2026-04-07,Kelly Riggs,Iselin,Water Bottle,Sports,1,9.99,9.99,Debit Card
C4454,O14454,2025-07-26,Jeffrey Bray,Edison,Desk Organizer,Stationery,1,7.99,7.99,Debit Card
C4455,O14455,2026-06-03,Curtis Martinez,Jersey City,Running Shoes,Fashion,2,59.99,119.98,Debit Card
C4456,O14456,2025-06-16,Jessica Morrison,Jersey City,Perfume,Fashion,2,29.99,59.98,Cash
C4457,O14457,2025-08-03,Shawn Villegas,Edison,Running Shoes,Fashion,4,59.99,239.96,Debit Card
C4458,O14458,2026-01-29,Andrew Anderson,Jersey City,Wall Clock,Home Decor,3,19.99,59.97,Credit Card
C4459,O14459,2026-02-12,Mark Bell,Woodbridge,LED Monitor,Electronics,2,129.99,259.98,Cash
C4460,O14460,2025-11-06,Kelly Lewis,Newark,Treadmill,Sports,4,399.99,1599.96,Credit Card
C4461,O14461,2026-03-23,Jacob Phillips,Newark,LED Monitor,Electronics,1,129.99,129.99,UPI
C4462,O14462,2026-02-23,Debbie Smith,Edison,Notebook Pack,Stationery,5,3.99,19.95,Debit Card
C4463,O14463,2025-11-22,Mario Farley,Iselin,Table Lamp,Home Decor,5,14.99,74.95,Cash
C4464,O14464,2026-06-07,James Fischer,Edison,Cricket Bat,Sports,5,79.99,399.95,Debit Card
C4465,O14465,2025-08-14,Leah Ramirez,Woodbridge,Blender,Home Appliances,2,49.99,99.98,UPI
C4466,O14466,2026-06-02,Donald Hart,Iselin,Running Shoes,Fashion,5,59.99,299.95,Debit Card
C4467,O14467,2025-07-09,Darius Conway,Iselin,Wireless Mouse,Electronics,4,19.99,79.96,Debit Card
C4468,O14468,2025-07-04,Ariel Hicks,Newark,Running Shoes,Fashion,4,59.99,239.96,UPI
C4469,O14469,2025-08-12,Brandon Peters,Newark,Perfume,Fashion,4,29.99,119.96,Cash
C4470,O14470,2025-09-12,Sheila Bailey,Woodbridge,Hair Dryer,Home Appliances,2,29.99,59.98,UPI
C4471,O14471,2025-09-22,Raymond Carroll,Newark,Desk Organizer,Stationery,4,7.99,31.96,Credit Card
C4472,O14472,2025-12-13,Mrs. Taylor Hanna DDS,Edison,LED Monitor,Electronics,5,129.99,649.95,Debit Card
C4473,O14473,2025-08-04,Michael Wilson,Iselin,USB Cable,Electronics,2,5.99,11.98,Debit Card
C4474,O14474,2026-02-05,Tina Jensen,Jersey City,Treadmill,Sports,4,399.99,1599.96,Debit Card
C4475,O14475,2025-12-06,Logan Mcdaniel,Woodbridge,Wireless Earbuds,Electronics,1,49.99,49.99,Cash
C4476,O14476,2025-08-13,Angel Alvarez,Newark,Smartwatch,Electronics,1,149.99,149.99,Debit Card
C4477,O14477,2025-09-26,Morgan Kelly,Newark,Coffee Maker,Home Appliances,1,79.99,79.99,Cash
C4478,O14478,2026-01-23,Samuel Crosby,Jersey City,Wireless Mouse,Electronics,1,19.99,19.99,UPI
C4479,O14479,2026-04-23,Danielle Miller,Newark,Wall Clock,Home Decor,5,19.99,99.95,UPI
C4480,O14480,2025-11-03,Jessica Gonzales,Edison,Notebook Pack,Stationery,2,3.99,7.98,Debit Card
C4481,O14481,2026-05-13,Tyrone Morris,Jersey City,Wireless Earbuds,Electronics,5,49.99,249.95,Cash
C4482,O14482,2026-05-29,Whitney Valentine,Newark,Water Bottle,Sports,2,9.99,19.98,Debit Card
C4483,O14483,2026-06-02,Harold Nixon,Newark,LED Monitor,Electronics,4,129.99,519.96,UPI
C4484,O14484,2026-03-19,David Ryan,Newark,Notebook Pack,Stationery,2,3.99,7.98,Debit Card
C4485,O14485,2025-12-10,Michael Butler,Jersey City,Wireless Earbuds,Electronics,2,49.99,99.98,Credit Card
C4486,O14486,2026-03-23,Michael Pham,Woodbridge,Table Lamp,Home Decor,3,14.99,44.97,Cash
C4487,O14487,2025-07-01,Benjamin Warren,Woodbridge,Keyboard,Electronics,5,24.99,124.95,UPI
C4488,O14488,2025-10-28,David Grant,Newark,Coffee Maker,Home Appliances,3,79.99,239.97,UPI
C4489,O14489,2026-04-01,Heather Weiss,Iselin,Blender,Home Appliances,5,49.99,249.95,Credit Card
C4490,O14490,2026-06-14,Samantha Beard,Iselin,LED Monitor,Electronics,1,129.99,129.99,UPI
C4491,O14491,2026-05-25,Eric Joseph,Newark,Keyboard,Electronics,2,24.99,49.98,Credit Card
C4492,O14492,2026-06-05,Tina Schwartz,Iselin,Smartwatch,Electronics,2,149.99,299.98,Credit Card
C4493,O14493,2025-11-20,Anthony Marshall,Edison,Backpack,Fashion,5,39.99,199.95,Debit Card
C4494,O14494,2025-10-11,Stacy Nguyen,Edison,Cricket Bat,Sports,3,79.99,239.97,UPI
C4495,O14495,2025-10-27,Melissa Hampton,Iselin,Wall Clock,Home Decor,3,19.99,59.97,Cash
C4496,O14496,2025-09-21,Carrie Smith,Jersey City,Running Shoes,Fashion,5,59.99,299.95,Credit Card
C4497,O14497,2026-03-28,Deanna Miller,Iselin,Perfume,Fashion,1,29.99,29.99,Credit Card
C4498,O14498,2025-07-03,Kerry Lewis,Iselin,LED Monitor,Electronics,1,129.99,129.99,Debit Card
C4499,O14499,2025-12-12,David Estrada,Edison,Notebook Pack,Stationery,2,3.99,7.98,Debit Card
C4500,O14500,2026-05-28,Aaron Robinson,Jersey City,Hair Dryer,Home Appliances,1,29.99,29.99,Cash
C4501,O14501,2025-10-31,Carrie Rodriguez,Jersey City,Notebook Pack,Stationery,2,3.99,7.98,Cash
C4502,O14502,2026-04-29,Justin Kidd,Edison,Office Chair,Furniture,4,89.99,359.96,Cash
C4503,O14503,2025-08-24,Philip Phillips,Iselin,Treadmill,Sports,3,399.99,1199.97,Credit Card
C4504,O14504,2026-05-17,Austin Bender,Edison,Wireless Earbuds,Electronics,2,49.99,99.98,Debit Card
C4505,O14505,2026-06-08,Mark Randall,Iselin,Cricket Bat,Sports,1,79.99,79.99,Credit Card
C4506,O14506,2025-08-05,Daniel Peterson,Jersey City,Treadmill,Sports,1,399.99,399.99,Credit Card
C4507,O14507,2025-08-03,John Murphy,Woodbridge,Wireless Mouse,Electronics,5,19.99,99.95,Credit Card
C4508,O14508,2026-01-10,Jennifer Shaw,Newark,Keyboard,Electronics,5,24.99,124.95,Debit Card
C4509,O14509,2025-09-19,Donald Pineda,Newark,Coffee Maker,Home Appliances,3,79.99,239.97,Credit Card
C4510,O14510,2025-08-14,Stephanie Reid,Woodbridge,Wireless Earbuds,Electronics,2,49.99,99.98,Cash
C4511,O14511,2025-09-24,Amy Cain,Iselin,Wireless Earbuds,Electronics,3,49.99,149.97,Cash
C4512,O14512,2025-07-24,Cathy Coleman,Jersey City,Wall Clock,Home Decor,1,19.99,19.99,Debit Card
C4513,O14513,2025-10-25,Katie Porter,Newark,USB Cable,Electronics,2,5.99,11.98,Debit Card
C4514,O14514,2025-12-07,Christopher Bryan,Newark,Office Chair,Furniture,2,89.99,179.98,UPI
C4515,O14515,2025-09-06,Jill Lee,Woodbridge,Keyboard,Electronics,5,24.99,124.95,Cash
C4516,O14516,2026-03-11,Gerald Watkins,Jersey City,Notebook Pack,Stationery,4,3.99,15.96,Cash
C4517,O14517,2026-01-29,Charles Roberson,Woodbridge,Wall Clock,Home Decor,2,19.99,39.98,Debit Card
C4518,O14518,2025-08-31,Mark Thompson,Woodbridge,Notebook Pack,Stationery,1,3.99,3.99,Debit Card
C4519,O14519,2025-08-12,Rachel Williams,Newark,Wireless Mouse,Electronics,2,19.99,39.98,Credit Card
C4520,O14520,2025-08-07,Kristen Brock,Iselin,Keyboard,Electronics,3,24.99,74.97,Cash
C4521,O14521,2025-09-27,Mrs. Patricia Francis,Edison,Water Bottle,Sports,2,9.99,19.98,Debit Card
C4522,O14522,2025-07-08,Lisa Pena,Newark,Hair Dryer,Home Appliances,2,29.99,59.98,Debit Card
C4523,O14523,2025-11-05,Keith Wilson,Iselin,Backpack,Fashion,1,39.99,39.99,Cash
C4524,O14524,2025-07-18,Andrew Fisher,Newark,Perfume,Fashion,2,29.99,59.98,Debit Card
C4525,O14525,2025-07-02,Sarah Smith,Jersey City,Keyboard,Electronics,4,24.99,99.96,Debit Card
C4526,O14526,2025-12-05,David Santos,Newark,Blender,Home Appliances,2,49.99,99.98,Credit Card
C4527,O14527,2025-11-18,Angela Pennington,Jersey City,USB Cable,Electronics,4,5.99,23.96,Cash
C4528,O14528,2025-08-04,Stacy Moore,Newark,Water Bottle,Sports,4,9.99,39.96,UPI
C4529,O14529,2026-02-12,Jared Mckenzie,Newark,Wall Clock,Home Decor,5,19.99,99.95,Debit Card
C4530,O14530,2026-02-15,Leslie Miller,Iselin,Table Lamp,Home Decor,2,14.99,29.98,Credit Card
C4531,O14531,2026-02-14,Christine Williams,Newark,Keyboard,Electronics,1,24.99,24.99,Credit Card
C4532,O14532,2026-03-14,Henry Gibbs,Newark,LED Monitor,Electronics,4,129.99,519.96,Cash
C4533,O14533,2026-01-01,Vincent White,Iselin,Wireless Earbuds,Electronics,4,49.99,199.96,Debit Card
C4534,O14534,2026-04-03,Kimberly Lutz,Iselin,USB Cable,Electronics,1,5.99,5.99,Cash
C4535,O14535,2026-05-20,Hannah Hicks,Newark,Smartwatch,Electronics,2,149.99,299.98,Credit Card
C4536,O14536,2025-11-07,Crystal Mendoza,Woodbridge,Table Lamp,Home Decor,5,14.99,74.95,Cash
C4537,O14537,2025-07-19,Teresa Jones,Iselin,Treadmill,Sports,4,399.99,1599.96,Credit Card
C4538,O14538,2026-02-06,John Alvarez,Jersey City,Wireless Mouse,Electronics,1,19.99,19.99,Debit Card
C4539,O14539,2026-01-22,James Romero,Woodbridge,Water Bottle,Sports,1,9.99,9.99,Cash
C4540,O14540,2025-07-20,David Juarez,Jersey City,Keyboard,Electronics,5,24.99,124.95,UPI
C4541,O14541,2026-04-06,Melanie Garcia,Iselin,Table Lamp,Home Decor,4,14.99,59.96,UPI
C4542,O14542,2025-08-27,Rebecca Davidson,Edison,Notebook Pack,Stationery,5,3.99,19.95,Debit Card
C4543,O14543,2025-12-19,Heather Mueller MD,Edison,Cricket Bat,Sports,1,79.99,79.99,Cash
C4544,O14544,2025-11-04,Melissa Ellis,Jersey City,USB Cable,Electronics,2,5.99,11.98,Credit Card
C4545,O14545,2025-10-02,Mallory Cain,Jersey City,Coffee Maker,Home Appliances,3,79.99,239.97,Credit Card
C4546,O14546,2025-08-19,Kent Mcfarland,Woodbridge,Water Bottle,Sports,4,9.99,39.96,UPI
C4547,O14547,2025-07-06,Claudia Gonzales,Newark,Wireless Mouse,Electronics,1,19.99,19.99,Credit Card
C4548,O14548,2026-02-02,Cynthia Maynard,Woodbridge,USB Cable,Electronics,2,5.99,11.98,Debit Card
C4549,O14549,2026-03-23,Erin Underwood,Woodbridge,Notebook Pack,Stationery,1,3.99,3.99,Cash
C4550,O14550,2025-07-09,Robert Hopkins,Woodbridge,Perfume,Fashion,5,29.99,149.95,Credit Card
C4551,O14551,2025-09-04,Mrs. Morgan Walker,Jersey City,Treadmill,Sports,3,399.99,1199.97,Debit Card
C4552,O14552,2025-11-08,Mrs. Maureen Nelson,Woodbridge,Cricket Bat,Sports,2,79.99,159.98,Cash
C4553,O14553,2026-04-12,Travis Williams,Edison,Table Lamp,Home Decor,1,14.99,14.99,UPI
C4554,O14554,2026-04-07,Mario Tapia,Woodbridge,Keyboard,Electronics,2,24.99,49.98,Cash
C4555,O14555,2025-11-26,Amanda Rivera,Iselin,Coffee Maker,Home Appliances,4,79.99,319.96,Cash
C4556,O14556,2026-03-13,Ashley Lambert,Jersey City,Backpack,Fashion,1,39.99,39.99,Credit Card
C4557,O14557,2025-09-09,Brianna Martin,Newark,Blender,Home Appliances,1,49.99,49.99,Cash
C4558,O14558,2026-04-01,Laura Davis,Jersey City,Coffee Maker,Home Appliances,1,79.99,79.99,Cash
C4559,O14559,2026-01-23,Antonio Gilbert,Iselin,Wall Clock,Home Decor,2,19.99,39.98,UPI
C4560,O14560,2025-09-02,Fred Foley,Woodbridge,Hair Dryer,Home Appliances,2,29.99,59.98,Cash
C4561,O14561,2026-01-20,Melanie Foster,Newark,Treadmill,Sports,2,399.99,799.98,Debit Card
C4562,O14562,2026-03-25,Thomas Romero,Woodbridge,Desk Organizer,Stationery,5,7.99,39.95,Credit Card
C4563,O14563,2025-08-05,Jermaine Hill,Woodbridge,Wireless Earbuds,Electronics,5,49.99,249.95,Debit Card
C4564,O14564,2026-06-12,Mark Sanford,Newark,Office Chair,Furniture,5,89.99,449.95,Credit Card
C4565,O14565,2026-03-16,Kimberly Webb,Edison,Office Chair,Furniture,2,89.99,179.98,Debit Card
C4566,O14566,2026-02-04,Kurt Cooper,Iselin,Wireless Mouse,Electronics,2,19.99,39.98,Debit Card
C4567,O14567,2026-02-22,Paul Anderson,Woodbridge,Coffee Maker,Home Appliances,4,79.99,319.96,Cash
C4568,O14568,2025-11-13,Mark Owens,Woodbridge,Keyboard,Electronics,1,24.99,24.99,Cash
C4569,O14569,2026-04-26,Angela Mann,Edison,Treadmill,Sports,5,399.99,1999.95,Cash
C4570,O14570,2026-04-11,Theresa Melendez,Jersey City,Hair Dryer,Home Appliances,2,29.99,59.98,Debit Card
C4571,O14571,2026-02-18,Teresa Larsen,Jersey City,Notebook Pack,Stationery,4,3.99,15.96,Cash
C4572,O14572,2025-10-27,Tyler Welch,Iselin,Blender,Home Appliances,5,49.99,249.95,Credit Card
C4573,O14573,2025-11-21,Jonathon Gutierrez,Edison,Perfume,Fashion,4,29.99,119.96,Debit Card
C4574,O14574,2025-10-20,Jeffrey Kent,Jersey City,Water Bottle,Sports,2,9.99,19.98,UPI
C4575,O14575,2026-01-13,Rose Baldwin,Newark,Cricket Bat,Sports,2,79.99,159.98,Cash
C4576,O14576,2025-07-18,Richard Patton,Edison,Backpack,Fashion,2,39.99,79.98,Credit Card
C4577,O14577,2026-02-26,Roberto Chen,Newark,Wall Clock,Home Decor,1,19.99,19.99,Credit Card
C4578,O14578,2025-07-10,Becky Jackson,Woodbridge,Smartwatch,Electronics,2,149.99,299.98,Cash
C4579,O14579,2026-04-06,Jason Griffin,Woodbridge,Wireless Earbuds,Electronics,5,49.99,249.95,Debit Card
C4580,O14580,2026-02-05,Norma Elliott,Edison,Water Bottle,Sports,2,9.99,19.98,Credit Card
C4581,O14581,2026-03-15,Allison Henderson,Iselin,Wireless Earbuds,Electronics,3,49.99,149.97,UPI
C4582,O14582,2026-06-04,Charles Navarro,Edison,Coffee Maker,Home Appliances,5,79.99,399.95,Cash
C4583,O14583,2026-05-17,Jessica Johnson,Woodbridge,Running Shoes,Fashion,4,59.99,239.96,UPI
C4584,O14584,2026-03-09,Colton Smith,Edison,LED Monitor,Electronics,1,129.99,129.99,Debit Card
C4585,O14585,2026-01-20,Shelly Gill,Woodbridge,Office Chair,Furniture,3,89.99,269.97,UPI
C4586,O14586,2025-09-21,Peter Richards,Newark,Table Lamp,Home Decor,2,14.99,29.98,UPI
C4587,O14587,2025-08-30,Traci Sharp,Woodbridge,LED Monitor,Electronics,1,129.99,129.99,Credit Card
C4588,O14588,2026-05-03,Timothy Edwards,Iselin,Running Shoes,Fashion,5,59.99,299.95,Debit Card
C4589,O14589,2026-05-26,Brandon Cooper,Edison,Backpack,Fashion,1,39.99,39.99,UPI
C4590,O14590,2026-02-27,Christine Huffman,Woodbridge,Keyboard,Electronics,5,24.99,124.95,Debit Card
C4591,O14591,2025-08-29,Tina Reyes,Newark,Wireless Mouse,Electronics,1,19.99,19.99,Credit Card
C4592,O14592,2026-04-05,Patrick Garza,Jersey City,Treadmill,Sports,1,399.99,399.99,Cash
C4593,O14593,2026-04-05,Sherry Frank,Woodbridge,Wireless Earbuds,Electronics,3,49.99,149.97,Debit Card
C4594,O14594,2025-12-04,Chad Brown,Newark,Office Chair,Furniture,1,89.99,89.99,Debit Card
C4595,O14595,2026-05-19,Bridget Miller,Woodbridge,Water Bottle,Sports,3,9.99,29.97,Credit Card
C4596,O14596,2026-04-09,Scott Martinez,Edison,Treadmill,Sports,3,399.99,1199.97,Cash
C4597,O14597,2026-05-12,Donna Guerra,Jersey City,USB Cable,Electronics,5,5.99,29.95,Debit Card
C4598,O14598,2026-03-08,Kelsey Morrison,Newark,USB Cable,Electronics,1,5.99,5.99,Debit Card
C4599,O14599,2025-07-03,Shelly Garcia,Iselin,Smartwatch,Electronics,3,149.99,449.97,Credit Card
C4600,O14600,2025-11-17,Meredith Gibbs,Iselin,Keyboard,Electronics,3,24.99,74.97,Debit Card
C4601,O14601,2025-06-25,Steven Pratt,Woodbridge,LED Monitor,Electronics,4,129.99,519.96,UPI
C4602,O14602,2026-02-12,Larry Hill,Jersey City,Perfume,Fashion,2,29.99,59.98,Cash
C4603,O14603,2025-10-07,Jennifer Matthews,Newark,USB Cable,Electronics,5,5.99,29.95,Cash
C4604,O14604,2026-05-12,Sarah Mcneil,Woodbridge,Blender,Home Appliances,4,49.99,199.96,Cash
C4605,O14605,2025-07-19,Stephanie Gilbert,Jersey City,USB Cable,Electronics,2,5.99,11.98,Debit Card
C4606,O14606,2025-06-27,Teresa Carson,Edison,Treadmill,Sports,2,399.99,799.98,Credit Card
C4607,O14607,2025-09-10,Teresa Mata,Iselin,Running Shoes,Fashion,5,59.99,299.95,UPI
C4608,O14608,2026-02-08,Angela Young,Edison,Backpack,Fashion,5,39.99,199.95,Debit Card
C4609,O14609,2026-01-03,Michael Anderson,Iselin,Treadmill,Sports,4,399.99,1599.96,Credit Card
C4610,O14610,2026-05-14,Paul Hernandez,Jersey City,Office Chair,Furniture,4,89.99,359.96,UPI
C4611,O14611,2026-02-15,Amy Moreno,Edison,Treadmill,Sports,4,399.99,1599.96,Cash
C4612,O14612,2025-12-09,Francisco Salazar,Jersey City,Water Bottle,Sports,1,9.99,9.99,Credit Card
C4613,O14613,2026-03-27,Jodi Ward DDS,Iselin,USB Cable,Electronics,2,5.99,11.98,Debit Card
C4614,O14614,2026-04-26,Kevin Wilson,Iselin,Office Chair,Furniture,1,89.99,89.99,Debit Card
C4615,O14615,2025-09-19,Sergio Cooper,Newark,Running Shoes,Fashion,1,59.99,59.99,Cash
C4616,O14616,2025-10-20,Anthony Young,Jersey City,Cricket Bat,Sports,2,79.99,159.98,Cash
C4617,O14617,2026-01-27,William Smith,Jersey City,Treadmill,Sports,3,399.99,1199.97,Cash
C4618,O14618,2026-02-24,Andrea Johnson,Jersey City,Coffee Maker,Home Appliances,1,79.99,79.99,Cash
C4619,O14619,2025-09-28,Teresa Henderson,Iselin,USB Cable,Electronics,2,5.99,11.98,Cash
C4620,O14620,2026-01-07,Erin Taylor,Iselin,USB Cable,Electronics,5,5.99,29.95,Credit Card
C4621,O14621,2025-12-18,Randall Hooper,Jersey City,LED Monitor,Electronics,1,129.99,129.99,Debit Card
C4622,O14622,2025-11-19,Thomas Gillespie,Jersey City,Desk Organizer,Stationery,3,7.99,23.97,UPI
C4623,O14623,2025-07-04,Michele Patel,Newark,Notebook Pack,Stationery,2,3.99,7.98,Debit Card
C4624,O14624,2026-05-15,Susan Giles,Iselin,Table Lamp,Home Decor,3,14.99,44.97,Debit Card
C4625,O14625,2025-06-30,Cassie Mitchell,Woodbridge,Notebook Pack,Stationery,2,3.99,7.98,Cash
C4626,O14626,2025-08-18,Daniel Mitchell,Edison,USB Cable,Electronics,1,5.99,5.99,UPI
C4627,O14627,2026-04-25,Suzanne Chan,Edison,Wireless Earbuds,Electronics,5,49.99,249.95,Debit Card
C4628,O14628,2025-07-24,Julia Anthony,Iselin,Keyboard,Electronics,2,24.99,49.98,Debit Card
C4629,O14629,2026-05-18,Regina Jones,Iselin,Water Bottle,Sports,4,9.99,39.96,Cash
C4630,O14630,2025-11-23,Douglas Camacho,Edison,LED Monitor,Electronics,5,129.99,649.95,Debit Card
C4631,O14631,2025-11-13,Nancy Clark,Woodbridge,Running Shoes,Fashion,4,59.99,239.96,Cash
C4632,O14632,2026-05-11,Rhonda Rios,Edison,Wireless Earbuds,Electronics,5,49.99,249.95,UPI
C4633,O14633,2026-06-09,Lisa Smith,Jersey City,Running Shoes,Fashion,2,59.99,119.98,UPI
C4634,O14634,2025-12-05,Tyler Carter,Jersey City,Coffee Maker,Home Appliances,4,79.99,319.96,Cash
C4635,O14635,2026-04-28,Scott Johnson,Woodbridge,Wireless Mouse,Electronics,1,19.99,19.99,Cash
C4636,O14636,2025-10-05,David Reeves,Jersey City,Cricket Bat,Sports,5,79.99,399.95,Credit Card
C4637,O14637,2025-07-29,Andrew Mays,Edison,Keyboard,Electronics,2,24.99,49.98,Cash
C4638,O14638,2025-09-21,Joshua Morrison,Edison,Keyboard,Electronics,4,24.99,99.96,Credit Card
C4639,O14639,2025-06-23,Joshua Horton,Iselin,Cricket Bat,Sports,4,79.99,319.96,Cash
C4640,O14640,2026-06-11,Patrick Garrett,Iselin,Blender,Home Appliances,1,49.99,49.99,Debit Card
C4641,O14641,2025-08-24,Matthew Patterson,Edison,Running Shoes,Fashion,3,59.99,179.97,UPI
C4642,O14642,2025-06-22,Daniel Molina,Woodbridge,Treadmill,Sports,2,399.99,799.98,Credit Card
C4643,O14643,2025-06-27,Jessica Evans,Jersey City,Keyboard,Electronics,5,24.99,124.95,UPI
C4644,O14644,2026-01-05,Olivia Gardner,Jersey City,Table Lamp,Home Decor,4,14.99,59.96,Cash
C4645,O14645,2025-12-01,Grace Pacheco,Newark,Notebook Pack,Stationery,4,3.99,15.96,Credit Card
C4646,O14646,2025-07-20,Claudia Franklin,Edison,Desk Organizer,Stationery,1,7.99,7.99,UPI
C4647,O14647,2025-10-12,Joseph Scott,Woodbridge,Treadmill,Sports,5,399.99,1999.95,Credit Card
C4648,O14648,2025-07-21,Shawn Molina,Woodbridge,USB Cable,Electronics,2,5.99,11.98,Cash
C4649,O14649,2026-05-02,Rebecca Brown,Woodbridge,Wireless Mouse,Electronics,3,19.99,59.97,Cash
C4650,O14650,2025-10-23,Linda Horn,Iselin,Blender,Home Appliances,1,49.99,49.99,Credit Card
C4651,O14651,2026-02-20,Nicole Williams,Woodbridge,Backpack,Fashion,5,39.99,199.95,Debit Card
C4652,O14652,2025-12-24,Johnny Davies,Iselin,Backpack,Fashion,1,39.99,39.99,Credit Card
C4653,O14653,2025-07-13,Christina Knapp,Newark,Coffee Maker,Home Appliances,2,79.99,159.98,Debit Card
C4654,O14654,2026-04-27,Anthony Gonzalez,Woodbridge,Perfume,Fashion,1,29.99,29.99,Cash
C4655,O14655,2026-04-04,Kristen Phillips,Edison,Wireless Earbuds,Electronics,4,49.99,199.96,Cash
C4656,O14656,2025-08-28,Marie Mahoney,Woodbridge,USB Cable,Electronics,3,5.99,17.97,Cash
C4657,O14657,2026-05-12,Richard Haynes,Newark,Keyboard,Electronics,4,24.99,99.96,Credit Card
C4658,O14658,2025-08-19,Raymond Lewis,Edison,Blender,Home Appliances,4,49.99,199.96,Debit Card
C4659,O14659,2026-01-07,Jason Clay,Iselin,Office Chair,Furniture,3,89.99,269.97,UPI
C4660,O14660,2026-02-22,Christopher Johnson,Iselin,LED Monitor,Electronics,1,129.99,129.99,Cash
C4661,O14661,2025-07-05,Donald Sawyer,Iselin,Treadmill,Sports,3,399.99,1199.97,Cash
C4662,O14662,2025-07-12,Brian Gallegos,Newark,Water Bottle,Sports,3,9.99,29.97,Cash
C4663,O14663,2025-11-28,Jared Boone,Jersey City,Hair Dryer,Home Appliances,4,29.99,119.96,Debit Card
C4664,O14664,2025-11-10,April Jordan,Iselin,Notebook Pack,Stationery,2,3.99,7.98,UPI
C4665,O14665,2026-02-09,Lisa Rosales,Edison,Office Chair,Furniture,1,89.99,89.99,UPI
C4666,O14666,2025-10-01,Douglas Hernandez,Newark,USB Cable,Electronics,5,5.99,29.95,Debit Card
C4667,O14667,2025-09-08,Joseph Zavala,Edison,Notebook Pack,Stationery,5,3.99,19.95,UPI
C4668,O14668,2025-07-16,Evelyn Huff,Iselin,Wireless Mouse,Electronics,2,19.99,39.98,Debit Card
C4669,O14669,2026-04-30,Paul Reeves,Woodbridge,Wall Clock,Home Decor,5,19.99,99.95,UPI
C4670,O14670,2026-04-22,Robert Collins,Jersey City,Water Bottle,Sports,4,9.99,39.96,UPI
C4671,O14671,2026-05-02,Melanie Ramirez,Jersey City,Blender,Home Appliances,2,49.99,99.98,Credit Card
C4672,O14672,2026-05-08,Jeff Woodard,Newark,Water Bottle,Sports,4,9.99,39.96,Cash
C4673,O14673,2025-06-14,Colleen Jones,Newark,Wireless Earbuds,Electronics,1,49.99,49.99,Cash
C4674,O14674,2026-05-14,Lindsay Rocha,Edison,LED Monitor,Electronics,5,129.99,649.95,Credit Card
C4675,O14675,2025-10-03,Daniel Hayes,Newark,Perfume,Fashion,3,29.99,89.97,Debit Card
C4676,O14676,2026-03-14,Chad Houston,Iselin,Wireless Mouse,Electronics,2,19.99,39.98,Debit Card
C4677,O14677,2025-12-31,Anthony Collins,Edison,Wall Clock,Home Decor,4,19.99,79.96,Credit Card
C4678,O14678,2026-03-22,Daniel Johnson,Newark,Keyboard,Electronics,5,24.99,124.95,Credit Card
C4679,O14679,2026-06-13,Shane Harrison,Newark,Wireless Mouse,Electronics,4,19.99,79.96,Debit Card
C4680,O14680,2026-06-14,Andrew Hall,Jersey City,Smartwatch,Electronics,3,149.99,449.97,Credit Card
C4681,O14681,2025-09-10,Larry Boyle,Iselin,Perfume,Fashion,5,29.99,149.95,Credit Card
C4682,O14682,2025-08-06,Adam Haynes,Jersey City,USB Cable,Electronics,2,5.99,11.98,Cash
C4683,O14683,2025-09-19,Jeffery Davis,Jersey City,Blender,Home Appliances,1,49.99,49.99,Credit Card
C4684,O14684,2025-09-04,Phillip Ruiz,Newark,Office Chair,Furniture,1,89.99,89.99,UPI
C4685,O14685,2025-07-22,Alexandria Wilson,Jersey City,Table Lamp,Home Decor,5,14.99,74.95,Debit Card
C4686,O14686,2025-12-01,Luke Wood,Jersey City,Table Lamp,Home Decor,1,14.99,14.99,Credit Card
C4687,O14687,2025-09-09,Anthony Morse,Jersey City,Wireless Mouse,Electronics,4,19.99,79.96,UPI
C4688,O14688,2026-02-24,Mr. Daniel Andrews Jr.,Iselin,USB Cable,Electronics,5,5.99,29.95,Cash
C4689,O14689,2025-10-18,Charles Harper,Iselin,Desk Organizer,Stationery,4,7.99,31.96,UPI
C4690,O14690,2025-12-12,Stacy Gonzalez,Jersey City,LED Monitor,Electronics,3,129.99,389.97,Cash
C4691,O14691,2025-10-30,James Williams,Woodbridge,LED Monitor,Electronics,1,129.99,129.99,Debit Card
C4692,O14692,2026-01-04,Richard Lawrence,Woodbridge,Blender,Home Appliances,4,49.99,199.96,Cash
C4693,O14693,2025-12-04,Kenneth Brown,Newark,LED Monitor,Electronics,4,129.99,519.96,UPI
C4694,O14694,2026-03-21,Jonathan Williams,Newark,LED Monitor,Electronics,1,129.99,129.99,Credit Card
C4695,O14695,2026-04-18,Deborah Young,Woodbridge,Desk Organizer,Stationery,2,7.99,15.98,Debit Card
C4696,O14696,2026-04-16,Brian Jones,Woodbridge,Desk Organizer,Stationery,2,7.99,15.98,Credit Card
C4697,O14697,2026-04-20,Olivia Wagner,Iselin,Backpack,Fashion,2,39.99,79.98,UPI
C4698,O14698,2026-04-03,Emily Prince,Iselin,Blender,Home Appliances,1,49.99,49.99,Credit Card
C4699,O14699,2026-02-11,Melissa Green,Iselin,USB Cable,Electronics,3,5.99,17.97,Credit Card
C4700,O14700,2025-10-21,Steven Singleton,Woodbridge,Backpack,Fashion,2,39.99,79.98,UPI
C4701,O14701,2025-11-28,Gabriel Gonzales,Newark,Coffee Maker,Home Appliances,2,79.99,159.98,Debit Card
C4702,O14702,2025-09-19,Elizabeth Ramirez,Woodbridge,Wireless Earbuds,Electronics,1,49.99,49.99,Debit Card
C4703,O14703,2025-11-25,Jacqueline Davis,Iselin,Water Bottle,Sports,4,9.99,39.96,Credit Card
C4704,O14704,2026-02-06,Justin Giles,Edison,Cricket Bat,Sports,1,79.99,79.99,Cash
C4705,O14705,2025-06-19,Andrea Hodges,Newark,Cricket Bat,Sports,3,79.99,239.97,UPI
C4706,O14706,2025-06-19,Charles Gonzalez,Edison,Notebook Pack,Stationery,5,3.99,19.95,Credit Card
C4707,O14707,2025-08-28,Jesus Martinez,Iselin,Smartwatch,Electronics,3,149.99,449.97,Cash
C4708,O14708,2026-03-18,Johnny Cole,Jersey City,LED Monitor,Electronics,4,129.99,519.96,UPI
C4709,O14709,2025-06-17,Eric Smith,Iselin,Treadmill,Sports,1,399.99,399.99,Debit Card
C4710,O14710,2025-09-09,Steve Lopez,Newark,Wireless Mouse,Electronics,1,19.99,19.99,Cash
C4711,O14711,2025-10-08,Timothy Johnson,Newark,Wireless Earbuds,Electronics,4,49.99,199.96,Debit Card
C4712,O14712,2026-04-04,Brandon West,Jersey City,Running Shoes,Fashion,5,59.99,299.95,Cash
C4713,O14713,2025-09-24,Joshua Lyons DDS,Iselin,Backpack,Fashion,4,39.99,159.96,Debit Card
C4714,O14714,2025-09-29,Adam Oconnor,Newark,Coffee Maker,Home Appliances,1,79.99,79.99,Debit Card
C4715,O14715,2025-08-02,Alex Estes,Woodbridge,LED Monitor,Electronics,2,129.99,259.98,Debit Card
C4716,O14716,2026-02-02,Elizabeth Horton,Newark,Office Chair,Furniture,5,89.99,449.95,Debit Card
C4717,O14717,2025-08-05,Nicholas Santiago,Iselin,Office Chair,Furniture,5,89.99,449.95,Cash
C4718,O14718,2025-06-21,Erica Fleming,Edison,Desk Organizer,Stationery,2,7.99,15.98,Cash
C4719,O14719,2025-11-12,Kayla Miller,Woodbridge,Cricket Bat,Sports,3,79.99,239.97,Cash
C4720,O14720,2026-05-12,Nathan Boyle,Iselin,Wall Clock,Home Decor,2,19.99,39.98,Credit Card
C4721,O14721,2025-07-26,Anita Bailey,Edison,USB Cable,Electronics,3,5.99,17.97,UPI
C4722,O14722,2026-03-01,Shannon Mayo,Jersey City,Table Lamp,Home Decor,5,14.99,74.95,Debit Card
C4723,O14723,2025-06-29,Brian Weaver DVM,Iselin,LED Monitor,Electronics,1,129.99,129.99,Debit Card
C4724,O14724,2025-07-24,Stacy Jones,Edison,Smartwatch,Electronics,5,149.99,749.95,Debit Card
C4725,O14725,2025-07-29,Alexis Smith,Edison,Smartwatch,Electronics,2,149.99,299.98,Debit Card
C4726,O14726,2025-08-25,Ashley Andrews,Woodbridge,LED Monitor,Electronics,5,129.99,649.95,Cash
C4727,O14727,2026-03-03,Audrey Mullen,Newark,Desk Organizer,Stationery,5,7.99,39.95,Credit Card
C4728,O14728,2026-02-04,Steven Johnson,Woodbridge,Desk Organizer,Stationery,4,7.99,31.96,UPI
C4729,O14729,2025-11-01,Timothy Malone,Newark,Water Bottle,Sports,2,9.99,19.98,Credit Card
C4730,O14730,2025-07-14,Jeffery Valenzuela,Jersey City,Backpack,Fashion,3,39.99,119.97,Credit Card
C4731,O14731,2025-12-17,Timothy Hall,Newark,Wall Clock,Home Decor,4,19.99,79.96,Credit Card
C4732,O14732,2025-10-23,Lynn Hayden,Newark,LED Monitor,Electronics,1,129.99,129.99,Debit Card
C4733,O14733,2025-11-27,James Lewis,Jersey City,LED Monitor,Electronics,5,129.99,649.95,Credit Card
C4734,O14734,2025-10-25,Jacqueline Lewis,Woodbridge,USB Cable,Electronics,1,5.99,5.99,Debit Card
C4735,O14735,2026-04-30,Jeffery Parks,Jersey City,USB Cable,Electronics,2,5.99,11.98,Credit Card
C4736,O14736,2025-12-25,Samuel Phillips,Edison,Running Shoes,Fashion,5,59.99,299.95,UPI
C4737,O14737,2026-01-05,Jennifer Chandler,Newark,Backpack,Fashion,1,39.99,39.99,Cash
C4738,O14738,2026-04-24,Jimmy Sharp,Jersey City,Table Lamp,Home Decor,2,14.99,29.98,Cash
C4739,O14739,2025-08-19,Lisa Young,Newark,Running Shoes,Fashion,2,59.99,119.98,Cash
C4740,O14740,2026-05-19,Frederick Nunez,Iselin,Water Bottle,Sports,4,9.99,39.96,Credit Card
C4741,O14741,2025-12-29,Paul Rios,Edison,Desk Organizer,Stationery,1,7.99,7.99,Debit Card
C4742,O14742,2025-08-18,Alejandra Friedman,Newark,Smartwatch,Electronics,3,149.99,449.97,Cash
C4743,O14743,2026-02-18,Helen Diaz,Jersey City,USB Cable,Electronics,5,5.99,29.95,Cash
C4744,O14744,2026-05-19,George Gray,Edison,Hair Dryer,Home Appliances,2,29.99,59.98,Debit Card
C4745,O14745,2025-08-19,Heather Rosales,Newark,Coffee Maker,Home Appliances,3,79.99,239.97,Debit Card
C4746,O14746,2025-07-18,Tiffany King,Edison,Backpack,Fashion,5,39.99,199.95,Cash
C4747,O14747,2025-11-14,Donna Lopez,Woodbridge,Running Shoes,Fashion,1,59.99,59.99,Credit Card
C4748,O14748,2026-03-19,Michelle Morgan,Edison,USB Cable,Electronics,2,5.99,11.98,UPI
C4749,O14749,2025-11-06,James Dean,Jersey City,Wall Clock,Home Decor,1,19.99,19.99,UPI
C4750,O14750,2025-10-25,Tina Porter,Jersey City,Hair Dryer,Home Appliances,1,29.99,29.99,UPI
C4751,O14751,2026-05-02,Ashley Gallagher,Iselin,Desk Organizer,Stationery,4,7.99,31.96,Credit Card
C4752,O14752,2026-02-05,Emily Ingram,Woodbridge,Cricket Bat,Sports,5,79.99,399.95,Credit Card
C4753,O14753,2026-03-11,Robin Davis,Edison,Perfume,Fashion,5,29.99,149.95,Credit Card
C4754,O14754,2026-04-11,Aaron Short,Newark,USB Cable,Electronics,4,5.99,23.96,Cash
C4755,O14755,2026-04-27,Anthony Frost,Woodbridge,Blender,Home Appliances,3,49.99,149.97,Cash
C4756,O14756,2026-04-24,Daniel Keller,Jersey City,Smartwatch,Electronics,1,149.99,149.99,UPI
C4757,O14757,2025-06-26,Daniel Hicks,Newark,Perfume,Fashion,5,29.99,149.95,UPI
C4758,O14758,2026-03-12,Michelle Patterson,Woodbridge,Hair Dryer,Home Appliances,3,29.99,89.97,Credit Card
C4759,O14759,2026-01-10,William May,Edison,Treadmill,Sports,1,399.99,399.99,Credit Card
C4760,O14760,2025-10-31,Howard Weber,Newark,Running Shoes,Fashion,4,59.99,239.96,UPI
C4761,O14761,2026-03-16,Jessica Olson,Woodbridge,Treadmill,Sports,1,399.99,399.99,Debit Card
C4762,O14762,2026-01-23,Jeffrey Mckay,Edison,Cricket Bat,Sports,4,79.99,319.96,Debit Card
C4763,O14763,2025-11-19,Jesse Morris,Edison,Smartwatch,Electronics,2,149.99,299.98,UPI
C4764,O14764,2025-08-09,William Hughes,Edison,Wireless Earbuds,Electronics,3,49.99,149.97,Cash
C4765,O14765,2025-08-30,Carlos Elliott,Newark,Smartwatch,Electronics,2,149.99,299.98,Cash
C4766,O14766,2025-09-08,Ryan Ellis,Woodbridge,Wireless Earbuds,Electronics,4,49.99,199.96,Debit Card
C4767,O14767,2026-05-26,James Beasley,Iselin,Wall Clock,Home Decor,2,19.99,39.98,UPI
C4768,O14768,2025-11-13,Elizabeth Boone,Woodbridge,Backpack,Fashion,5,39.99,199.95,Debit Card
C4769,O14769,2026-01-19,Robert Harrison,Iselin,Blender,Home Appliances,2,49.99,99.98,UPI
C4770,O14770,2025-09-28,Mathew Douglas,Woodbridge,Water Bottle,Sports,3,9.99,29.97,Debit Card
C4771,O14771,2026-03-25,Kari Walsh,Newark,Keyboard,Electronics,5,24.99,124.95,Debit Card
C4772,O14772,2026-01-24,Brian Riley,Iselin,Desk Organizer,Stationery,2,7.99,15.98,Cash
C4773,O14773,2026-05-22,John Jacobs,Iselin,Office Chair,Furniture,2,89.99,179.98,Cash
C4774,O14774,2026-03-02,Jeremy Gonzalez,Iselin,Blender,Home Appliances,4,49.99,199.96,Cash
C4775,O14775,2026-01-06,Andrew White,Jersey City,Blender,Home Appliances,2,49.99,99.98,Credit Card
C4776,O14776,2026-01-06,Meredith Morris,Woodbridge,Office Chair,Furniture,2,89.99,179.98,UPI
C4777,O14777,2026-01-22,Henry Owens,Edison,Coffee Maker,Home Appliances,5,79.99,399.95,Cash
C4778,O14778,2026-01-06,Michael Savage,Jersey City,Wall Clock,Home Decor,1,19.99,19.99,Debit Card
C4779,O14779,2026-05-01,Lisa Atkinson,Jersey City,Wireless Earbuds,Electronics,4,49.99,199.96,UPI
C4780,O14780,2026-02-05,Brandi Rollins,Jersey City,Keyboard,Electronics,5,24.99,124.95,UPI
C4781,O14781,2025-12-06,Mrs. Jasmine Ward,Newark,LED Monitor,Electronics,2,129.99,259.98,Debit Card
C4782,O14782,2026-04-03,Alejandro Beasley,Jersey City,Wall Clock,Home Decor,2,19.99,39.98,Debit Card
C4783,O14783,2025-12-25,Dawn Martin,Iselin,Backpack,Fashion,5,39.99,199.95,UPI
C4784,O14784,2026-01-26,David Reyes,Newark,Coffee Maker,Home Appliances,2,79.99,159.98,Credit Card
C4785,O14785,2026-03-16,Nancy Lee,Woodbridge,Office Chair,Furniture,3,89.99,269.97,Cash
C4786,O14786,2026-02-16,Cathy Anderson,Woodbridge,Perfume,Fashion,5,29.99,149.95,Debit Card
C4787,O14787,2025-12-28,Megan Moody,Newark,Blender,Home Appliances,1,49.99,49.99,Debit Card
C4788,O14788,2025-08-15,Tanya Santos,Newark,Hair Dryer,Home Appliances,4,29.99,119.96,Debit Card
C4789,O14789,2025-08-23,Brian James,Newark,Wireless Earbuds,Electronics,3,49.99,149.97,Credit Card
C4790,O14790,2025-10-14,Elizabeth Phillips,Iselin,Wireless Earbuds,Electronics,1,49.99,49.99,Cash
C4791,O14791,2025-10-05,Vickie Hebert,Woodbridge,Wireless Earbuds,Electronics,5,49.99,249.95,Debit Card
C4792,O14792,2025-09-21,Tyler Bishop,Edison,Table Lamp,Home Decor,5,14.99,74.95,UPI
C4793,O14793,2026-01-30,Raven Barker,Jersey City,Wall Clock,Home Decor,4,19.99,79.96,Debit Card
C4794,O14794,2026-03-21,Jason Macdonald,Woodbridge,Perfume,Fashion,5,29.99,149.95,Cash
C4795,O14795,2026-04-06,Michael Kidd,Jersey City,Treadmill,Sports,3,399.99,1199.97,Credit Card
C4796,O14796,2025-11-17,Lisa Holt,Newark,Perfume,Fashion,2,29.99,59.98,Cash
C4797,O14797,2025-11-19,Cynthia Perez,Iselin,Backpack,Fashion,1,39.99,39.99,Debit Card
C4798,O14798,2025-12-15,Nicholas Murphy,Jersey City,Wireless Earbuds,Electronics,5,49.99,249.95,Debit Card
C4799,O14799,2026-01-30,Kevin Mitchell,Newark,Office Chair,Furniture,5,89.99,449.95,UPI
C4800,O14800,2025-07-04,Michelle Salazar,Newark,Office Chair,Furniture,2,89.99,179.98,UPI
C4801,O14801,2025-11-23,Theresa Nichols,Woodbridge,Cricket Bat,Sports,1,79.99,79.99,Cash
C4802,O14802,2025-11-13,Stephanie Avila,Edison,Backpack,Fashion,1,39.99,39.99,UPI
C4803,O14803,2026-06-13,Tammy Guzman,Newark,Running Shoes,Fashion,3,59.99,179.97,Cash
C4804,O14804,2026-05-27,Kevin Lewis,Jersey City,Hair Dryer,Home Appliances,4,29.99,119.96,UPI
C4805,O14805,2026-05-07,Jacqueline Brown,Edison,Coffee Maker,Home Appliances,5,79.99,399.95,UPI
C4806,O14806,2026-04-28,Tina Morales,Iselin,Wireless Earbuds,Electronics,5,49.99,249.95,Debit Card
C4807,O14807,2026-03-18,Sara Murphy,Edison,Wireless Mouse,Electronics,4,19.99,79.96,Cash
C4808,O14808,2026-03-16,Pamela Mitchell,Iselin,Cricket Bat,Sports,3,79.99,239.97,Cash
C4809,O14809,2026-05-27,Amanda Little,Jersey City,Blender,Home Appliances,2,49.99,99.98,Debit Card
C4810,O14810,2026-03-12,Joseph Colon,Iselin,USB Cable,Electronics,1,5.99,5.99,Cash
C4811,O14811,2026-03-11,Bryan Ward,Newark,Wireless Earbuds,Electronics,3,49.99,149.97,Cash
C4812,O14812,2025-07-22,Christina Hogan,Newark,Wireless Mouse,Electronics,1,19.99,19.99,Debit Card
C4813,O14813,2026-01-14,Lee Hill,Woodbridge,Hair Dryer,Home Appliances,3,29.99,89.97,UPI
C4814,O14814,2026-04-09,Taylor Hayes,Iselin,Keyboard,Electronics,2,24.99,49.98,Debit Card
C4815,O14815,2026-01-11,Christian Lee,Newark,Perfume,Fashion,5,29.99,149.95,Credit Card
C4816,O14816,2026-01-25,Douglas Robertson,Woodbridge,Wireless Mouse,Electronics,4,19.99,79.96,Credit Card
C4817,O14817,2026-05-18,Jonathan Morris,Iselin,Backpack,Fashion,3,39.99,119.97,UPI
C4818,O14818,2025-11-19,Hector Williams,Woodbridge,Cricket Bat,Sports,5,79.99,399.95,Cash
C4819,O14819,2025-07-20,Jennifer Rangel,Jersey City,Desk Organizer,Stationery,1,7.99,7.99,Credit Card
C4820,O14820,2026-05-06,Francisco Williams,Newark,Notebook Pack,Stationery,1,3.99,3.99,Cash
C4821,O14821,2025-12-28,Anthony Mata,Newark,Coffee Maker,Home Appliances,5,79.99,399.95,UPI
C4822,O14822,2025-11-21,Gary Scott,Iselin,Wall Clock,Home Decor,1,19.99,19.99,UPI
C4823,O14823,2026-01-16,Amanda Lewis,Newark,Cricket Bat,Sports,4,79.99,319.96,UPI
C4824,O14824,2026-03-19,Diana Fisher,Iselin,Hair Dryer,Home Appliances,4,29.99,119.96,Cash
C4825,O14825,2026-05-02,Timothy Lutz,Edison,Keyboard,Electronics,2,24.99,49.98,Credit Card
C4826,O14826,2025-11-09,Diana Mays,Newark,Wireless Earbuds,Electronics,2,49.99,99.98,Credit Card
C4827,O14827,2026-04-28,Misty Wells,Woodbridge,Cricket Bat,Sports,1,79.99,79.99,Debit Card
C4828,O14828,2025-06-17,Austin Horton,Edison,Backpack,Fashion,4,39.99,159.96,UPI
C4829,O14829,2025-10-22,Robert Chase,Woodbridge,LED Monitor,Electronics,2,129.99,259.98,Debit Card
C4830,O14830,2026-01-06,Valerie Rosales,Newark,Running Shoes,Fashion,3,59.99,179.97,UPI
C4831,O14831,2025-12-11,David Goodwin,Edison,Water Bottle,Sports,5,9.99,49.95,UPI
C4832,O14832,2026-03-10,Benjamin French,Edison,Desk Organizer,Stationery,5,7.99,39.95,Credit Card
C4833,O14833,2026-04-10,Gloria Price,Edison,Backpack,Fashion,2,39.99,79.98,UPI
C4834,O14834,2026-04-16,Kathleen Barr,Iselin,Coffee Maker,Home Appliances,3,79.99,239.97,Cash
C4835,O14835,2026-01-18,Melissa Cochran,Jersey City,Running Shoes,Fashion,1,59.99,59.99,Debit Card
C4836,O14836,2026-02-10,Michael Fuller,Iselin,Wall Clock,Home Decor,3,19.99,59.97,Debit Card
C4837,O14837,2026-04-08,Brian Moore,Woodbridge,Smartwatch,Electronics,1,149.99,149.99,UPI
C4838,O14838,2025-11-29,Daniel Campbell,Jersey City,Desk Organizer,Stationery,5,7.99,39.95,UPI
C4839,O14839,2026-06-10,Denise Mcbride,Newark,Wireless Earbuds,Electronics,3,49.99,149.97,Debit Card
C4840,O14840,2026-01-11,Chelsea Smith,Newark,Desk Organizer,Stationery,1,7.99,7.99,UPI
C4841,O14841,2026-04-20,Luis Wiggins,Jersey City,Notebook Pack,Stationery,5,3.99,19.95,Debit Card
C4842,O14842,2026-01-25,Scott Singleton,Iselin,Desk Organizer,Stationery,3,7.99,23.97,Cash
C4843,O14843,2025-07-20,Carla Gomez,Woodbridge,Hair Dryer,Home Appliances,3,29.99,89.97,Credit Card
C4844,O14844,2025-11-29,Elizabeth Murphy,Newark,Office Chair,Furniture,2,89.99,179.98,Debit Card
C4845,O14845,2026-04-12,Robin Lee,Iselin,Keyboard,Electronics,3,24.99,74.97,Cash
C4846,O14846,2026-02-08,Monica Allen,Iselin,Treadmill,Sports,1,399.99,399.99,UPI
C4847,O14847,2025-09-08,Jennifer Mendez,Jersey City,Wireless Mouse,Electronics,5,19.99,99.95,Debit Card
C4848,O14848,2026-04-21,Christopher Briggs,Edison,Blender,Home Appliances,1,49.99,49.99,Credit Card
C4849,O14849,2026-03-06,Jamie Kerr,Newark,LED Monitor,Electronics,4,129.99,519.96,Credit Card
C4850,O14850,2026-02-06,Jordan Ortega,Newark,Wall Clock,Home Decor,4,19.99,79.96,Debit Card
C4851,O14851,2026-01-07,Melinda Willis,Woodbridge,Table Lamp,Home Decor,3,14.99,44.97,Credit Card
C4852,O14852,2025-11-24,Robert Forbes,Jersey City,Perfume,Fashion,1,29.99,29.99,Debit Card
C4853,O14853,2025-06-15,James Johnson,Jersey City,Water Bottle,Sports,1,9.99,9.99,Credit Card
C4854,O14854,2026-02-05,Jeffrey Snyder,Iselin,Running Shoes,Fashion,1,59.99,59.99,Debit Card
C4855,O14855,2025-07-05,Kendra Hartman,Newark,Keyboard,Electronics,3,24.99,74.97,UPI
C4856,O14856,2026-05-10,Elizabeth Cole,Edison,Wireless Earbuds,Electronics,2,49.99,99.98,UPI
C4857,O14857,2025-07-15,Judith Roth,Edison,Cricket Bat,Sports,1,79.99,79.99,Debit Card
C4858,O14858,2026-02-01,Danielle Powell,Newark,Blender,Home Appliances,1,49.99,49.99,Cash
C4859,O14859,2026-03-20,Aaron Brown,Edison,Cricket Bat,Sports,5,79.99,399.95,UPI
C4860,O14860,2025-07-06,Elizabeth Jackson,Iselin,Cricket Bat,Sports,4,79.99,319.96,UPI
C4861,O14861,2025-09-30,Taylor Perez,Newark,Notebook Pack,Stationery,4,3.99,15.96,Debit Card
C4862,O14862,2025-11-28,Donna Reynolds,Edison,USB Cable,Electronics,5,5.99,29.95,UPI
C4863,O14863,2025-08-07,Ashley Sanchez,Jersey City,Water Bottle,Sports,2,9.99,19.98,Debit Card
C4864,O14864,2026-03-09,Debbie Palmer,Newark,Wireless Mouse,Electronics,4,19.99,79.96,UPI
C4865,O14865,2026-04-18,William Finley MD,Newark,Wireless Mouse,Electronics,5,19.99,99.95,Credit Card
C4866,O14866,2026-01-13,Pamela Williams,Woodbridge,Smartwatch,Electronics,1,149.99,149.99,Cash
C4867,O14867,2026-05-02,Madison White,Newark,Coffee Maker,Home Appliances,3,79.99,239.97,Credit Card
C4868,O14868,2025-07-12,Mark Flowers,Newark,Wall Clock,Home Decor,3,19.99,59.97,UPI
C4869,O14869,2026-04-18,Karen Maldonado,Iselin,Wall Clock,Home Decor,3,19.99,59.97,Credit Card
C4870,O14870,2025-10-28,Jeremy Rhodes,Newark,USB Cable,Electronics,1,5.99,5.99,Cash
C4871,O14871,2026-01-16,Marie Perez,Iselin,Hair Dryer,Home Appliances,5,29.99,149.95,UPI
C4872,O14872,2026-05-13,Jenna Carr,Newark,USB Cable,Electronics,2,5.99,11.98,Credit Card
C4873,O14873,2025-08-04,Lisa Klein,Jersey City,Keyboard,Electronics,5,24.99,124.95,Credit Card
C4874,O14874,2025-12-25,Alyssa Gutierrez,Woodbridge,Desk Organizer,Stationery,5,7.99,39.95,Cash
C4875,O14875,2025-08-09,Shelly Brown,Jersey City,Wall Clock,Home Decor,1,19.99,19.99,Cash
C4876,O14876,2025-11-24,Daniel Zimmerman,Jersey City,Office Chair,Furniture,1,89.99,89.99,Cash
C4877,O14877,2026-04-28,Andrew Cole,Woodbridge,Perfume,Fashion,1,29.99,29.99,Debit Card
C4878,O14878,2025-11-16,Bradley Davis,Jersey City,Desk Organizer,Stationery,1,7.99,7.99,Cash
C4879,O14879,2025-09-28,Richard Hill,Woodbridge,Wall Clock,Home Decor,2,19.99,39.98,Debit Card
C4880,O14880,2025-11-13,Melissa Jenkins,Jersey City,Keyboard,Electronics,5,24.99,124.95,Credit Card
C4881,O14881,2025-07-12,Elizabeth Espinoza,Jersey City,Office Chair,Furniture,4,89.99,359.96,Debit Card
C4882,O14882,2025-10-31,Victoria Smith,Edison,USB Cable,Electronics,1,5.99,5.99,Debit Card
C4883,O14883,2026-05-06,Veronica Powers,Newark,Perfume,Fashion,5,29.99,149.95,Cash
C4884,O14884,2025-10-18,Jennifer Bradley,Edison,Wireless Earbuds,Electronics,5,49.99,249.95,UPI
C4885,O14885,2025-10-19,Todd Contreras,Jersey City,Office Chair,Furniture,5,89.99,449.95,Credit Card
C4886,O14886,2025-07-17,Zachary Cabrera,Woodbridge,Smartwatch,Electronics,5,149.99,749.95,Debit Card
C4887,O14887,2025-09-23,Ryan Elliott,Edison,Treadmill,Sports,4,399.99,1599.96,Debit Card
C4888,O14888,2026-03-28,Vanessa Rogers,Jersey City,Treadmill,Sports,5,399.99,1999.95,Cash
C4889,O14889,2026-02-08,James Dickerson,Jersey City,Backpack,Fashion,5,39.99,199.95,Debit Card
C4890,O14890,2025-08-28,Robert Farmer,Edison,Notebook Pack,Stationery,5,3.99,19.95,Debit Card
C4891,O14891,2025-08-10,Kim Greer,Edison,Keyboard,Electronics,5,24.99,124.95,Credit Card
C4892,O14892,2025-09-24,Natalie Davis,Woodbridge,Wireless Earbuds,Electronics,4,49.99,199.96,Credit Card
C4893,O14893,2026-01-21,James Stone,Newark,Treadmill,Sports,3,399.99,1199.97,Credit Card
C4894,O14894,2025-07-31,Yolanda Jarvis MD,Edison,Wireless Earbuds,Electronics,4,49.99,199.96,Credit Card
C4895,O14895,2025-08-11,Matthew Gardner,Edison,Wireless Earbuds,Electronics,2,49.99,99.98,Credit Card
C4896,O14896,2025-07-13,Jeffrey Campbell,Newark,Treadmill,Sports,4,399.99,1599.96,Credit Card
C4897,O14897,2026-01-20,Catherine Dean,Iselin,Notebook Pack,Stationery,5,3.99,19.95,Debit Card
C4898,O14898,2025-09-02,Joseph Atkins,Iselin,Office Chair,Furniture,3,89.99,269.97,UPI
C4899,O14899,2026-05-25,William Ferguson,Iselin,LED Monitor,Electronics,2,129.99,259.98,Cash
C4900,O14900,2025-09-25,Alyssa Smith,Edison,Office Chair,Furniture,4,89.99,359.96,UPI
C4901,O14901,2026-01-06,Michelle Anderson,Edison,Coffee Maker,Home Appliances,4,79.99,319.96,Credit Card
C4902,O14902,2025-09-03,Kimberly Marquez,Woodbridge,Notebook Pack,Stationery,2,3.99,7.98,Credit Card
C4903,O14903,2025-10-12,Patrick Davis,Iselin,Office Chair,Furniture,1,89.99,89.99,Cash
C4904,O14904,2025-06-28,William Decker,Iselin,Hair Dryer,Home Appliances,1,29.99,29.99,Credit Card
C4905,O14905,2025-12-14,Darius Deleon,Newark,Water Bottle,Sports,4,9.99,39.96,Credit Card
C4906,O14906,2026-06-05,Gregory Davis,Edison,Desk Organizer,Stationery,3,7.99,23.97,Cash
C4907,O14907,2025-06-26,Timothy Douglas,Newark,Table Lamp,Home Decor,3,14.99,44.97,Cash
C4908,O14908,2026-04-20,Bailey Lang,Edison,Notebook Pack,Stationery,4,3.99,15.96,Cash
C4909,O14909,2025-11-08,Jamie Gutierrez,Newark,Wireless Mouse,Electronics,5,19.99,99.95,Cash
C4910,O14910,2026-03-26,Matthew Beard,Newark,Desk Organizer,Stationery,1,7.99,7.99,UPI
C4911,O14911,2026-03-07,Charlene Williams,Newark,Perfume,Fashion,2,29.99,59.98,Debit Card
C4912,O14912,2025-09-28,Chelsea Wise,Jersey City,USB Cable,Electronics,5,5.99,29.95,Debit Card
C4913,O14913,2025-08-17,Tonya Crawford,Iselin,Wireless Earbuds,Electronics,1,49.99,49.99,Debit Card
C4914,O14914,2025-10-09,Miguel King,Iselin,Keyboard,Electronics,1,24.99,24.99,UPI
C4915,O14915,2026-02-23,Austin Miller,Jersey City,Smartwatch,Electronics,4,149.99,599.96,Credit Card
C4916,O14916,2025-12-29,Anthony Zimmerman,Newark,Wall Clock,Home Decor,3,19.99,59.97,Debit Card
C4917,O14917,2026-03-07,Stephanie Mccullough,Newark,Blender,Home Appliances,3,49.99,149.97,Cash
C4918,O14918,2025-07-12,Lisa Long,Newark,Smartwatch,Electronics,4,149.99,599.96,Cash
C4919,O14919,2026-05-07,Barry Cabrera,Woodbridge,Cricket Bat,Sports,1,79.99,79.99,Cash
C4920,O14920,2025-08-12,Hunter Gay,Jersey City,Wireless Mouse,Electronics,1,19.99,19.99,Debit Card
C4921,O14921,2025-09-23,Henry Hughes,Iselin,USB Cable,Electronics,4,5.99,23.96,Credit Card
C4922,O14922,2025-08-05,Dr. Justin Ruiz,Edison,USB Cable,Electronics,1,5.99,5.99,Debit Card
C4923,O14923,2025-07-06,Joshua Kennedy,Jersey City,Hair Dryer,Home Appliances,3,29.99,89.97,Cash
C4924,O14924,2025-12-19,Andrew Patterson,Iselin,LED Monitor,Electronics,4,129.99,519.96,Credit Card
C4925,O14925,2025-10-18,Daniel Case,Newark,Coffee Maker,Home Appliances,1,79.99,79.99,UPI
C4926,O14926,2026-06-06,Robert Brown,Newark,Keyboard,Electronics,2,24.99,49.98,Cash
C4927,O14927,2025-10-30,William Martin,Edison,Treadmill,Sports,2,399.99,799.98,Credit Card
C4928,O14928,2025-09-25,David Marshall MD,Jersey City,Table Lamp,Home Decor,2,14.99,29.98,Credit Card
C4929,O14929,2026-06-05,Gabrielle Rosario MD,Iselin,Keyboard,Electronics,2,24.99,49.98,Cash
C4930,O14930,2025-07-24,Christina Clark,Iselin,Smartwatch,Electronics,3,149.99,449.97,Debit Card
C4931,O14931,2025-07-22,Sarah Ashley,Jersey City,Treadmill,Sports,5,399.99,1999.95,UPI
C4932,O14932,2026-02-04,Charlotte Collins,Newark,Treadmill,Sports,4,399.99,1599.96,Cash
C4933,O14933,2026-05-06,Karen Mccormick,Edison,Wall Clock,Home Decor,1,19.99,19.99,Debit Card
C4934,O14934,2025-09-15,Todd Johnson,Newark,Desk Organizer,Stationery,5,7.99,39.95,Cash
C4935,O14935,2025-09-01,Susan Morris,Jersey City,Wall Clock,Home Decor,1,19.99,19.99,Credit Card
C4936,O14936,2025-11-11,Kevin Reynolds MD,Jersey City,Wall Clock,Home Decor,1,19.99,19.99,UPI
C4937,O14937,2025-11-08,Jeremy Smith,Iselin,Treadmill,Sports,4,399.99,1599.96,UPI
C4938,O14938,2026-02-11,Mark Arellano,Newark,Notebook Pack,Stationery,3,3.99,11.97,Cash
C4939,O14939,2026-03-08,Laurie Mcdaniel,Newark,Wireless Earbuds,Electronics,1,49.99,49.99,Cash
C4940,O14940,2026-01-15,Jeffrey Aguilar,Edison,Smartwatch,Electronics,2,149.99,299.98,Debit Card
C4941,O14941,2025-07-28,Eric Hess,Jersey City,Desk Organizer,Stationery,4,7.99,31.96,Cash
C4942,O14942,2025-12-01,Teresa Pennington,Woodbridge,Office Chair,Furniture,2,89.99,179.98,UPI
C4943,O14943,2026-03-23,Charles Decker,Edison,Running Shoes,Fashion,1,59.99,59.99,Credit Card
C4944,O14944,2026-01-19,Hailey Evans,Jersey City,Smartwatch,Electronics,3,149.99,449.97,Credit Card
C4945,O14945,2026-02-28,Cynthia Cook DVM,Edison,Perfume,Fashion,3,29.99,89.97,Credit Card
C4946,O14946,2026-05-26,Janet Sloan,Jersey City,Perfume,Fashion,3,29.99,89.97,Debit Card
C4947,O14947,2025-11-17,Katherine Lopez,Edison,Notebook Pack,Stationery,4,3.99,15.96,Credit Card
C4948,O14948,2025-12-07,Nicholas Stone,Iselin,Blender,Home Appliances,5,49.99,249.95,UPI
C4949,O14949,2025-09-03,Christopher Hill,Iselin,Perfume,Fashion,2,29.99,59.98,Debit Card
C4950,O14950,2025-06-17,Kristina Coleman,Newark,Office Chair,Furniture,1,89.99,89.99,UPI
C4951,O14951,2025-12-05,Elizabeth Stewart,Newark,Wall Clock,Home Decor,4,19.99,79.96,Debit Card
C4952,O14952,2025-06-18,Kimberly Wilson,Iselin,Smartwatch,Electronics,1,149.99,149.99,Credit Card
C4953,O14953,2025-10-18,Madison Park,Woodbridge,Keyboard,Electronics,5,24.99,124.95,Credit Card
C4954,O14954,2025-07-22,Edward Perez,Jersey City,Wireless Earbuds,Electronics,5,49.99,249.95,Credit Card
C4955,O14955,2026-01-20,Joann Torres,Iselin,Table Lamp,Home Decor,3,14.99,44.97,Cash
C4956,O14956,2025-06-15,Bradley Mendoza,Jersey City,USB Cable,Electronics,4,5.99,23.96,Cash
C4957,O14957,2026-05-04,Angela Pham,Edison,Table Lamp,Home Decor,1,14.99,14.99,UPI
C4958,O14958,2025-09-15,Sierra Webb,Woodbridge,USB Cable,Electronics,3,5.99,17.97,UPI
C4959,O14959,2025-08-25,Natalie Pearson,Edison,Desk Organizer,Stationery,2,7.99,15.98,Debit Card
C4960,O14960,2026-02-23,Courtney Banks,Newark,Treadmill,Sports,1,399.99,399.99,UPI
C4961,O14961,2025-12-26,Kevin Gardner,Edison,Blender,Home Appliances,2,49.99,99.98,UPI
C4962,O14962,2025-09-08,Alisha Proctor MD,Edison,USB Cable,Electronics,2,5.99,11.98,Debit Card
C4963,O14963,2025-11-13,Tiffany Brown,Newark,Keyboard,Electronics,2,24.99,49.98,UPI
C4964,O14964,2025-08-13,Daniel Chan,Edison,Blender,Home Appliances,3,49.99,149.97,Debit Card
C4965,O14965,2026-05-18,Susan Johnson,Newark,LED Monitor,Electronics,5,129.99,649.95,Credit Card
C4966,O14966,2026-02-24,Michaela Oliver,Jersey City,Running Shoes,Fashion,1,59.99,59.99,Credit Card
C4967,O14967,2025-07-02,Mark Robinson,Edison,Office Chair,Furniture,1,89.99,89.99,Credit Card
C4968,O14968,2025-10-12,Gabriella Sharp,Woodbridge,Wireless Earbuds,Electronics,3,49.99,149.97,Cash
C4969,O14969,2026-04-11,Theresa Martin,Jersey City,Smartwatch,Electronics,1,149.99,149.99,Debit Card
C4970,O14970,2026-02-04,Jimmy Kirby,Jersey City,Hair Dryer,Home Appliances,3,29.99,89.97,UPI
C4971,O14971,2025-07-03,Leah Riley,Iselin,Wireless Mouse,Electronics,1,19.99,19.99,Debit Card
C4972,O14972,2026-03-15,Elizabeth Davis,Edison,LED Monitor,Electronics,1,129.99,129.99,Credit Card
C4973,O14973,2025-10-28,Cassandra Craig,Newark,Wireless Mouse,Electronics,5,19.99,99.95,Debit Card
C4974,O14974,2025-09-15,James Powers,Jersey City,Blender,Home Appliances,1,49.99,49.99,Debit Card
C4975,O14975,2026-03-17,Paul Chan,Iselin,Desk Organizer,Stationery,3,7.99,23.97,Debit Card
C4976,O14976,2025-10-17,Sydney Harmon,Woodbridge,Office Chair,Furniture,2,89.99,179.98,Credit Card
C4977,O14977,2025-10-25,Timothy Palmer,Iselin,Wall Clock,Home Decor,5,19.99,99.95,Debit Card
C4978,O14978,2026-05-23,Mario Boone,Newark,Backpack,Fashion,1,39.99,39.99,Debit Card
C4979,O14979,2026-06-01,Katelyn Holder,Newark,USB Cable,Electronics,5,5.99,29.95,UPI
C4980,O14980,2026-04-18,Gavin Booth,Edison,Hair Dryer,Home Appliances,5,29.99,149.95,UPI
C4981,O14981,2026-02-27,William Johnson,Jersey City,Wall Clock,Home Decor,2,19.99,39.98,Cash
C4982,O14982,2025-11-01,Leslie Perez,Iselin,Cricket Bat,Sports,4,79.99,319.96,Cash
C4983,O14983,2025-07-25,Mary Jones,Newark,Wall Clock,Home Decor,5,19.99,99.95,Credit Card
C4984,O14984,2026-03-24,Donna Johnston,Newark,Cricket Bat,Sports,2,79.99,159.98,Debit Card
C4985,O14985,2025-09-02,Candice Howell,Newark,Perfume,Fashion,1,29.99,29.99,Debit Card
C4986,O14986,2026-03-25,Ashley Mccall,Woodbridge,Desk Organizer,Stationery,2,7.99,15.98,Debit Card
C4987,O14987,2026-01-21,Kenneth Fernandez,Iselin,LED Monitor,Electronics,4,129.99,519.96,UPI
C4988,O14988,2025-07-03,Brett Chang,Jersey City,Wall Clock,Home Decor,5,19.99,99.95,UPI
C4989,O14989,2025-07-18,Justin Walton,Jersey City,Cricket Bat,Sports,3,79.99,239.97,Credit Card
C4990,O14990,2026-01-08,Jerry Sharp,Newark,Water Bottle,Sports,2,9.99,19.98,Credit Card
C4991,O14991,2025-07-04,Tina Blake,Woodbridge,Blender,Home Appliances,2,49.99,99.98,Debit Card
C4992,O14992,2025-08-23,Sara Mcconnell,Jersey City,Hair Dryer,Home Appliances,1,29.99,29.99,Credit Card
C4993,O14993,2025-08-06,Karen Morgan,Newark,Notebook Pack,Stationery,3,3.99,11.97,Credit Card
C4994,O14994,2026-01-09,Jeremiah Marshall,Woodbridge,Treadmill,Sports,5,399.99,1999.95,Credit Card
C4995,O14995,2026-04-13,Heather Lucas,Jersey City,Treadmill,Sports,5,399.99,1999.95,UPI
C4996,O14996,2026-03-31,John Little,Edison,Table Lamp,Home Decor,5,14.99,74.95,Cash
C4997,O14997,2026-02-23,Connie Watkins,Jersey City,Smartwatch,Electronics,2,149.99,299.98,Cash
C4998,O14998,2025-07-09,Daniel Taylor,Newark,Wall Clock,Home Decor,2,19.99,39.98,UPI
C4999,O14999,2026-05-11,Joshua Huang,Newark,Table Lamp,Home Decor,4,14.99,59.96,Debit Card
C5000,O15000,2026-02-12,Elizabeth Garcia,Woodbridge,Keyboard,Electronics,4,24.99,99.96,UPI
